timestamp,open,high,low,close
2022-06-01T23:59:59.999Z,0.00018586383968,0.00018888786415,0.00016988222001,0.00018385376267
2022-06-02T23:59:59.999Z,0.00018384864011,0.00049966098322,0.0001718688519,0.00047963198272
2022-06-03T23:59:59.999Z,0.00047962140252,0.00074958524703,0.00034976486305,0.00058928022084
2022-06-04T23:59:59.999Z,0.00058928299524,0.00061520953101,0.00045165730534,0.00055659725999
2022-06-05T23:59:59.999Z,0.000556595393,0.00055960771514,0.00045468896414,0.00049941839062
2022-06-06T23:59:59.999Z,0.0004994129583,0.00049943094327,0.00024982947283,0.00039966458548
2022-06-07T23:59:59.999Z,0.00039965922848,0.0004497143775,0.00037968659027,0.00043972197004
2022-06-08T23:59:59.999Z,0.0004397227259,0.00054387022493,0.00037980618712,0.00049862175531
2022-06-09T23:59:59.999Z,0.0004986273694,0.0005596222493,0.00040967575242,0.0005583566284
2022-06-10T23:59:59.999Z,0.00055837779372,0.00055959287573,0.00047976163369,0.00051856421771
2022-06-11T23:59:59.999Z,0.00051856555314,0.00051859286867,0.00043459965123,0.0004833081789
2022-06-12T23:59:59.999Z,0.00048330314237,0.00048450869286,0.00040957499508,0.00043275132057
2022-06-13T23:59:59.999Z,0.00043274656582,0.00048183807714,0.00035954563766,0.00038657559922
2022-06-14T23:59:59.999Z,0.00038657862026,0.00041124599291,0.00029965927559,0.000312902291
2022-06-15T23:59:59.999Z,0.00031289623572,0.00042955993734,0.00031287909046,0.00038948731437
2022-06-16T23:59:59.999Z,0.000389479063,0.0004231917422,0.00035574367371,0.00037059315676
2022-06-17T23:59:59.999Z,0.00037060074158,0.00041950536041,0.00029966850305,0.00035612643897
2022-06-18T23:59:59.999Z,0.0003561200106,0.00038222779556,0.00026966187864,0.00032876106836
2022-06-19T23:59:59.999Z,0.00032875755172,0.00037945916874,0.00028405206742,0.00031676323273
2022-06-20T23:59:59.999Z,0.0003167562128,0.00037263442375,0.00027265867326,0.00037060314327
2022-06-21T23:59:59.999Z,0.00037060810275,0.00059939540426,0.00037060640016,0.0004395912916
2022-06-22T23:59:59.999Z,0.00043959101661,0.00043959945254,0.00032965549031,0.00035766611674
2022-06-23T23:59:59.999Z,0.00035766642617,0.00038968816934,0.00032476276286,0.00037229161357
2022-06-24T23:59:59.999Z,0.00037228379489,0.00038373534612,0.00032978536976,0.00038369088436
2022-06-25T23:59:59.999Z,0.00038369519922,0.00039980073877,0.00032489138496,0.00035193097489
2022-06-26T23:59:59.999Z,0.00035193198936,0.00036982900134,0.00032579738539,0.00036651905949
2022-06-27T23:59:59.999Z,0.00036654131637,0.00039969048462,0.000330774537,0.00035376857888
2022-06-28T23:59:59.999Z,0.00035377260616,0.00037414969311,0.00034856365804,0.00035631322255
2022-06-29T23:59:59.999Z,0.0003563176947,0.00041353488355,0.00035173656495,0.00041352819138
2022-06-30T23:59:59.999Z,0.00041352958777,0.00041360858438,0.00031207311559,0.00032228898364
2022-07-01T23:59:59.999Z,0.00032230224988,0.00036107231877,0.00028608956521,0.00033341187709
2022-07-02T23:59:59.999Z,0.00033340777749,0.00034121792218,0.00027971247155,0.00030696036243
2022-07-03T23:59:59.999Z,0.00030695818294,0.00033467210844,0.00025896537934,0.00029971346503
2022-07-04T23:59:59.999Z,0.00029971132313,0.00032244058868,0.00024979011229,0.00028204834744
2022-07-05T23:59:59.999Z,0.00028205104568,0.00032970475408,0.0002108284497,0.00026906538713
2022-07-06T23:59:59.999Z,0.00026906635125,0.00028274329269,0.00025747825179,0.00027973742753
2022-07-07T23:59:59.999Z,0.00027973500529,0.00027974740884,0.00023455539063,0.00027448791614
2022-07-08T23:59:59.999Z,0.00027447817591,0.00027986426789,0.00023824420868,0.00024784571682
2022-07-09T23:59:59.999Z,0.00024784674265,0.00026984867054,0.00022185190944,0.00023553124955
2022-07-10T23:59:59.999Z,0.00023553128842,0.00025875747472,0.00020747103347,0.00023975157304
2022-07-11T23:59:59.999Z,0.00023974962125,0.0002397782917,0.000199894694,0.00023970419263
2022-07-12T23:59:59.999Z,0.00023970414272,0.00028439172869,0.00021984669466,0.00024452921678
2022-07-13T23:59:59.999Z,0.000244529075,0.00025868042656,0.00022178736636,0.00023082771087
2022-07-14T23:59:59.999Z,0.00023083002696,0.00025871979996,0.00021898239738,0.00024364553031
2022-07-15T23:59:59.999Z,0.00024364003939,0.00025888956087,0.00019493470169,0.00024991646309
2022-07-16T23:59:59.999Z,0.00024991533576,0.00025995913748,0.00022005482448,0.0002332473358
2022-07-17T23:59:59.999Z,0.00023324839339,0.00024295795543,0.00022014807422,0.00024294530344
2022-07-18T23:59:59.999Z,0.00024294346665,0.0002430028652,0.00022644797759,0.00024292588435
2022-07-19T23:59:59.999Z,0.00024292776758,0.00024295916064,0.00021757204259,0.00021770001278
2022-07-20T23:59:59.999Z,0.00021770080498,0.00023650474004,0.00020150719883,0.0002084741743
2022-07-21T23:59:59.999Z,0.00020847105802,0.00026682591584,0.00020500987259,0.00020972681032
2022-07-22T23:59:59.999Z,0.00020972724334,0.00024002429812,0.00020501377907,0.00023489226008
2022-07-23T23:59:59.999Z,0.00023489223657,0.00024000851891,0.00021305182539,0.00022125788916
2022-07-24T23:59:59.999Z,0.00022125741311,0.00023998833504,0.00021200007225,0.0002387983957
2022-07-25T23:59:59.999Z,0.00023879895861,0.00024501368378,0.00021323374204,0.00023329452646
2022-07-26T23:59:59.999Z,0.00023329558143,0.00037691089303,0.00022504005497,0.00026667262807
2022-07-27T23:59:59.999Z,0.00026667283712,0.00035005631296,0.00023406540091,0.00028773878258
2022-07-28T23:59:59.999Z,0.00028774277231,0.00039608152231,0.00025304544126,0.00039605914492
2022-07-29T23:59:59.999Z,0.00039606132512,0.00054012927996,0.00034231686739,0.00052916452754
2022-07-30T23:59:59.999Z,0.00052916378445,0.00071018753641,0.00042509787167,0.0006801963419
2022-07-31T23:59:59.999Z,0.00068019024055,0.000900238109,0.00060016554541,0.00087027534875
2022-08-01T23:59:59.999Z,0.00087027055283,0.00150034308315,0.0004550924408,0.00077015679528
2022-08-02T23:59:59.999Z,0.00077016137272,0.00085015215824,0.00070009751109,0.00079689693567
2022-08-03T23:59:59.999Z,0.00079688808231,0.00082012379232,0.00056341533851,0.00070382333943
2022-08-04T23:59:59.999Z,0.00070382539838,0.00070385899108,0.00061013707623,0.00061415158299
2022-08-05T23:59:59.999Z,0.00061413893306,0.00070005225483,0.00060005640121,0.0006816585078
2022-08-06T23:59:59.999Z,0.00068165621731,0.00068167533632,0.00060007827366,0.00061007654294
2022-08-07T23:59:59.999Z,0.00061007832591,0.00064256217015,0.00051006536112,0.00059997665375
2022-08-08T23:59:59.999Z,0.00059998552348,0.00067310886199,0.00059905257822,0.00067310886199
2022-08-09T23:59:59.999Z,0.00067310350078,0.00074998940042,0.00063059051319,0.00068014216449
2022-08-10T23:59:59.999Z,0.0006801392469,0.00081043451078,0.00063015097359,0.00069090461691
2022-08-11T23:59:59.999Z,0.00069090347109,0.00078025043022,0.00065024524886,0.00076030838735
2022-08-12T23:59:59.999Z,0.00076030496114,0.00095032930098,0.00073132651389,0.00090030201595
2022-08-13T23:59:59.999Z,0.00090030772178,0.00120050499511,0.00090030772178,0.00113885750222
2022-08-14T23:59:59.999Z,0.00113884773916,0.00149042261509,0.00108526813244,0.00130633365408
2022-08-15T23:59:59.999Z,0.00130631937709,0.00146045304635,0.00121034954866,0.00138022964376
2022-08-16T23:59:59.999Z,0.00138022284552,0.00245038976454,0.00138019964117,0.00243011891953
2022-08-17T23:59:59.999Z,0.00243014396817,0.00342327296631,0.00210015371831,0.00342324021968
2022-08-18T23:59:59.999Z,0.00342323814751,0.00375031858147,0.00285014974696,0.00320330860354
2022-08-19T23:59:59.999Z,0.00320328351957,0.00351894061432,0.00190473481335,0.00192904117497
2022-08-20T23:59:59.999Z,0.00192902769207,0.00270491460087,0.00164219505346,0.00198456233372
2022-08-21T23:59:59.999Z,0.00198456327201,0.00257828458007,0.0019295133813,0.00241079044577
2022-08-22T23:59:59.999Z,0.00241080255126,0.00290996428092,0.00226171546019,0.00240839843624
2022-08-23T23:59:59.999Z,0.00240839588266,0.00331870228378,0.00240822637716,0.00289735922194
2022-08-24T23:59:59.999Z,0.00289735933842,0.00360031709492,0.00272552856287,0.00349785992036
2022-08-25T23:59:59.999Z,0.00349784263146,0.00349784263146,0.00296049288785,0.00306369214009
2022-08-26T23:59:59.999Z,0.00306368716409,0.00306481547961,0.0023961033891,0.00254148801957
2022-08-27T23:59:59.999Z,0.00254152238288,0.00284704341699,0.00229418231532,0.00265945615874
2022-08-28T23:59:59.999Z,0.00265944333337,0.00289869368987,0.00231943398214,0.00231947453681
2022-08-29T23:59:59.999Z,0.00231952758741,0.00279738167874,0.00230850246204,0.00258597610802
2022-08-30T23:59:59.999Z,0.00258599301355,0.00299572001738,0.00253116457047,0.0029142366886
2022-08-31T23:59:59.999Z,0.00291426422938,0.00291731162027,0.00262018161906,0.00269927452587
2022-09-01T23:59:59.999Z,0.00269926857543,0.00299792999165,0.00260004267165,0.00292741215415
2022-09-02T23:59:59.999Z,0.00292737063035,0.00295334245554,0.00240159434351,0.00269799854931
2022-09-03T23:59:59.999Z,0.00269799942945,0.00280899520036,0.00256282951545,0.00267495462902
2022-09-04T23:59:59.999Z,0.00267496004845,0.00281914612192,0.0025012355253,0.0027365444756
2022-09-05T23:59:59.999Z,0.00273654510883,0.00288643973199,0.00257931050563,0.00274178736119
2022-09-06T23:59:59.999Z,0.0027417567088,0.00287688330001,0.00262948770059,0.00284875909917
2022-09-07T23:59:59.999Z,0.00284864950051,0.00350039197191,0.00266479759835,0.00331510606092
2022-09-08T23:59:59.999Z,0.00331506820754,0.00442668076655,0.00309232089959,0.00420042933997
2022-09-09T23:59:59.999Z,0.00420040354557,0.00508312593083,0.00390133310469,0.00479173723204
2022-09-10T23:59:59.999Z,0.0047917348579,0.0048028291604,0.00416879846152,0.00467925470853
2022-09-11T23:59:59.999Z,0.00467924369036,0.00477239901198,0.00435249786512,0.00435568757204
2022-09-12T23:59:59.999Z,0.00435570777116,0.00446732862207,0.00392029344216,0.00393110708759
2022-09-13T23:59:59.999Z,0.00393093909251,0.00409034008343,0.00360179886801,0.0037019907057
2022-09-14T23:59:59.999Z,0.00391121515064,0.00429469422045,0.00340311773712,0.00397970383724
2022-09-15T23:59:59.999Z,0.00397969019718,0.00409626977706,0.00350699749985,0.00391251828107
2022-09-16T23:59:59.999Z,0.00391251409888,0.00438049848552,0.00339698388399,0.00434890122278
2022-09-17T23:59:59.999Z,0.00434890418194,0.0048878365807,0.00395425263743,0.00475186164001
2022-09-18T23:59:59.999Z,0.00475185502164,0.00498987074737,0.00445644093488,0.00466667529993
2022-09-19T23:59:59.999Z,0.00466660412319,0.00478378728285,0.00410232687836,0.00429046561535
2022-09-20T23:59:59.999Z,0.00429045528353,0.00478109163967,0.00420306804972,0.00438988702471
2022-09-21T23:59:59.999Z,0.00438986419439,0.00449442671824,0.00417811291555,0.00444719583855
2022-09-22T23:59:59.999Z,0.00444728455192,0.00460173755168,0.00420837709497,0.00447900285506
2022-09-23T23:59:59.999Z,0.00447904696386,0.0046174434994,0.00401146959263,0.00414934337734
2022-09-24T23:59:59.999Z,0.00414934347577,0.00427302839835,0.00370321187438,0.0040358119879
2022-09-25T23:59:59.999Z,0.00403582526226,0.00409498713316,0.00361176860186,0.00362011598066
2022-09-26T23:59:59.999Z,0.00362008770067,0.00475065126984,0.0036071018727,0.00471428406324
2022-09-27T23:59:59.999Z,0.00471425578276,0.00517573074721,0.00391045512176,0.00407730239641
2022-09-28T23:59:59.999Z,0.00407727584596,0.00407877526717,0.00356894105206,0.00377583512885
2022-09-29T23:59:59.999Z,0.0037759138751,0.0037759138751,0.0027134777058,0.00289028516288
2022-09-30T23:59:59.999Z,0.00289028130391,0.00327631134144,0.0027330267322,0.00314765919976
2022-10-01T23:59:59.999Z,0.00314769730732,0.00352386652558,0.00301826589003,0.00315236299682
2022-10-02T23:59:59.999Z,0.00315236988174,0.0032240606481,0.00284925995473,0.00287856031916
2022-10-03T23:59:59.999Z,0.00287855040164,0.00287890960742,0.00219729750589,0.00254686578939
2022-10-04T23:59:59.999Z,0.00254687295096,0.00254687295096,0.00214261688768,0.00227361686034
2022-10-05T23:59:59.999Z,0.00227360802365,0.00252911987803,0.00203587911339,0.00236582100474
2022-10-06T23:59:59.999Z,0.00236580673165,0.00249776651885,0.00220337753638,0.00232485877036
2022-10-07T23:59:59.999Z,0.00232482582221,0.00247411901487,0.00221845573204,0.0024418733335
2022-10-08T23:59:59.999Z,0.00244187914909,0.0025511923845,0.00238349783477,0.00251810904954
2022-10-09T23:59:59.999Z,0.00251809591551,0.00295449374039,0.00247605222831,0.0027918440092
2022-10-10T23:59:59.999Z,0.00279184787615,0.0028458475168,0.00237881107664,0.0026291141083
2022-10-11T23:59:59.999Z,0.00262908802716,0.00269311357497,0.00240846336797,0.00247629563403
2022-10-12T23:59:59.999Z,0.00247634549233,0.00250111253554,0.00218050854411,0.0021814413921
2022-10-13T23:59:59.999Z,0.00218141905651,0.00227405902204,0.00190714923778,0.00219051724042
2022-10-14T23:59:59.999Z,0.0021905278539,0.002423612656,0.00205005205954,0.00213359559237
2022-10-15T23:59:59.999Z,0.00213359357297,0.00238237616662,0.00201524370885,0.00212102290095
2022-10-16T23:59:59.999Z,0.0021210171316,0.00237468183142,0.0020738429239,0.00232584235814
2022-10-17T23:59:59.999Z,0.00232585163273,0.00232585407812,0.00201827989355,0.00210714799727
2022-10-18T23:59:59.999Z,0.00210714648427,0.00212911633513,0.0019540866368,0.00200390861732
2022-10-19T23:59:59.999Z,0.00200390710904,0.00202396492202,0.0017051352733,0.00181005562344
2022-10-20T23:59:59.999Z,0.00181006808077,0.00181971655914,0.00149063917437,0.00162941709393
2022-10-21T23:59:59.999Z,0.00162942535116,0.00183365543178,0.0013234670596,0.00172774341026
2022-10-22T23:59:59.999Z,0.00172774268043,0.00184630310274,0.00151158343241,0.00158776811717
2022-10-23T23:59:59.999Z,0.00158773030443,0.00180722423677,0.00151352643178,0.00172882500544
2022-10-24T23:59:59.999Z,0.00172881506316,0.00180551573145,0.00160494530573,0.00174500472515
2022-10-25T23:59:59.999Z,0.00174497671311,0.00184539941304,0.00161629528273,0.001783142606
2022-10-26T23:59:59.999Z,0.00178305154177,0.00209095951439,0.00173256638197,0.00193503478614
2022-10-27T23:59:59.999Z,0.00193509585086,0.00199570767927,0.00179631397363,0.00186237086104
2022-10-28T23:59:59.999Z,0.00186242565805,0.00193399792285,0.0017313522375,0.00187877325905
2022-10-29T23:59:59.999Z,0.00187876060341,0.00195068880723,0.0017725614972,0.0018281524446
2022-10-30T23:59:59.999Z,0.00182814207838,0.00193861046199,0.00179379371363,0.00185916505461
2022-10-31T23:59:59.999Z,0.00185913002424,0.00201184484054,0.00184562101987,0.00199057726278
2022-11-01T23:59:59.999Z,0.00199056978208,0.0028207711872,0.00192790559618,0.00279912663309
2022-11-02T23:59:59.999Z,0.00279903758498,0.0029354427814,0.00255149392308,0.00273124546585
2022-11-03T23:59:59.999Z,0.00273131233563,0.00336952998598,0.00258824987952,0.00317543890894
2022-11-04T23:59:59.999Z,0.00317539391861,0.004584682195,0.00311151464802,0.00409703756674
2022-11-05T23:59:59.999Z,0.00409691632675,0.00434792517902,0.00351646011291,0.00393227095175
2022-11-06T23:59:59.999Z,0.00393238652411,0.00432770246448,0.00391378954952,0.00420357780744
2022-11-07T23:59:59.999Z,0.00420352220037,0.00427348324664,0.00376378979064,0.00396581119831
2022-11-08T23:59:59.999Z,0.00396571231499,0.00419572251937,0.00358855439256,0.00396746133795
2022-11-09T23:59:59.999Z,0.00396760981548,0.00396760981548,0.00313615049525,0.00366145827096
2022-11-10T23:59:59.999Z,0.00366168858143,0.00434472641699,0.00358180954903,0.00425481605311
2022-11-11T23:59:59.999Z,0.00425481605311,0.00453007597381,0.0040598542881,0.00420747454829
2022-11-12T23:59:59.999Z,0.00420747454829,0.00434346395154,0.00398201935716,0.00404535493154
2022-11-13T23:59:59.999Z,0.00404023690141,0.00490137420537,0.00398383694525,0.00482097102827
2022-11-14T23:59:59.999Z,0.00481714007948,0.00677082094046,0.00466322435079,0.00652872734543
2022-11-15T23:59:59.999Z,0.00653113942617,0.00721062775078,0.00555522985777,0.00585294889819
2022-11-16T23:59:59.999Z,0.00586091782719,0.00657826146634,0.00574997818227,0.00640724262454
2022-11-17T23:59:59.999Z,0.00640583785446,0.00671897084689,0.00627453920798,0.00627797575983
2022-11-18T23:59:59.999Z,0.00627758787036,0.00652887521515,0.00603367955602,0.00614475703123
2022-11-19T23:59:59.999Z,0.00614554997742,0.00679391980552,0.00613932228762,0.00679391980552
2022-11-20T23:59:59.999Z,0.00679471463486,0.00871385805316,0.00674788698682,0.00779423472059
2022-11-21T23:59:59.999Z,0.00780743057133,0.00782198379332,0.00626303713914,0.00670287063037
2022-11-22T23:59:59.999Z,0.0067064673972,0.00787229580527,0.00636099365472,0.00740887286454
2022-11-23T23:59:59.999Z,0.00740985733404,0.00766977747601,0.00715389060122,0.00720984743452
2022-11-24T23:59:59.999Z,0.00720984743452,0.00799089762133,0.00713276986399,0.00785129643888
2022-11-25T23:59:59.999Z,0.00785228136882,0.00938344075631,0.00777267415526,0.00907949033556
2022-11-26T23:59:59.999Z,0.0090755863948,0.00928235514782,0.0087072781641,0.0089008286252
2022-11-27T23:59:59.999Z,0.00889719187642,0.00975462170883,0.00882143399558,0.00942301126064
2022-11-28T23:59:59.999Z,0.00942500169543,0.00969131891433,0.00809041437105,0.00892587312295
2022-11-29T23:59:59.999Z,0.00892724411019,0.00919377354866,0.00863635346955,0.00894420827542
2022-11-30T23:59:59.999Z,0.00893759669466,0.00898361946872,0.0086261304613,0.00869961708132
2022-12-01T23:59:59.999Z,0.00870164233656,0.00874723525013,0.00795666388275,0.00828928936677
2022-12-02T23:59:59.999Z,0.00828928936677,0.00829797157923,0.00719610690905,0.00720747918279
2022-12-03T23:59:59.999Z,0.00721045856086,0.00764062780088,0.00654135661078,0.00667196713901
2022-12-04T23:59:59.999Z,0.00668000852018,0.00748956908675,0.00668000852018,0.00724110309525
2022-12-05T23:59:59.999Z,0.00724656517619,0.00832429134349,0.00711349398151,0.0081624599803
2022-12-06T23:59:59.999Z,0.00815462697016,0.00831714973548,0.00739666209111,0.00763063201457
2022-12-07T23:59:59.999Z,0.00763279621415,0.0079711241323,0.0074153747588,0.00747270674373
2022-12-08T23:59:59.999Z,0.00747467800486,0.00757154298092,0.00708106732224,0.00732199463482
2022-12-09T23:59:59.999Z,0.00732240879759,0.00768627690976,0.00709528140113,0.00736260386166
2022-12-10T23:59:59.999Z,0.00735697462739,0.00762830984303,0.00723366362856,0.00726078204354
2022-12-11T23:59:59.999Z,0.0072605802316,0.00736158272131,0.00692397142468,0.00696521266202
2022-12-12T23:59:59.999Z,0.00696362772959,0.00713645702682,0.00666489693937,0.00691632839969
2022-12-13T23:59:59.999Z,0.00691333995258,0.00697172781867,0.00601132661158,0.00622682553871
2022-12-14T23:59:59.999Z,0.00622370274956,0.00676266160567,0.00602562944438,0.00612002871097
2022-12-15T23:59:59.999Z,0.00612107994193,0.00623363435926,0.00567477961888,0.00569176119379
2022-12-16T23:59:59.999Z,0.00569602628193,0.00582976750654,0.00512455354988,0.00520100491636
2022-12-17T23:59:59.999Z,0.00520100491636,0.0060749175657,0.00497365214516,0.00606915647284
2022-12-18T23:59:59.999Z,0.00606915647284,0.00632317295592,0.0056298402497,0.00566538172039
2022-12-19T23:59:59.999Z,0.00566973221463,0.00583831666963,0.0050733461468,0.0052749906991
2022-12-20T23:59:59.999Z,0.00527198610269,0.0053239871354,0.00493258970889,0.00514252199672
2022-12-21T23:59:59.999Z,0.00514133788402,0.00569056239993,0.00512194114072,0.00554949268758
2022-12-22T23:59:59.999Z,0.00555066804062,0.00577461040924,0.00541330867552,0.0057557673314
2022-12-23T23:59:59.999Z,0.00575260392414,0.00581988708965,0.00516993389313,0.00519355588812
2022-12-24T23:59:59.999Z,0.00519315991662,0.00532189502569,0.00514129582128,0.00522795209333
2022-12-25T23:59:59.999Z,0.00522491700942,0.00535447195449,0.00520325212248,0.00530162891532
2022-12-26T23:59:59.999Z,0.00530143597456,0.00536100140453,0.00501368455516,0.00511601496546
2022-12-27T23:59:59.999Z,0.00511440956905,0.00512254160514,0.00462065350787,0.00492660640456
2022-12-28T23:59:59.999Z,0.00492521688333,0.00494644277728,0.00460135225424,0.00469816739095
2022-12-29T23:59:59.999Z,0.00469701631035,0.00483917671093,0.00453141443818,0.00458936335358
2022-12-30T23:59:59.999Z,0.0045891673208,0.00505482031032,0.00425436691571,0.00480473139774
2022-12-31T23:59:59.999Z,0.00480719491627,0.00538625691286,0.00476221423599,0.0052799597811
2023-01-01T23:59:59.999Z,0.00527838869989,0.0053719113253,0.00514158453116,0.00518982053584
2023-01-02T23:59:59.999Z,0.00518982048651,0.00531065838301,0.00515750828948,0.00516316869652
2023-01-03T23:59:59.999Z,0.00516457022193,0.00519895363928,0.00483143760467,0.00497816219708
2023-01-04T23:59:59.999Z,0.00497816219708,0.00503156233272,0.00489249120069,0.00495432310045
2023-01-05T23:59:59.999Z,0.00495371659444,0.00501254048963,0.00450499015951,0.00456291146048
2023-01-06T23:59:59.999Z,0.00456588369194,0.00472733381045,0.00444986650668,0.00451263436548
2023-01-07T23:59:59.999Z,0.00451263436548,0.00454784346321,0.00432942991383,0.00439829559804
2023-01-08T23:59:59.999Z,0.00439749310273,0.00500059526126,0.00435298048334,0.00479429918348
2023-01-09T23:59:59.999Z,0.00479429918348,0.00503764562066,0.00467220978094,0.00487055326275
2023-01-10T23:59:59.999Z,0.00487194465281,0.0048925746894,0.00458101809089,0.00468298877858
2023-01-11T23:59:59.999Z,0.00468298887896,0.00500101775126,0.00459899179931,0.00499610794827
2023-01-12T23:59:59.999Z,0.00499610794827,0.00555903894686,0.00479951391869,0.00549506419297
2023-01-13T23:59:59.999Z,0.00550418523105,0.00636898843119,0.00548605438347,0.00596786566446
2023-01-14T23:59:59.999Z,0.00596885740006,0.00644274825054,0.00584885375936,0.00616905771437
2023-01-15T23:59:59.999Z,0.00616534404223,0.0061786708884,0.00555566012294,0.00607617877104
2023-01-16T23:59:59.999Z,0.00607318438437,0.0068622015545,0.00594484409928,0.00662047031496
2023-01-17T23:59:59.999Z,0.0066196819327,0.00669768064734,0.00632186966872,0.00645817476723
2023-01-18T23:59:59.999Z,0.00645817457147,0.00669427910119,0.00591297080361,0.00593940273354
2023-01-19T23:59:59.999Z,0.00593940273354,0.00628392002554,0.00589471268127,0.00619821836157
2023-01-20T23:59:59.999Z,0.00619921053017,0.00643307831574,0.00605736467576,0.00640886071102
2023-01-21T23:59:59.999Z,0.00640885994676,0.00647478525828,0.0061549267291,0.00615995701509
2023-01-22T23:59:59.999Z,0.00615855237552,0.00619662458477,0.00579190707856,0.00596329911965
2023-01-23T23:59:59.999Z,0.00596428663855,0.00643562426881,0.00581454846622,0.00643503685965
2023-01-24T23:59:59.999Z,0.00643542819931,0.00647837442837,0.00592622291559,0.00592642015949
2023-01-25T23:59:59.999Z,0.00592602591733,0.0062827576197,0.00591733850888,0.00625930795981
2023-01-26T23:59:59.999Z,0.00625930795981,0.00627984081548,0.00596937065069,0.00614446301843
2023-01-27T23:59:59.999Z,0.00614326339389,0.00620541367238,0.00596068400144,0.00607553655732
2023-01-28T23:59:59.999Z,0.00607613333987,0.00611632508386,0.00566841333672,0.00576850251514
2023-01-29T23:59:59.999Z,0.00576829823982,0.00599418145993,0.00567359910691,0.00591129130251
2023-01-30T23:59:59.999Z,0.00591069131681,0.00596647174629,0.00534459291852,0.0055975693273
2023-01-31T23:59:59.999Z,0.00559716300804,0.00573642085815,0.00539590887004,0.00542814197733
2023-02-01T23:59:59.999Z,0.00542978610908,0.00582226159171,0.00518310725175,0.00567946909461
2023-02-02T23:59:59.999Z,0.00567888837545,0.00602247567202,0.00562070409939,0.00583536016869
2023-02-03T23:59:59.999Z,0.00583516198699,0.00583595749102,0.0054818101687,0.00558466334403
2023-02-04T23:59:59.999Z,0.00558466334403,0.00584829185037,0.00548320875832,0.0057165492704
2023-02-05T23:59:59.999Z,0.0057165492704,0.00697337694884,0.00570606246961,0.00654462055305
2023-02-06T23:59:59.999Z,0.00654860624542,0.00743412996496,0.00625785335014,0.00717847538061
2023-02-07T23:59:59.999Z,0.0071776702009,0.00752990507614,0.00695429778104,0.0073981396387
2023-02-08T23:59:59.999Z,0.00739635999367,0.00756469771718,0.00699668514823,0.00716968908677
2023-02-09T23:59:59.999Z,0.00717149974504,0.00727721173675,0.00651582469433,0.00658835665267
2023-02-10T23:59:59.999Z,0.00658876664477,0.00676051888511,0.00626851448398,0.00667362710546
2023-02-11T23:59:59.999Z,0.00667303398505,0.00674541614726,0.00637493828107,0.00639511037314
2023-02-12T23:59:59.999Z,0.0063962987094,0.00670463978182,0.00638205043632,0.00659463969812
2023-02-13T23:59:59.999Z,0.00659342273914,0.0066019607362,0.00625837639061,0.00649582770391
2023-02-14T23:59:59.999Z,0.00650036643227,0.00680676776677,0.00638469855314,0.00649945537411
2023-02-15T23:59:59.999Z,0.00649945537411,0.00722723740971,0.00646665040672,0.00717239460177
2023-02-16T23:59:59.999Z,0.00717178583318,0.0073485131283,0.0068457777156,0.00688615583389
2023-02-17T23:59:59.999Z,0.00689513722793,0.00758323772154,0.00684189516081,0.00748544464978
2023-02-18T23:59:59.999Z,0.0074846533115,0.00793437298953,0.00741928466708,0.00773582153499
2023-02-19T23:59:59.999Z,0.00773642023464,0.0078355656403,0.00757709879278,0.00776672213399
2023-02-20T23:59:59.999Z,0.00776632801428,0.00784743144714,0.00758830033282,0.00765085174293
2023-02-21T23:59:59.999Z,0.00765006825065,0.00769745542706,0.00695933492921,0.00713613666025
2023-02-22T23:59:59.999Z,0.00713613686233,0.00744666448027,0.00681250445388,0.00704866601563
2023-02-23T23:59:59.999Z,0.00704866601563,0.0074671604131,0.006875955952,0.00725069778306
2023-02-24T23:59:59.999Z,0.00725089890894,0.00787106513674,0.00721181675291,0.00771638161005
2023-02-25T23:59:59.999Z,0.00771539228644,0.00844624232841,0.00767282543726,0.00837688098558
2023-02-26T23:59:59.999Z,0.00837688098558,0.00914536992667,0.00822441794718,0.00905984769896
2023-02-27T23:59:59.999Z,0.00905984769896,0.0115378874,0.00839992331916,0.0107285989
2023-02-28T23:59:59.999Z,0.0107276107,0.0128113988,0.0101875533,0.0111818532
2023-03-01T23:59:59.999Z,0.0111818532,0.0132178266,0.0111818532,0.0130715809
2023-03-02T23:59:59.999Z,0.0130723854,0.0148014905,0.0126638109,0.0142462716
2023-03-03T23:59:59.999Z,0.0142486427,0.0144527019,0.0112930081,0.012642816
2023-03-04T23:59:59.999Z,0.0126479396,0.0133183984,0.0116561217,0.0122256488
2023-03-05T23:59:59.999Z,0.0122209764,0.0125864191,0.0119900771,0.012448901
2023-03-06T23:59:59.999Z,0.0124514496,0.0142110312,0.0123687803,0.0140286461
2023-03-07T23:59:59.999Z,0.0140289804,0.0143996562,0.0125545491,0.0127962691
2023-03-08T23:59:59.999Z,0.0128045941,0.0130052153,0.0110413685,0.0116714811
2023-03-09T23:59:59.999Z,0.0116708026,0.011758971,0.00996540922881,0.0103631913
2023-03-10T23:59:59.999Z,0.0103539323,0.0119217867,0.00931955717248,0.0119191324
2023-03-11T23:59:59.999Z,0.0119253607,0.0127244717,0.0112279274,0.0121105606
2023-03-12T23:59:59.999Z,0.0121102466,0.0122918812,0.0113716071,0.0120332439
2023-03-13T23:59:59.999Z,0.0120328266,0.0132964273,0.012022947,0.0125758589
2023-03-14T23:59:59.999Z,0.0125769491,0.0143784492,0.0120959047,0.0139472049
2023-03-15T23:59:59.999Z,0.0139469066,0.0140567996,0.0125605976,0.0130651905
2023-03-16T23:59:59.999Z,0.0130675551,0.0135921489,0.0127900081,0.0134930963
2023-03-17T23:59:59.999Z,0.013491899,0.0143847108,0.013402889,0.0140602231
2023-03-18T23:59:59.999Z,0.0140648989,0.0143058443,0.0136458491,0.013980049
2023-03-19T23:59:59.999Z,0.0139797771,0.0169847173,0.0139551401,0.0164928807
2023-03-20T23:59:59.999Z,0.0164926526,0.0177617027,0.01578831,0.0170454017
2023-03-21T23:59:59.999Z,0.0170462697,0.0173536788,0.0157237741,0.0159489142
2023-03-22T23:59:59.999Z,0.0159496727,0.0164632787,0.0155300037,0.0159515242
2023-03-23T23:59:59.999Z,0.0159515071,0.0169155047,0.0158668352,0.0169139631
2023-03-24T23:59:59.999Z,0.0169150544,0.0173419456,0.0166316435,0.0167146552
2023-03-25T23:59:59.999Z,0.016714669,0.0170503446,0.0163438004,0.0167413851
2023-03-26T23:59:59.999Z,0.016730824,0.0186132839,0.0165926241,0.0182859584
2023-03-27T23:59:59.999Z,0.0182859173,0.0223237807,0.01825143,0.0223054624
2023-03-28T23:59:59.999Z,0.0223417513,0.0234532153,0.0212400395,0.0229573371
2023-03-29T23:59:59.999Z,0.0229545578,0.0373148753,0.0229379304,0.0278969438
2023-03-30T23:59:59.999Z,0.0278987359,0.0328204887,0.0276259419,0.0290814886
2023-03-31T23:59:59.999Z,0.0290834117,0.0333868783,0.0289322008,0.0326689506
2023-04-01T23:59:59.999Z,0.0326527827,0.0401867498,0.0321799966,0.0398320358
2023-04-02T23:59:59.999Z,0.0358302732,0.0423845698,0.0357906732,0.0387704702
2023-04-03T23:59:59.999Z,0.0387669948,0.0407101499,0.035723738,0.0366301593
2023-04-04T23:59:59.999Z,0.0366265624,0.0375377411,0.0320179154,0.0347418651
2023-04-05T23:59:59.999Z,0.034739873,0.0361637718,0.028345482,0.0304339706
2023-04-06T23:59:59.999Z,0.0304349863,0.0324130471,0.029682949,0.0315561389
2023-04-07T23:59:59.999Z,0.0315622473,0.0315622473,0.0288715494,0.0301774192
2023-04-08T23:59:59.999Z,0.030183451,0.030727191,0.0289425961,0.0292436381
2023-04-09T23:59:59.999Z,0.0292537842,0.0360328065,0.0290386389,0.0339679049
2023-04-10T23:59:59.999Z,0.0339905861,0.0366632243,0.032962834,0.0346938083
2023-04-11T23:59:59.999Z,0.0346975775,0.0363163121,0.0325665795,0.0331812665
2023-04-12T23:59:59.999Z,0.0331818102,0.0337514353,0.0321982817,0.0332103684
2023-04-13T23:59:59.999Z,0.0326464133,0.033225487,0.032013539,0.033072684
2023-04-14T23:59:59.999Z,0.0330875966,0.0358340366,0.0330256939,0.0352604098
2023-04-15T23:59:59.999Z,0.0352617596,0.0358499164,0.0329704805,0.0336921685
2023-04-16T23:59:59.999Z,0.0337007135,0.0339784933,0.0274060244,0.0274060244
2023-04-17T23:59:59.999Z,0.0273009022,0.0298517297,0.0261890648,0.0277777451
2023-04-18T23:59:59.999Z,0.0277872454,0.0289071028,0.0245591191,0.0255445041
2023-04-19T23:59:59.999Z,0.0255433248,0.0255433248,0.0221080534,0.0229938194
2023-04-20T23:59:59.999Z,0.0229738001,0.0275997896,0.0229738001,0.0256532521
2023-04-21T23:59:59.999Z,0.025652792,0.0273977416,0.024301041,0.0244112287
2023-04-22T23:59:59.999Z,0.0244136227,0.0253565657,0.0235051185,0.0240539923
2023-04-23T23:59:59.999Z,0.024054798,0.0248377794,0.0236534234,0.02400095
2023-04-24T23:59:59.999Z,0.0240025846,0.026181257,0.0239021939,0.0256831339
2023-04-25T23:59:59.999Z,0.0256769134,0.0275441223,0.0256769134,0.0265681864
2023-04-26T23:59:59.999Z,0.0265672973,0.0317223125,0.0261918913,0.0310260346
2023-04-27T23:59:59.999Z,0.0310339326,0.0316275143,0.0291508769,0.0313587062
2023-04-28T23:59:59.999Z,0.0313626479,0.0327034019,0.0300196439,0.0312885878
2023-04-29T23:59:59.999Z,0.0312869801,0.0314882033,0.0281939055,0.0288601897
2023-04-30T23:59:59.999Z,0.0288596094,0.029008874,0.0268996903,0.0283007061
2023-05-01T23:59:59.999Z,0.0282987132,0.0287211478,0.0255401957,0.0258241311
2023-05-02T23:59:59.999Z,0.0258257922,0.0274037056,0.0232884909,0.0261969135
2023-05-03T23:59:59.999Z,0.0261961776,0.0269284637,0.0249946417,0.0260643972
2023-05-04T23:59:59.999Z,0.0260638422,0.0296837548,0.0258045017,0.0275812293
2023-05-05T23:59:59.999Z,0.0275830702,0.0280518326,0.0251239593,0.0266056865
2023-05-06T23:59:59.999Z,0.0266038936,0.0292883453,0.0253790841,0.0262311093
2023-05-07T23:59:59.999Z,0.0262394314,0.0266695098,0.0248548516,0.0249944228
2023-05-08T23:59:59.999Z,0.0249914065,0.0250711887,0.0226104001,0.0228206869
2023-05-09T23:59:59.999Z,0.0228049181,0.0238189868,0.0218647189,0.0225155053
2023-05-10T23:59:59.999Z,0.0225211867,0.0239992383,0.022149338,0.0225847385
2023-05-11T23:59:59.999Z,0.0225812333,0.022680001,0.019133747,0.0205432216
2023-05-12T23:59:59.999Z,0.0205388886,0.0212167235,0.0188391032,0.0208872305
2023-05-13T23:59:59.999Z,0.0208893601,0.0214905361,0.0200382786,0.0203172175
2023-05-14T23:59:59.999Z,0.0203167858,0.0238825499,0.0201511622,0.0221917123
2023-05-15T23:59:59.999Z,0.0221895361,0.0227750463,0.0212332403,0.0220628233
2023-05-16T23:59:59.999Z,0.0220638453,0.0220689994,0.0199774835,0.0200956505
2023-05-17T23:59:59.999Z,0.0200976669,0.0203306629,0.0187505099,0.0197057758
2023-05-18T23:59:59.999Z,0.0197046274,0.0198095963,0.0175788646,0.0176121641
2023-05-19T23:59:59.999Z,0.0176188639,0.0180517302,0.0156669987,0.0176354052
2023-05-20T23:59:59.999Z,0.0176342424,0.0176426141,0.0160521225,0.0169691263
2023-05-21T23:59:59.999Z,0.0169667741,0.017296021,0.0162174094,0.0165909285
2023-05-22T23:59:59.999Z,0.0165903399,0.0166196732,0.0144594579,0.0145605782
2023-05-23T23:59:59.999Z,0.0145602349,0.0148154212,0.0122385903,0.0134436172
2023-05-24T23:59:59.999Z,0.0134453615,0.0168626478,0.0120401754,0.0163043532
2023-05-25T23:59:59.999Z,0.0163008104,0.0172795031,0.0143743508,0.016209386
2023-05-26T23:59:59.999Z,0.0162102668,0.0187456545,0.0154596473,0.0182512918
2023-05-27T23:59:59.999Z,0.0182569524,0.0196185577,0.0181724897,0.0187595479
2023-05-28T23:59:59.999Z,0.0187595443,0.0188574918,0.0172645114,0.0178150524
2023-05-29T23:59:59.999Z,0.0178259389,0.0184858189,0.0168857031,0.0171401475
2023-05-30T23:59:59.999Z,0.0171458734,0.0177126026,0.0155114592,0.016135741
2023-05-31T23:59:59.999Z,0.016135923,0.0161777987,0.0144994128,0.0157467795
2023-06-01T23:59:59.999Z,0.0157472536,0.0163049583,0.0148929194,0.0157074177
2023-06-02T23:59:59.999Z,0.0157074161,0.0163350939,0.015133108,0.0154883366
2023-06-03T23:59:59.999Z,0.0154895411,0.0166526046,0.0152912125,0.0164104914
2023-06-04T23:59:59.999Z,0.0164085583,0.0168407578,0.0159206151,0.0160661671
2023-06-05T23:59:59.999Z,0.016069839,0.0161011558,0.0144452237,0.0145298598
2023-06-06T23:59:59.999Z,0.0145338972,0.0154111504,0.0136007612,0.0150455133
2023-06-07T23:59:59.999Z,0.0150451683,0.0153407705,0.0145370177,0.0149866231
2023-06-08T23:59:59.999Z,0.0149856214,0.0154718762,0.0145589567,0.0153166423
2023-06-09T23:59:59.999Z,0.0153216554,0.016433011,0.0153216554,0.0158784352
2023-06-10T23:59:59.999Z,0.0158785109,0.015949927,0.0144700292,0.0155939416
2023-06-11T23:59:59.999Z,0.0155925462,0.0156294815,0.0150478023,0.0153506844
2023-06-12T23:59:59.999Z,0.0153495385,0.0165906123,0.0151608336,0.0164012864
2023-06-13T23:59:59.999Z,0.0163985864,0.0167893394,0.0160443007,0.0166753019
2023-06-14T23:59:59.999Z,0.0166753019,0.0183782153,0.0162577045,0.0183782153
2023-06-15T23:59:59.999Z,0.0184065493,0.0226279066,0.0178359699,0.0224286918
2023-06-16T23:59:59.999Z,0.0224224881,0.0224260969,0.0200197607,0.0204831662
2023-06-17T23:59:59.999Z,0.0204855843,0.0216195784,0.0201730244,0.0212377717
2023-06-18T23:59:59.999Z,0.021235742,0.0215074021,0.0200250699,0.0200520834
2023-06-19T23:59:59.999Z,0.0200521252,0.0215527518,0.0187292203,0.0215527518
2023-06-20T23:59:59.999Z,0.0215059586,0.0230032565,0.0208363205,0.0228900463
2023-06-21T23:59:59.999Z,0.0228980751,0.0243499958,0.0224771238,0.0237154849
2023-06-22T23:59:59.999Z,0.0237269201,0.0277501371,0.023240841,0.0267820269
2023-06-23T23:59:59.999Z,0.0267607791,0.0279167443,0.0261185692,0.0266738759
2023-06-24T23:59:59.999Z,0.0266770626,0.0269959674,0.0244744056,0.025163909
2023-06-25T23:59:59.999Z,0.025164318,0.0262011766,0.0247216359,0.0256239692
2023-06-26T23:59:59.999Z,0.0256237369,0.0260285164,0.0245768825,0.0248346377
2023-06-27T23:59:59.999Z,0.0248366399,0.0274460374,0.0239292434,0.0273964913
2023-06-28T23:59:59.999Z,0.0273946448,0.0274083486,0.0250890291,0.0252161791
2023-06-29T23:59:59.999Z,0.0252161954,0.0263953776,0.0251747455,0.0256946401
2023-06-30T23:59:59.999Z,0.0256946379,0.0268682977,0.0254036933,0.0260740944
2023-07-01T23:59:59.999Z,0.0260708588,0.0260708588,0.025181803,0.0253772622
2023-07-02T23:59:59.999Z,0.0253737718,0.0255047416,0.0244554858,0.0246984811
2023-07-03T23:59:59.999Z,0.0247003949,0.0247329156,0.0230569272,0.0242061664
2023-07-04T23:59:59.999Z,0.0242064166,0.0246159544,0.0232102527,0.0237106597
2023-07-05T23:59:59.999Z,0.0237150868,0.0237331869,0.0211581673,0.0223445522
2023-07-06T23:59:59.999Z,0.0223413432,0.0223413432,0.0201781071,0.0211496022
2023-07-07T23:59:59.999Z,0.0211497776,0.0235717855,0.0210793012,0.0231975355
2023-07-08T23:59:59.999Z,0.0232006267,0.0257632035,0.0228905752,0.0255387209
2023-07-09T23:59:59.999Z,0.0255628146,0.0257467144,0.0243761692,0.0251939841
2023-07-10T23:59:59.999Z,0.025193237,0.0252830581,0.0231783094,0.0239402435
2023-07-11T23:59:59.999Z,0.0239430861,0.0246786087,0.0237796276,0.0245049984
2023-07-12T23:59:59.999Z,0.024504663,0.0262453024,0.0240012208,0.0261312987
2023-07-13T23:59:59.999Z,0.0261328807,0.0274711974,0.0254684143,0.0273780134
2023-07-14T23:59:59.999Z,0.0273659342,0.0296465761,0.0269487498,0.0283056636
2023-07-15T23:59:59.999Z,0.0283029223,0.028553077,0.0273949993,0.0281223332
2023-07-16T23:59:59.999Z,0.0281198242,0.0327951923,0.028109126,0.0325118292
2023-07-17T23:59:59.999Z,0.032544513,0.0343777863,0.0312184268,0.0332405636
2023-07-18T23:59:59.999Z,0.0332321005,0.0347518914,0.0306500667,0.0342796476
2023-07-19T23:59:59.999Z,0.0342865644,0.0354040165,0.0329767927,0.0348899635
2023-07-20T23:59:59.999Z,0.0348884425,0.0354800568,0.0333620271,0.034178279
2023-07-21T23:59:59.999Z,0.0341848864,0.0347367481,0.0328098478,0.0346845078
2023-07-22T23:59:59.999Z,0.0346738499,0.0389138519,0.0339828973,0.0389018226
2023-07-23T23:59:59.999Z,0.0388465563,0.0410210782,0.0373171955,0.0402014724
2023-07-24T23:59:59.999Z,0.0402022191,0.0402022191,0.0356629145,0.0372267713
2023-07-25T23:59:59.999Z,0.0372377735,0.038071473,0.0328956751,0.0357716327
2023-07-26T23:59:59.999Z,0.0357866277,0.0395934913,0.0357318313,0.038301652
2023-07-27T23:59:59.999Z,0.038301848,0.0389417484,0.036515029,0.0370999381
2023-07-28T23:59:59.999Z,0.0371034295,0.0372509465,0.0349070751,0.0364379086
2023-07-29T23:59:59.999Z,0.0364352702,0.0370077867,0.0341553861,0.0357319952
2023-07-30T23:59:59.999Z,0.0357330947,0.037405702,0.0346310054,0.0371563671
2023-07-31T23:59:59.999Z,0.0371427024,0.0391466943,0.0371027005,0.0391214337
2023-08-01T23:59:59.999Z,0.0391067165,0.04073781,0.0373383844,0.0406851786
2023-08-02T23:59:59.999Z,0.0406499131,0.0471534574,0.0403346055,0.0466547307
2023-08-03T23:59:59.999Z,0.0466171326,0.0484439971,0.043696211,0.0452179233
2023-08-04T23:59:59.999Z,0.0452210212,0.0468610039,0.0445290228,0.046408343
2023-08-05T23:59:59.999Z,0.0464114207,0.0476752243,0.0451877302,0.0472541253
2023-08-06T23:59:59.999Z,0.0472596343,0.0514822619,0.0467219145,0.0502075858
2023-08-07T23:59:59.999Z,0.050193334,0.051230592,0.0461181156,0.0486107067
2023-08-08T23:59:59.999Z,0.0486012915,0.0490137036,0.0442653971,0.0465216379
2023-08-09T23:59:59.999Z,0.0465239831,0.0471461988,0.045417106,0.0465065532
2023-08-10T23:59:59.999Z,0.0464792036,0.0464813208,0.0424498662,0.042496432
2023-08-11T23:59:59.999Z,0.0424947511,0.0468573998,0.0412227544,0.0464943031
2023-08-12T23:59:59.999Z,0.0464849283,0.0465696396,0.0450509277,0.0455266884
2023-08-13T23:59:59.999Z,0.0455430016,0.0456595842,0.0423936454,0.0432319996
2023-08-14T23:59:59.999Z,0.0432277058,0.0437243435,0.0398090271,0.0412635673
2023-08-15T23:59:59.999Z,0.0412307377,0.0427110629,0.0380493305,0.0415447122
2023-08-16T23:59:59.999Z,0.0414877019,0.0421674172,0.03859608,0.03859608
2023-08-17T23:59:59.999Z,0.0386106752,0.0400452443,0.0362816963,0.0373374397
2023-08-18T23:59:59.999Z,0.0373366627,0.0396241274,0.0360657253,0.0396241274
2023-08-19T23:59:59.999Z,0.0396523826,0.0424064956,0.039543621,0.041523121
2023-08-20T23:59:59.999Z,0.0415219583,0.0423676902,0.0405966896,0.0418292896
2023-08-21T23:59:59.999Z,0.0418225334,0.0441529908,0.0412853028,0.0417172795
2023-08-22T23:59:59.999Z,0.041717251,0.0427395867,0.0390183174,0.0402777677
2023-08-23T23:59:59.999Z,0.040305632,0.0410441221,0.0383801969,0.0403761387
2023-08-24T23:59:59.999Z,0.0403738566,0.0405580543,0.0380680664,0.0385556899
2023-08-25T23:59:59.999Z,0.0385559139,0.0388708003,0.0367098709,0.0375631709
2023-08-26T23:59:59.999Z,0.0375392194,0.0377206422,0.0350050316,0.0356430692
2023-08-27T23:59:59.999Z,0.0356444086,0.037116997,0.0339600937,0.0360937031
2023-08-28T23:59:59.999Z,0.0360582003,0.0364914396,0.0341083023,0.0344829147
2023-08-29T23:59:59.999Z,0.0344758925,0.0367464326,0.0322432841,0.0354272858
2023-08-30T23:59:59.999Z,0.0354357693,0.0364713364,0.0337048224,0.0339957125
2023-08-31T23:59:59.999Z,0.0339966978,0.0351138901,0.0330527969,0.0337155738
2023-09-01T23:59:59.999Z,0.0337102097,0.0346330706,0.0332809802,0.0346298174
2023-09-02T23:59:59.999Z,0.0347039092,0.0357155541,0.0346217856,0.0354879286
2023-09-03T23:59:59.999Z,0.0354891032,0.0356385712,0.0345001257,0.0346453426
2023-09-04T23:59:59.999Z,0.0346412126,0.0346746042,0.0333330425,0.033482255
2023-09-05T23:59:59.999Z,0.0334825686,0.0347118152,0.0331320177,0.0345719504
2023-09-06T23:59:59.999Z,0.0345757112,0.040128411,0.0345757112,0.0383735057
2023-09-07T23:59:59.999Z,0.0383760879,0.0414739404,0.0382562967,0.0390957985
2023-09-08T23:59:59.999Z,0.0390994464,0.039455126,0.0373089178,0.0388302222
2023-09-09T23:59:59.999Z,0.0388244246,0.03952435,0.0383349073,0.0390341554
2023-09-10T23:59:59.999Z,0.0390341718,0.0406706946,0.038728511,0.0403062829
2023-09-11T23:59:59.999Z,0.0403030878,0.0405941185,0.0389206123,0.0395404735
2023-09-12T23:59:59.999Z,0.0395450275,0.0428562865,0.0395330739,0.04228005
2023-09-13T23:59:59.999Z,0.0422857227,0.0494696925,0.041818328,0.0493257692
2023-09-14T23:59:59.999Z,0.0493298744,0.0501874998,0.0465540117,0.047115565
2023-09-15T23:59:59.999Z,0.0471162845,0.0487204848,0.0470051283,0.0486381943
2023-09-16T23:59:59.999Z,0.0486346491,0.049951978,0.0475067223,0.0479674791
2023-09-17T23:59:59.999Z,0.0479821556,0.0481043239,0.0449719107,0.0457481673
2023-09-18T23:59:59.999Z,0.0457660389,0.0495462403,0.0457417359,0.0484943196
2023-09-19T23:59:59.999Z,0.0484983444,0.0516664542,0.0482255706,0.0516471235
2023-09-20T23:59:59.999Z,0.0516502489,0.053464218,0.0491995006,0.0492952028
2023-09-21T23:59:59.999Z,0.0492909134,0.0501095109,0.0457484628,0.0459357804
2023-09-22T23:59:59.999Z,0.0459308498,0.0471152684,0.0437001644,0.0461209794
2023-09-23T23:59:59.999Z,0.0461279361,0.0466753541,0.0447909398,0.0451273847
2023-09-24T23:59:59.999Z,0.0451278339,0.0479034896,0.0450302967,0.0471140958
2023-09-25T23:59:59.999Z,0.0471137594,0.048089543,0.0458133549,0.0468282356
2023-09-26T23:59:59.999Z,0.046827084,0.0471486584,0.0453102093,0.0468288396
2023-09-27T23:59:59.999Z,0.0468253302,0.0477218736,0.0462492784,0.0466212778
2023-09-28T23:59:59.999Z,0.0466291208,0.0472864252,0.0463579327,0.047205252
2023-09-29T23:59:59.999Z,0.0472056285,0.0483118304,0.0471160579,0.0476112421
2023-09-30T23:59:59.999Z,0.047610958,0.0489878563,0.0475839023,0.0486611337
2023-10-01T23:59:59.999Z,0.0486479023,0.051203218,0.0486048678,0.0511477972
2023-10-02T23:59:59.999Z,0.0511450742,0.051435688,0.0495489242,0.0499869883
2023-10-03T23:59:59.999Z,0.0499804308,0.051097411,0.0497056312,0.0506169156
2023-10-04T23:59:59.999Z,0.0506168112,0.0507269722,0.0491444172,0.0492391496
2023-10-05T23:59:59.999Z,0.0492430067,0.0493182105,0.0470894989,0.0482651114
2023-10-06T23:59:59.999Z,0.04826325,0.0505433491,0.0482375589,0.0502920108
2023-10-07T23:59:59.999Z,0.050285251,0.0510512322,0.0492912981,0.0494599697
2023-10-08T23:59:59.999Z,0.0494627457,0.0502179553,0.0482451547,0.0486867078
2023-10-09T23:59:59.999Z,0.0486869984,0.0487309521,0.0452942927,0.0458661888
2023-10-10T23:59:59.999Z,0.0458660173,0.0463985122,0.0419086235,0.0424098006
2023-10-11T23:59:59.999Z,0.0424114922,0.04419658,0.0415004064,0.0440301498
2023-10-12T23:59:59.999Z,0.0440331393,0.0450782568,0.0427952855,0.0437140458
2023-10-13T23:59:59.999Z,0.0437132003,0.0440475677,0.0422180979,0.0423582725
2023-10-14T23:59:59.999Z,0.0423599736,0.0432229602,0.0419535846,0.0424974563
2023-10-15T23:59:59.999Z,0.0424994573,0.0432110256,0.0423672826,0.0430174282
2023-10-16T23:59:59.999Z,0.043018799,0.0460757096,0.042906744,0.0448407273
2023-10-17T23:59:59.999Z,0.044840118,0.0479878687,0.0444368013,0.0474960904
2023-10-18T23:59:59.999Z,0.0475009958,0.0476262837,0.0456148718,0.0466056885
2023-10-19T23:59:59.999Z,0.0466056151,0.0468405062,0.0454069878,0.0459571425
2023-10-20T23:59:59.999Z,0.0459570192,0.0493196902,0.0458874358,0.0488109699
2023-10-21T23:59:59.999Z,0.0488124401,0.0509374303,0.0487559642,0.0499840924
2023-10-22T23:59:59.999Z,0.049986087,0.050605792,0.0488679677,0.0500552602
2023-10-23T23:59:59.999Z,0.0502225977,0.0514315525,0.0496664726,0.0511988726
2023-10-24T23:59:59.999Z,0.051189039,0.0527895528,0.0505462416,0.0515589369
2023-10-25T23:59:59.999Z,0.0515669776,0.051941801,0.0491946987,0.0494820192
2023-10-26T23:59:59.999Z,0.0495023131,0.050208364,0.0487578771,0.0495849216
2023-10-27T23:59:59.999Z,0.0495833094,0.0508172941,0.0492625442,0.0504973778
2023-10-28T23:59:59.999Z,0.0504953475,0.0510156798,0.0504346733,0.0507951423
2023-10-29T23:59:59.999Z,0.0507953543,0.0528221429,0.0507288068,0.0523390126
2023-10-30T23:59:59.999Z,0.0523401768,0.0527712799,0.0508522274,0.0514589478
2023-10-31T23:59:59.999Z,0.0514662168,0.0516649094,0.0495481438,0.0502744189
2023-11-01T23:59:59.999Z,0.0502686054,0.0520604679,0.0502520458,0.0520013306
2023-11-02T23:59:59.999Z,0.0520023818,0.0522245378,0.0507407306,0.051136231
2023-11-03T23:59:59.999Z,0.0511299088,0.0521087014,0.0506444579,0.0520628411
2023-11-04T23:59:59.999Z,0.0520673321,0.0601413536,0.0520673321,0.0594996142
2023-11-05T23:59:59.999Z,0.0594817344,0.0661279338,0.0575139496,0.0645035141
2023-11-06T23:59:59.999Z,0.0645022631,0.0682601926,0.0615351001,0.0644611479
2023-11-07T23:59:59.999Z,0.0644557426,0.0692893567,0.0638973707,0.0681355821
2023-11-08T23:59:59.999Z,0.0681302264,0.0788026426,0.0678047592,0.078011407
2023-11-09T23:59:59.999Z,0.0780083456,0.0932785412,0.0765328966,0.0922591396
2023-11-10T23:59:59.999Z,0.0922833743,0.0988059494,0.0886662524,0.0912969657
2023-11-11T23:59:59.999Z,0.0913621498,0.0924229313,0.0838743428,0.0885787718
2023-11-12T23:59:59.999Z,0.0885795289,0.0912710657,0.0862975105,0.0879267949
2023-11-13T23:59:59.999Z,0.087947688,0.0900513772,0.0784272742,0.081331989
2023-11-14T23:59:59.999Z,0.0812591414,0.0910346993,0.0803682272,0.0897192263
2023-11-15T23:59:59.999Z,0.0899572329,0.1183652496,0.0893084238,0.1170030028
2023-11-16T23:59:59.999Z,0.1169923602,0.1455434769,0.1119964547,0.126145331
2023-11-17T23:59:59.999Z,0.1261516323,0.1407330825,0.1130126386,0.1369497712
2023-11-18T23:59:59.999Z,0.1368980409,0.1456425084,0.1280461215,0.140017617
2023-11-19T23:59:59.999Z,0.1400264253,0.1540146514,0.1344128694,0.1448426858
2023-11-20T23:59:59.999Z,0.1447731764,0.1460718012,0.1294264905,0.1311505951
2023-11-21T23:59:59.999Z,0.131154162,0.1326546417,0.1161489778,0.1161489778
2023-11-22T23:59:59.999Z,0.1161215183,0.1353687707,0.1160662175,0.1284101369
2023-11-23T23:59:59.999Z,0.1283678236,0.1310917013,0.124275232,0.1263151253
2023-11-24T23:59:59.999Z,0.1263682248,0.1418004994,0.1262787598,0.1396037245
2023-11-25T23:59:59.999Z,0.1396055977,0.141633741,0.1342771785,0.1373648354
2023-11-26T23:59:59.999Z,0.1373737361,0.1386324847,0.1275594755,0.1302273089
2023-11-27T23:59:59.999Z,0.1302076659,0.1326400453,0.1231046548,0.1285738353
2023-11-28T23:59:59.999Z,0.1286268469,0.1352025902,0.1236880365,0.1324279961
2023-11-29T23:59:59.999Z,0.1324371351,0.1344633867,0.1274180044,0.1291295676
2023-11-30T23:59:59.999Z,0.1291314485,0.1309747258,0.12709869,0.1285380128
2023-12-01T23:59:59.999Z,0.1285412697,0.1409741197,0.1282581529,0.1377185001
2023-12-02T23:59:59.999Z,0.1379578255,0.1404466821,0.1357982209,0.137871884
2023-12-03T23:59:59.999Z,0.1378694799,0.1424664058,0.1377099234,0.1402875296
2023-12-04T23:59:59.999Z,0.1402647966,0.1498363082,0.139171251,0.145231641
2023-12-05T23:59:59.999Z,0.1452346223,0.1464041481,0.1392516912,0.1405475945
2023-12-06T23:59:59.999Z,0.1405381071,0.1422193422,0.1365875746,0.137887835
2023-12-07T23:59:59.999Z,0.1379421405,0.139455403,0.1269491998,0.1274535146
2023-12-08T23:59:59.999Z,0.1274923514,0.1354012142,0.1264394821,0.1312616235
2023-12-09T23:59:59.999Z,0.1312683456,0.1334647706,0.1268768529,0.1288815176
2023-12-10T23:59:59.999Z,0.1288691456,0.1314717264,0.1250565528,0.1297090276
2023-12-11T23:59:59.999Z,0.1297130728,0.1299434426,0.1161628271,0.1194404919
2023-12-12T23:59:59.999Z,0.1194520907,0.1263194356,0.1165223059,0.1194265886
2023-12-13T23:59:59.999Z,0.1194304301,0.1302871768,0.118242645,0.1267055564
2023-12-14T23:59:59.999Z,0.1267150309,0.1294701769,0.1250663682,0.1288806413
2023-12-15T23:59:59.999Z,0.1289257864,0.1290863449,0.1173127309,0.1178826911
2023-12-16T23:59:59.999Z,0.1178799435,0.1246022224,0.1171782014,0.1190307536
2023-12-17T23:59:59.999Z,0.1190313879,0.1199332024,0.1042706233,0.107142474
2023-12-18T23:59:59.999Z,0.1070795591,0.1087020505,0.0962907125,0.1087020505
2023-12-19T23:59:59.999Z,0.1087136352,0.1141599728,0.1059819777,0.1070412769
2023-12-20T23:59:59.999Z,0.1070424867,0.117259973,0.1056028916,0.113672296
2023-12-21T23:59:59.999Z,0.1136931392,0.1150343148,0.1099628269,0.1134655394
2023-12-22T23:59:59.999Z,0.1134669444,0.1158296926,0.107548,0.1106275056
2023-12-23T23:59:59.999Z,0.1106171157,0.1144017491,0.1067848728,0.1132440791
2023-12-24T23:59:59.999Z,0.1132498084,0.1132498084,0.1036429414,0.1050746172
2023-12-25T23:59:59.999Z,0.1050791901,0.1090646967,0.1039188372,0.1087748437
2023-12-26T23:59:59.999Z,0.1087745743,0.1123820538,0.1009677515,0.1048071598
2023-12-27T23:59:59.999Z,0.1048072676,0.1063019225,0.1025357951,0.1056565847
2023-12-28T23:59:59.999Z,0.1056676974,0.1133961435,0.1047404261,0.1117957929
2023-12-29T23:59:59.999Z,0.1118487002,0.128245753,0.1098171927,0.1196172936
2023-12-30T23:59:59.999Z,0.1196205441,0.1250971294,0.1133068805,0.1181500409
2023-12-31T23:59:59.999Z,0.1181231445,0.1191866181,0.1113910387,0.1122036818
2024-01-01T23:59:59.999Z,0.1124262059,0.1164124233,0.1105228268,0.1164124233
2024-01-02T23:59:59.999Z,0.1164184136,0.1216921967,0.1145223261,0.1171094218
2024-01-03T23:59:59.999Z,0.1171102669,0.1205655549,0.0998180406,0.1064361652
2024-01-04T23:59:59.999Z,0.1064429324,0.1175785902,0.1035159944,0.1168141566
2024-01-05T23:59:59.999Z,0.1167814613,0.1184220743,0.1074697204,0.1111980642
2024-01-06T23:59:59.999Z,0.1112070156,0.1112325286,0.1050793547,0.1082853044
2024-01-07T23:59:59.999Z,0.1083212707,0.1121251346,0.1058793999,0.1070492473
2024-01-08T23:59:59.999Z,0.1070513313,0.1152809493,0.0994900094,0.1141088136
2024-01-09T23:59:59.999Z,0.1140880399,0.1168401679,0.1084692168,0.1111082353
2024-01-10T23:59:59.999Z,0.1111025182,0.1230233861,0.1102109512,0.1198681318
2024-01-11T23:59:59.999Z,0.1199244452,0.1293070248,0.1147843884,0.1227598812
2024-01-12T23:59:59.999Z,0.1229062725,0.1252829247,0.1109836765,0.1155293486
2024-01-13T23:59:59.999Z,0.1155127859,0.1168162283,0.1125554646,0.1143201034
2024-01-14T23:59:59.999Z,0.1143254302,0.1175316386,0.1125440744,0.1126273111
2024-01-15T23:59:59.999Z,0.112532665,0.1143001422,0.1089792413,0.1101506117
2024-01-16T23:59:59.999Z,0.1100637679,0.1140035402,0.1096622081,0.1125508314
2024-01-17T23:59:59.999Z,0.1125002213,0.1128382728,0.1100717011,0.1119773526
2024-01-18T23:59:59.999Z,0.1119867515,0.1120515438,0.1016264147,0.1038799356
2024-01-19T23:59:59.999Z,0.1038799356,0.1064594258,0.0956638694,0.1061838044
2024-01-20T23:59:59.999Z,0.1061837719,0.1067348555,0.1014821061,0.1028733355
2024-01-21T23:59:59.999Z,0.1028735133,0.1049398189,0.1022513648,0.1023560249
2024-01-22T23:59:59.999Z,0.1023742844,0.1026833944,0.0976943209,0.097992418
2024-01-23T23:59:59.999Z,0.097992418,0.0997261026,0.0934125299,0.0978762161
2024-01-24T23:59:59.999Z,0.0978761001,0.1032130948,0.0965189419,0.1001306517
2024-01-25T23:59:59.999Z,0.1001304484,0.1003387449,0.096095826,0.0985450071
2024-01-26T23:59:59.999Z,0.0985833155,0.1053984382,0.097778595,0.1046361541
2024-01-27T23:59:59.999Z,0.104618497,0.106452043,0.1033548937,0.1064149047
2024-01-28T23:59:59.999Z,0.1064222688,0.1099446253,0.1034391714,0.1041668664
2024-01-29T23:59:59.999Z,0.1041869568,0.1080101762,0.1015188618,0.1074262937
2024-01-30T23:59:59.999Z,0.1074262937,0.1078690299,0.10331,0.1035302298
2024-01-31T23:59:59.999Z,0.1035737331,0.1038340098,0.0990850813,0.0991335456
2024-02-01T23:59:59.999Z,0.0991335456,0.1020043478,0.0974203319,0.1012147783
2024-02-02T23:59:59.999Z,0.1012553044,0.103070919,0.1005609399,0.1022726821
2024-02-03T23:59:59.999Z,0.1022834051,0.1028892959,0.1012577992,0.1018456109
2024-02-04T23:59:59.999Z,0.10183859,0.1023215817,0.1000810137,0.1007702762
2024-02-05T23:59:59.999Z,0.1008042836,0.1014852024,0.0991112184,0.0998420755
2024-02-06T23:59:59.999Z,0.099844529,0.1054730863,0.099222464,0.1044311865
2024-02-07T23:59:59.999Z,0.104432059,0.121079006,0.1031806013,0.1168669419
2024-02-08T23:59:59.999Z,0.1169860348,0.1295448692,0.1167734343,0.1251872766
2024-02-09T23:59:59.999Z,0.1252493577,0.1388162015,0.1250744255,0.1373989759
2024-02-10T23:59:59.999Z,0.1373908298,0.1419548865,0.1328995309,0.1389998075
2024-02-11T23:59:59.999Z,0.1390132236,0.1479463113,0.1352574699,0.1419167848
2024-02-12T23:59:59.999Z,0.1419275136,0.1469905388,0.1350943138,0.144460308
2024-02-13T23:59:59.999Z,0.1444570979,0.1452372711,0.1355630829,0.1376015063
2024-02-14T23:59:59.999Z,0.1376176767,0.1421712227,0.1362086301,0.1419262468
2024-02-15T23:59:59.999Z,0.1419057955,0.1444283753,0.1377409866,0.139484071
2024-02-16T23:59:59.999Z,0.1394609475,0.1480108102,0.1388467565,0.1480108102
2024-02-17T23:59:59.999Z,0.1480108102,0.1690047392,0.1480108102,0.1639703635
2024-02-18T23:59:59.999Z,0.163955295,0.1660272583,0.1590264144,0.1631197761
2024-02-19T23:59:59.999Z,0.1631316973,0.1837036329,0.1626439015,0.1836709845
2024-02-20T23:59:59.999Z,0.1836709845,0.1893980976,0.1682881609,0.1797822538
2024-02-21T23:59:59.999Z,0.1797822538,0.180184798,0.1646471222,0.1726327944
2024-02-22T23:59:59.999Z,0.172656936,0.1743036873,0.1667453527,0.1686872115
2024-02-23T23:59:59.999Z,0.1686364284,0.1706837108,0.1608022859,0.161583696
2024-02-24T23:59:59.999Z,0.1615943906,0.1709398716,0.1590254409,0.1696149227
2024-02-25T23:59:59.999Z,0.1696149227,0.1748955733,0.1692165371,0.1707503639
2024-02-26T23:59:59.999Z,0.1707491048,0.172394804,0.1605064291,0.1709454261
2024-02-27T23:59:59.999Z,0.1709454261,0.174580023,0.1666964457,0.1690513948
2024-02-28T23:59:59.999Z,0.1690551068,0.1854220296,0.1556284844,0.1751920862
2024-02-29T23:59:59.999Z,0.1751522844,0.1827605218,0.1694178901,0.1714157354
2024-03-01T23:59:59.999Z,0.1715637469,0.176124021,0.1702026402,0.1735435252
2024-03-02T23:59:59.999Z,0.173566177,0.1741897217,0.1667805768,0.1705575733
2024-03-03T23:59:59.999Z,0.1705618467,0.1705785335,0.1617119435,0.1669918285
2024-03-04T23:59:59.999Z,0.1670328243,0.1711791154,0.1561983017,0.1616373675
2024-03-05T23:59:59.999Z,0.1618749362,0.1679492111,0.1316895264,0.1526669381
2024-03-06T23:59:59.999Z,0.1527742819,0.1568406433,0.1457539421,0.1494435565
2024-03-07T23:59:59.999Z,0.1494435565,0.1645501244,0.147023978,0.1604698534
2024-03-08T23:59:59.999Z,0.1604593579,0.1631482654,0.1478949211,0.1502746237
2024-03-09T23:59:59.999Z,0.1502746237,0.1513287365,0.1424567755,0.1485141701
2024-03-10T23:59:59.999Z,0.1485145437,0.153231278,0.1443083541,0.1479649276
2024-03-11T23:59:59.999Z,0.1479666537,0.1589450852,0.144061795,0.1546880383
2024-03-12T23:59:59.999Z,0.1546880383,0.1590501043,0.1432836456,0.1495553438
2024-03-13T23:59:59.999Z,0.1495553438,0.1513518699,0.143892764,0.1478852172
2024-03-14T23:59:59.999Z,0.1478852172,0.1494949534,0.1396011589,0.146360625
2024-03-15T23:59:59.999Z,0.146360625,0.1472977817,0.1256711332,0.1399525757
2024-03-16T23:59:59.999Z,0.1399525757,0.1445832821,0.1267775218,0.1292593451
2024-03-17T23:59:59.999Z,0.1292593451,0.1430152515,0.1254023635,0.1391749213
2024-03-18T23:59:59.999Z,0.1391749213,0.1391889848,0.128100014,0.1318990083
2024-03-19T23:59:59.999Z,0.1318990083,0.1333410401,0.1161134492,0.1189301688
2024-03-20T23:59:59.999Z,0.1189301688,0.1348001378,0.1167416287,0.1335964088
2024-03-21T23:59:59.999Z,0.1335964088,0.1533410766,0.1326877133,0.1475062355
2024-03-22T23:59:59.999Z,0.1475062355,0.1576341565,0.1427602991,0.1461735243
2024-03-23T23:59:59.999Z,0.1461735243,0.1464821819,0.1384070249,0.1384893067
2024-03-24T23:59:59.999Z,0.1384893067,0.1487667052,0.1384192964,0.1481085862
2024-03-25T23:59:59.999Z,0.1481085862,0.1522044292,0.1450542784,0.145629298
2024-03-26T23:59:59.999Z,0.145629298,0.1497035541,0.1359239843,0.1364632388
2024-03-27T23:59:59.999Z,0.1364632388,0.1391277433,0.130449544,0.1328254859
2024-03-28T23:59:59.999Z,0.1328254859,0.1402544139,0.1319827687,0.1397366755
2024-03-29T23:59:59.999Z,0.1397366755,0.1414810824,0.1345465772,0.1375436225
2024-03-30T23:59:59.999Z,0.1375436225,0.1388989347,0.1316615062,0.1326846246
2024-03-31T23:59:59.999Z,0.1326846246,0.1396884917,0.132422233,0.1395115554
2024-04-01T23:59:59.999Z,0.1395111486,0.1425168918,0.1310977783,0.133873138
2024-04-02T23:59:59.999Z,0.133873138,0.1340532044,0.1226833642,0.1277566453
2024-04-03T23:59:59.999Z,0.1277566453,0.1322335317,0.1242652765,0.127456732
2024-04-04T23:59:59.999Z,0.127456732,0.1328697759,0.1252766905,0.130009763
2024-04-05T23:59:59.999Z,0.130009763,0.1346612488,0.1261111836,0.1301951695
2024-04-06T23:59:59.999Z,0.1301951695,0.1459931028,0.1295047486,0.1415531194
2024-04-07T23:59:59.999Z,0.1415531194,0.1424150198,0.1382419487,0.1403302288
2024-04-08T23:59:59.999Z,0.1403302288,0.1478877529,0.1370795142,0.1439250435
2024-04-09T23:59:59.999Z,0.1439250435,0.147914239,0.1347657447,0.1359107763
2024-04-10T23:59:59.999Z,0.1359107763,0.1441140665,0.1319064382,0.1423251037
2024-04-11T23:59:59.999Z,0.1423251037,0.1459096373,0.1400330749,0.1456881041
2024-04-12T23:59:59.999Z,0.1456881041,0.1486452547,0.1070873652,0.1288878064
2024-04-13T23:59:59.999Z,0.1288914633,0.1298975574,0.104190269,0.1184046167
2024-04-14T23:59:59.999Z,0.1184046167,0.1273722333,0.1117660502,0.1229883019
2024-04-15T23:59:59.999Z,0.1229883019,0.1342562425,0.1148145144,0.1207104654
2024-04-16T23:59:59.999Z,0.1207104654,0.1219604717,0.1103550944,0.1177937303
2024-04-17T23:59:59.999Z,0.1177936325,0.1224880277,0.1136599259,0.1186741104
2024-04-18T23:59:59.999Z,0.1186741104,0.1211869694,0.1137972758,0.1191712013
2024-04-19T23:59:59.999Z,0.1191712013,0.1191725659,0.1104748213,0.1134224186
2024-04-20T23:59:59.999Z,0.1134228311,0.1216030622,0.1120037535,0.1194359729
2024-04-21T23:59:59.999Z,0.1194359729,0.1218442642,0.1148581328,0.117045669
2024-04-22T23:59:59.999Z,0.117045669,0.1306461345,0.1156139665,0.12724103
2024-04-23T23:59:59.999Z,0.12724103,0.1327600382,0.1245080503,0.1293225687
2024-04-24T23:59:59.999Z,0.1293225687,0.1303046778,0.1212127277,0.1232696416
2024-04-25T23:59:59.999Z,0.1232711674,0.1244443421,0.1159010438,0.1189378158
2024-04-26T23:59:59.999Z,0.1189378158,0.1208637803,0.1170970111,0.1187893456
2024-04-27T23:59:59.999Z,0.1187893456,0.119043728,0.1084367536,0.1087917487
2024-04-28T23:59:59.999Z,0.1087917487,0.1235340824,0.1085845665,0.1165400841
2024-04-29T23:59:59.999Z,0.1165400841,0.1190175549,0.1100201691,0.1134838346
2024-04-30T23:59:59.999Z,0.1134855084,0.1148135508,0.1053718402,0.1100525805
2024-05-01T23:59:59.999Z,0.1100525805,0.1117356317,0.1013013158,0.109123804
2024-05-02T23:59:59.999Z,0.109123804,0.1091257729,0.1060274366,0.1071136029
2024-05-03T23:59:59.999Z,0.1071136029,0.1128388512,0.1037525015,0.1122630192
2024-05-04T23:59:59.999Z,0.1122622958,0.1144552261,0.1092701873,0.1108257114
2024-05-05T23:59:59.999Z,0.1108257114,0.1108631943,0.1070856374,0.1079687165
2024-05-06T23:59:59.999Z,0.1079685268,0.1132040159,0.1071640904,0.1102742188
2024-05-07T23:59:59.999Z,0.1102742188,0.1156293024,0.1096988793,0.1122484596
2024-05-08T23:59:59.999Z,0.1122484596,0.1243569461,0.1101982484,0.1183911226
2024-05-09T23:59:59.999Z,0.1183911226,0.12492431,0.1181631322,0.1240060166
2024-05-10T23:59:59.999Z,0.1240069925,0.1327805746,0.1203180014,0.1238304229
2024-05-11T23:59:59.999Z,0.1238304229,0.1287981523,0.1215898749,0.1218320492
2024-05-12T23:59:59.999Z,0.1218317974,0.1247038218,0.1199903565,0.1222753705
2024-05-13T23:59:59.999Z,0.1222753705,0.1231814399,0.113828185,0.1171081411
2024-05-14T23:59:59.999Z,0.1171081411,0.117120875,0.1123619921,0.112994968
2024-05-15T23:59:59.999Z,0.112994968,0.1232373014,0.1125138689,0.1221302669
2024-05-16T23:59:59.999Z,0.1221327023,0.1240636983,0.1180284197,0.120211683
2024-05-17T23:59:59.999Z,0.120211683,0.1247703878,0.1201547249,0.1220856067
2024-05-18T23:59:59.999Z,0.1220856067,0.1241172803,0.1212900648,0.1240310203
2024-05-19T23:59:59.999Z,0.1240312982,0.1245336908,0.1214397378,0.1220063221
2024-05-20T23:59:59.999Z,0.1220063221,0.1298938539,0.1210551354,0.1288671318
2024-05-21T23:59:59.999Z,0.1288633338,0.1353483403,0.1269005001,0.1334930634
2024-05-22T23:59:59.999Z,0.1334930634,0.1417369183,0.1305153294,0.1367996867
2024-05-23T23:59:59.999Z,0.1367996867,0.1424858339,0.130431582,0.134124362
2024-05-24T23:59:59.999Z,0.134124362,0.1347509979,0.1294425081,0.1322443837
2024-05-25T23:59:59.999Z,0.1322443837,0.1408110373,0.1309609748,0.1407796389
2024-05-26T23:59:59.999Z,0.1407796389,0.1418988561,0.1367586185,0.1389162097
2024-05-27T23:59:59.999Z,0.1389162097,0.1435955651,0.1368794252,0.1431041865
2024-05-28T23:59:59.999Z,0.1431041865,0.1439342147,0.1382697786,0.1393148751
2024-05-29T23:59:59.999Z,0.1393148751,0.1405505059,0.1368515066,0.1373345017
2024-05-30T23:59:59.999Z,0.1373345769,0.1409340393,0.1335177068,0.1387152917
2024-05-31T23:59:59.999Z,0.1387152917,0.1392422389,0.1351863442,0.1373397194
2024-06-01T23:59:59.999Z,0.1373397194,0.1384398336,0.1370290201,0.1376087194
2024-06-02T23:59:59.999Z,0.1376087194,0.1478898501,0.137446646,0.1473657597
2024-06-03T23:59:59.999Z,0.147366557,0.1762468752,0.1443420404,0.1690828907
2024-06-04T23:59:59.999Z,0.1690828907,0.180830842,0.1661104019,0.1803688318
2024-06-05T23:59:59.999Z,0.1803688318,0.1918603861,0.1750116659,0.1781519628
2024-06-06T23:59:59.999Z,0.1781519628,0.1836793144,0.1711451568,0.1722529929
2024-06-07T23:59:59.999Z,0.1722508881,0.178098318,0.1529510471,0.1629669261
2024-06-08T23:59:59.999Z,0.1629652028,0.1697040019,0.1559055405,0.1564825896
2024-06-09T23:59:59.999Z,0.1564427089,0.1692469349,0.1555019483,0.1688215163
2024-06-10T23:59:59.999Z,0.1688373452,0.1698150986,0.1603688034,0.1621791229
2024-06-11T23:59:59.999Z,0.1621737751,0.1657773354,0.1552696765,0.163930764
2024-06-12T23:59:59.999Z,0.1639341872,0.1803056344,0.1608402471,0.1704998476
2024-06-13T23:59:59.999Z,0.1704897682,0.1738631443,0.1626070372,0.1659633576
2024-06-14T23:59:59.999Z,0.1660064894,0.1693152201,0.1587649243,0.1628928131
2024-06-15T23:59:59.999Z,0.1628898236,0.1666002606,0.1505468489,0.1532076331
2024-06-16T23:59:59.999Z,0.1532295483,0.1608003117,0.150432775,0.1596830916
2024-06-17T23:59:59.999Z,0.1596690728,0.1617127116,0.149871813,0.1527326204
2024-06-18T23:59:59.999Z,0.1527306999,0.152806946,0.1351725283,0.143559587
2024-06-19T23:59:59.999Z,0.1435408512,0.1490310493,0.1411476949,0.1439415561
2024-06-20T23:59:59.999Z,0.1439415561,0.1508300554,0.1417225767,0.1462174557
2024-06-21T23:59:59.999Z,0.146272609,0.1469715075,0.1421308091,0.1453509815
2024-06-22T23:59:59.999Z,0.1453264537,0.1539227403,0.1441708431,0.1530505992
2024-06-23T23:59:59.999Z,0.1530357462,0.1589306054,0.1510985328,0.1518441351
2024-06-24T23:59:59.999Z,0.1518166054,0.1559554018,0.1445464859,0.1542086221
2024-06-25T23:59:59.999Z,0.1542473578,0.1621434914,0.1529312992,0.1618588721
2024-06-26T23:59:59.999Z,0.1618343859,0.1776429372,0.1587515287,0.1762064486
2024-06-27T23:59:59.999Z,0.1761939331,0.1826111554,0.1717464079,0.1816653657
2024-06-28T23:59:59.999Z,0.1817042023,0.1844869151,0.1768490486,0.1784649831
2024-06-29T23:59:59.999Z,0.1784995837,0.1929652607,0.1765412033,0.1910517278
2024-06-30T23:59:59.999Z,0.191111384,0.1976112894,0.1767144092,0.1904728712
2024-07-01T23:59:59.999Z,0.1904972532,0.1941964672,0.1778086888,0.1793163101
2024-07-02T23:59:59.999Z,0.1793312665,0.1864651448,0.1759307449,0.1772475812
2024-07-03T23:59:59.999Z,0.1772825722,0.1783690422,0.1685975271,0.1736776943
2024-07-04T23:59:59.999Z,0.173598771,0.1749870079,0.159826647,0.1663548426
2024-07-05T23:59:59.999Z,0.1663704114,0.1667890394,0.1466240533,0.1625553491
2024-07-06T23:59:59.999Z,0.1625448403,0.1750489615,0.1598361973,0.1688980369
2024-07-07T23:59:59.999Z,0.1688540233,0.1707326691,0.1589248959,0.1593051126
2024-07-08T23:59:59.999Z,0.1592654628,0.1679439086,0.1542489802,0.1669753441
2024-07-09T23:59:59.999Z,0.1670007667,0.1729403209,0.1648580819,0.1705941437
2024-07-10T23:59:59.999Z,0.1706076475,0.1735843133,0.1669835715,0.1698539862
2024-07-11T23:59:59.999Z,0.1698786057,0.1718078375,0.165983681,0.1662923503
2024-07-12T23:59:59.999Z,0.166292262,0.1687627166,0.1621921553,0.1687243466
2024-07-13T23:59:59.999Z,0.1687186631,0.1691029321,0.1662569662,0.1676362375
2024-07-14T23:59:59.999Z,0.1676415489,0.1729407421,0.1672301796,0.171053879
2024-07-15T23:59:59.999Z,0.1710643753,0.1826397628,0.1706844676,0.1826397628
2024-07-16T23:59:59.999Z,0.1826354291,0.1832221767,0.1744214219,0.1801479616
2024-07-17T23:59:59.999Z,0.1801477456,0.18136037,0.1747279424,0.1764244756
2024-07-18T23:59:59.999Z,0.1764428294,0.1801504635,0.1754864461,0.1783043732
2024-07-19T23:59:59.999Z,0.1783151303,0.1830173852,0.1763170037,0.1810529304
2024-07-20T23:59:59.999Z,0.1810529304,0.1825456071,0.1783254966,0.1811399786
2024-07-21T23:59:59.999Z,0.1811399786,0.1837888534,0.1742985106,0.1796058168
2024-07-22T23:59:59.999Z,0.1796058168,0.1800268395,0.1726164359,0.1755545506
2024-07-23T23:59:59.999Z,0.1755545506,0.1795970793,0.171410193,0.1790976217
2024-07-24T23:59:59.999Z,0.1790930057,0.1802360546,0.1759826504,0.1778290701
2024-07-25T23:59:59.999Z,0.1778290701,0.1781342073,0.1735052057,0.1763129558
2024-07-26T23:59:59.999Z,0.1763129558,0.1816495133,0.1758719139,0.1816406305
2024-07-27T23:59:59.999Z,0.1816406305,0.1954462983,0.1807240462,0.1890194316
2024-07-28T23:59:59.999Z,0.1890194316,0.1892529757,0.1838327034,0.1881133706
2024-07-29T23:59:59.999Z,0.1881133706,0.1951254471,0.1859138014,0.1936598637
2024-07-30T23:59:59.999Z,0.1936598637,0.1979676889,0.1895730488,0.1960769135
2024-07-31T23:59:59.999Z,0.1960769135,0.2074016309,0.1952678325,0.205589928
2024-08-01T23:59:59.999Z,0.205589928,0.2075479462,0.1935520872,0.2021253536
2024-08-02T23:59:59.999Z,0.2021253536,0.2034206046,0.1835515565,0.1863223171
2024-08-03T23:59:59.999Z,0.1863223171,0.1907140847,0.1711549162,0.1788130613
2024-08-04T23:59:59.999Z,0.1788130613,0.1836560786,0.1654214719,0.167384291
2024-08-05T23:59:59.999Z,0.167384291,0.168207413,0.1258849113,0.1547193788
2024-08-06T23:59:59.999Z,0.1547322577,0.1727948722,0.1539585378,0.1606109434
2024-08-07T23:59:59.999Z,0.1606109434,0.1669123774,0.148384438,0.1523910521
2024-08-08T23:59:59.999Z,0.1523910521,0.1719977656,0.1507590256,0.1707397695
2024-08-09T23:59:59.999Z,0.1707397695,0.1708260196,0.1624894694,0.1678707747
2024-08-10T23:59:59.999Z,0.1678707747,0.1695424923,0.1651836085,0.1665384458
2024-08-11T23:59:59.999Z,0.1665384458,0.1699784448,0.1546970806,0.1590564992
2024-08-12T23:59:59.999Z,0.1590564992,0.1630121519,0.1559713047,0.1620998361
2024-08-13T23:59:59.999Z,0.1620998361,0.1707361178,0.1600892332,0.1694206733
2024-08-14T23:59:59.999Z,0.1694206733,0.1731767408,0.1651956223,0.1664626178
2024-08-15T23:59:59.999Z,0.1664626178,0.1688855731,0.1628151799,0.1653115334
2024-08-16T23:59:59.999Z,0.1653115334,0.1689210547,0.1628140678,0.1676064445
2024-08-17T23:59:59.999Z,0.1676064445,0.1687735707,0.164222581,0.1649712234
2024-08-18T23:59:59.999Z,0.1649712234,0.1671229206,0.1621591423,0.1621591423
2024-08-19T23:59:59.999Z,0.1621591423,0.1670358824,0.1557524548,0.1670358824
2024-08-20T23:59:59.999Z,0.1670358824,0.1670420873,0.1594520093,0.1610121539
2024-08-21T23:59:59.999Z,0.1610121539,0.163979685,0.1578813153,0.1595664223
2024-08-22T23:59:59.999Z,0.1595664223,0.1619250469,0.1574529175,0.1596703244
2024-08-23T23:59:59.999Z,0.1596703244,0.1698135009,0.159548651,0.1672443768
2024-08-24T23:59:59.999Z,0.1672443768,0.1781229499,0.1661654427,0.1734063598
2024-08-25T23:59:59.999Z,0.1734063598,0.1738205754,0.1673193753,0.1704190431
2024-08-26T23:59:59.999Z,0.1704190431,0.1714297908,0.1670952403,0.1676711817
2024-08-27T23:59:59.999Z,0.1676711817,0.1698357244,0.1574807972,0.1615398932
2024-08-28T23:59:59.999Z,0.1615398932,0.1633999274,0.1582824236,0.1627775584
2024-08-29T23:59:59.999Z,0.1627775584,0.1684142782,0.1621653312,0.1654698565
2024-08-30T23:59:59.999Z,0.1654698565,0.1688447288,0.1619672244,0.1660024825
2024-08-31T23:59:59.999Z,0.1660024825,0.1679254272,0.1630358248,0.1632747349
2024-09-01T23:59:59.999Z,0.1632747349,0.1640553727,0.1581073262,0.1581992797
2024-09-02T23:59:59.999Z,0.1581992797,0.1619851836,0.1575503561,0.1616145835
2024-09-03T23:59:59.999Z,0.1616145835,0.1621932593,0.1552140364,0.1552140364
2024-09-04T23:59:59.999Z,0.1552140364,0.1564729701,0.1486753533,0.1555298778
2024-09-05T23:59:59.999Z,0.1555298778,0.156167055,0.1453530941,0.146619764
2024-09-06T23:59:59.999Z,0.146619764,0.1491524565,0.1406644291,0.1453220072
2024-09-07T23:59:59.999Z,0.1453220072,0.1523976778,0.1453220072,0.1477152206
2024-09-08T23:59:59.999Z,0.1477152206,0.1519878234,0.1463833159,0.1504309427
2024-09-09T23:59:59.999Z,0.1504309427,0.1617089284,0.1492931726,0.1599918998
2024-09-10T23:59:59.999Z,0.1599918998,0.1663955369,0.1580857061,0.16575269
2024-09-11T23:59:59.999Z,0.1657521546,0.1679321664,0.1605259491,0.1669875267
2024-09-12T23:59:59.999Z,0.1669875267,0.1702266427,0.1661710477,0.1671081327
2024-09-13T23:59:59.999Z,0.1671081327,0.1716348586,0.1632720744,0.1714167264
2024-09-14T23:59:59.999Z,0.1714167264,0.1777587283,0.1695692312,0.1773846188
2024-09-15T23:59:59.999Z,0.1773846188,0.1800377496,0.1687279504,0.1703514908
2024-09-16T23:59:59.999Z,0.1703514908,0.173130934,0.1642846203,0.1673555932
2024-09-17T23:59:59.999Z,0.1673554482,0.1750009719,0.1660168223,0.1708691769
2024-09-18T23:59:59.999Z,0.1708691769,0.1736285615,0.1665000772,0.1734563035
2024-09-19T23:59:59.999Z,0.1734563035,0.177124333,0.1702636954,0.1707953464
2024-09-20T23:59:59.999Z,0.1707953464,0.1724750145,0.167139594,0.169956207
2024-09-21T23:59:59.999Z,0.169956207,0.1711690458,0.1683447112,0.1708685014
2024-09-22T23:59:59.999Z,0.1708685014,0.1710985291,0.1614707871,0.1646141852
2024-09-23T23:59:59.999Z,0.1646141852,0.1675969805,0.1634389346,0.1642123299
2024-09-24T23:59:59.999Z,0.1642123299,0.1651827352,0.1594888367,0.1648690865
2024-09-25T23:59:59.999Z,0.1648690865,0.1678226705,0.1602378197,0.1613821378
2024-09-26T23:59:59.999Z,0.1613821378,0.1658238258,0.1602025496,0.1639698586
2024-09-27T23:59:59.999Z,0.1639698586,0.1751634758,0.1639689329,0.1716640221
2024-09-28T23:59:59.999Z,0.1716640221,0.1734273829,0.1659306986,0.1670304769
2024-09-29T23:59:59.999Z,0.1670304769,0.1670526696,0.1620013147,0.1630744765
2024-09-30T23:59:59.999Z,0.1630744765,0.1639540588,0.1576734998,0.1588080053
2024-10-01T23:59:59.999Z,0.1588080053,0.1622088829,0.1431649409,0.149102984
2024-10-02T23:59:59.999Z,0.149102984,0.1534068402,0.1423104392,0.1433921452
2024-10-03T23:59:59.999Z,0.1433915048,0.1469283428,0.1416802065,0.1465502122
2024-10-04T23:59:59.999Z,0.1465502122,0.1507692654,0.1459826,0.1483051767
2024-10-05T23:59:59.999Z,0.1483051767,0.1506981852,0.1456334662,0.14787125
2024-10-06T23:59:59.999Z,0.14787125,0.1490258195,0.1424397381,0.1427132681
2024-10-07T23:59:59.999Z,0.1427132681,0.1474219935,0.1360920487,0.1362494669
2024-10-08T23:59:59.999Z,0.1362494669,0.1436689087,0.1315616384,0.1401590453
2024-10-09T23:59:59.999Z,0.1401590453,0.1409672026,0.1306122331,0.1327607039
2024-10-10T23:59:59.999Z,0.1327606041,0.1347613703,0.1268234159,0.1324206235
2024-10-11T23:59:59.999Z,0.1324206235,0.1390515749,0.1299548746,0.1371550319
2024-10-12T23:59:59.999Z,0.1371550319,0.1416428116,0.1321102336,0.1326795802
2024-10-13T23:59:59.999Z,0.1326795802,0.1350871874,0.1297028051,0.1328514575
2024-10-14T23:59:59.999Z,0.1328514575,0.1406493018,0.1315729758,0.1377962889
2024-10-15T23:59:59.999Z,0.1377962889,0.1382381839,0.1321768873,0.1346818568
2024-10-16T23:59:59.999Z,0.1346818568,0.1347452125,0.1302567944,0.1310548103
2024-10-17T23:59:59.999Z,0.1310548103,0.131660966,0.1208934053,0.1258713364
2024-10-18T23:59:59.999Z,0.1258713364,0.132538548,0.1250967222,0.1304516846
2024-10-19T23:59:59.999Z,0.1304516846,0.1330505314,0.1274293096,0.129204324
2024-10-20T23:59:59.999Z,0.129204324,0.1334619144,0.1261559018,0.1330425365
2024-10-21T23:59:59.999Z,0.1330425365,0.1352988726,0.1274794334,0.1297565107
2024-10-22T23:59:59.999Z,0.1297565107,0.1381762826,0.1283962648,0.1359803291
2024-10-23T23:59:59.999Z,0.1359803291,0.1365829503,0.1284085005,0.1304459241
2024-10-24T23:59:59.999Z,0.1311722298,0.1339268119,0.1290600206,0.1292305229
2024-10-25T23:59:59.999Z,0.1292305229,0.130841288,0.1048532863,0.1127232712
2024-10-26T23:59:59.999Z,0.1127232712,0.1202198671,0.1098788499,0.1180134591
2024-10-27T23:59:59.999Z,0.1180134591,0.1246512733,0.116366065,0.1211763206
2024-10-28T23:59:59.999Z,0.1211763206,0.1217468351,0.1162832336,0.1191393791
2024-10-29T23:59:59.999Z,0.1191393791,0.1217340357,0.1087136479,0.1127793317
2024-10-30T23:59:59.999Z,0.1127793317,0.1142478721,0.1053190019,0.1125914321
2024-10-31T23:59:59.999Z,0.1125914321,0.1180284055,0.112149138,0.1142172004
2024-11-01T23:59:59.999Z,0.1142172004,0.1205307751,0.1132535907,0.1165534415
2024-11-02T23:59:59.999Z,0.1165543881,0.1172977773,0.1113495164,0.1126862965
2024-11-03T23:59:59.999Z,0.1126862965,0.1129479734,0.1060149,0.1082613072
2024-11-04T23:59:59.999Z,0.1082613072,0.1105349496,0.1013989318,0.1036992774
2024-11-05T23:59:59.999Z,0.1036992774,0.1138686639,0.1036729598,0.1110893159
2024-11-06T23:59:59.999Z,0.1110893159,0.1235846349,0.1109541496,0.120139232
2024-11-07T23:59:59.999Z,0.120139232,0.1235555651,0.1124409756,0.1145343831
2024-11-08T23:59:59.999Z,0.1145343831,0.1159543454,0.1072913106,0.1119897851
2024-11-09T23:59:59.999Z,0.1119897851,0.1359941869,0.109950262,0.1344819617
2024-11-10T23:59:59.999Z,0.1344819617,0.1615526982,0.1323979631,0.1518483642
2024-11-11T23:59:59.999Z,0.1518483642,0.1574662875,0.1473190802,0.1530700486
2024-11-12T23:59:59.999Z,0.1530700486,0.1531360277,0.1326029746,0.1388335621
2024-11-13T23:59:59.999Z,0.1388335621,0.1413193204,0.1243818347,0.1278742658
2024-11-14T23:59:59.999Z,0.1278742658,0.1524279719,0.1223699854,0.1401873242
2024-11-15T23:59:59.999Z,0.1401873242,0.142434247,0.1268845643,0.1424174377
2024-11-16T23:59:59.999Z,0.1390528412,0.1490296532,0.136161093,0.146707319
2024-11-17T23:59:59.999Z,0.146707319,0.1555698199,0.1407464648,0.1502079627
2024-11-18T23:59:59.999Z,0.1502079627,0.1747309675,0.1489264278,0.1706630243
2024-11-19T23:59:59.999Z,0.1706630243,0.1778220952,0.156232394,0.1593022168
2024-11-20T23:59:59.999Z,0.1593022168,0.1663121679,0.1496371756,0.1518366772
2024-11-21T23:59:59.999Z,0.1518364936,0.1571405074,0.145477658,0.1533586051
2024-11-22T23:59:59.999Z,0.1533586051,0.153724026,0.1461094668,0.1536059122
2024-11-23T23:59:59.999Z,0.1536060447,0.1644968998,0.1506098533,0.1535958465
2024-11-24T23:59:59.999Z,0.1535958465,0.1575420435,0.1451990808,0.152393055
2024-11-25T23:59:59.999Z,0.1523919945,0.1576522237,0.1471388456,0.149736762
2024-11-26T23:59:59.999Z,0.149736762,0.1524344509,0.1419341432,0.1490918261
2024-11-27T23:59:59.999Z,0.1490918261,0.1536547653,0.1464109593,0.1535562052
2024-11-28T23:59:59.999Z,0.1535562052,0.1535850772,0.148316666,0.1518106683
2024-11-29T23:59:59.999Z,0.1518108179,0.1558169992,0.1491516327,0.1542939634
2024-11-30T23:59:59.999Z,0.1542939634,0.1651041374,0.1534882836,0.1612795191
2024-12-01T23:59:59.999Z,0.1612795191,0.1696842963,0.1576520218,0.1691301953
2024-12-02T23:59:59.999Z,0.1691301953,0.1719899375,0.1533807901,0.1583420241
2024-12-03T23:59:59.999Z,0.158342381,0.1597587853,0.1491603706,0.1590407284
2024-12-04T23:59:59.999Z,0.1590407284,0.1653941539,0.1574168661,0.1588782812
2024-12-05T23:59:59.999Z,0.1588782812,0.1634115085,0.1539433717,0.1590960743
2024-12-06T23:59:59.999Z,0.15890093,0.1752614173,0.1585696373,0.1747366097
2024-12-07T23:59:59.999Z,0.1747366097,0.1879664839,0.1686182845,0.1849046022
2024-12-08T23:59:59.999Z,0.1861775474,0.1890306393,0.1791275352,0.1886072321
2024-12-09T23:59:59.999Z,0.1886072321,0.1890240931,0.1548326164,0.1650332093
2024-12-10T23:59:59.999Z,0.1650332093,0.1663830831,0.1496925972,0.1572781305
2024-12-11T23:59:59.999Z,0.1572781305,0.1683409829,0.1521565409,0.1644570003
2024-12-12T23:59:59.999Z,0.1644570003,0.1729264371,0.1608434068,0.1631266748
2024-12-13T23:59:59.999Z,0.1631266748,0.1641744426,0.1581229311,0.162092492
2024-12-14T23:59:59.999Z,0.162092492,0.1630086761,0.1533092144,0.1567871139
2024-12-15T23:59:59.999Z,0.1567871139,0.1579386685,0.1522612554,0.1566114511
2024-12-16T23:59:59.999Z,0.1566114511,0.1578281756,0.148081766,0.1482422456
2024-12-17T23:59:59.999Z,0.1482422456,0.1482422456,0.1383019139,0.1394066628
2024-12-18T23:59:59.999Z,0.1394045063,0.1394755908,0.1249229294,0.1273160867
2024-12-19T23:59:59.999Z,0.1273207925,0.1321089637,0.1156723692,0.1209680997
2024-12-20T23:59:59.999Z,0.120967527,0.1267365698,0.1105290298,0.1231526227
2024-12-21T23:59:59.999Z,0.1231526227,0.1291857309,0.1171410406,0.1187292915
2024-12-22T23:59:59.999Z,0.1187292915,0.1225505175,0.1151134418,0.1162412486
2024-12-23T23:59:59.999Z,0.1162412486,0.1229457476,0.1143580465,0.1216737798
2024-12-24T23:59:59.999Z,0.1216737798,0.1230939652,0.1152657108,0.1182391155
2024-12-25T23:59:59.999Z,0.1182391155,0.1210385139,0.1166049519,0.1195360752
2024-12-26T23:59:59.999Z,0.1195360752,0.1211750593,0.1111254172,0.1117874685
2024-12-27T23:59:59.999Z,0.1117872845,0.1188779651,0.1110444295,0.1176725138
2024-12-28T23:59:59.999Z,0.1176725138,0.1219783671,0.1159699725,0.1204633069
2024-12-29T23:59:59.999Z,0.1204633069,0.1212124357,0.1148760982,0.1155496048
2024-12-30T23:59:59.999Z,0.1155496048,0.1188376316,0.1128981165,0.1153775468
2024-12-31T23:59:59.999Z,0.1153775468,0.1172375299,0.1133373651,0.1146132874
2025-01-01T23:59:59.999Z,0.1146132874,0.1176879897,0.1123917976,0.1169480207
2025-01-02T23:59:59.999Z,0.1169476577,0.1262913823,0.1168934258,0.1226335692
2025-01-03T23:59:59.999Z,0.1226319218,0.1300924115,0.1202964149,0.1288214586
2025-01-04T23:59:59.999Z,0.1288214586,0.1294818924,0.1257649816,0.1264121201
2025-01-05T23:59:59.999Z,0.1264121201,0.1265577421,0.1217619745,0.1243857247
2025-01-06T23:59:59.999Z,0.1243857247,0.1264824775,0.120972173,0.1233842897
2025-01-07T23:59:59.999Z,0.1233841236,0.1238221515,0.1134522306,0.1139325577
2025-01-08T23:59:59.999Z,0.1139325577,0.1174860345,0.1092551178,0.117116072
2025-01-09T23:59:59.999Z,0.117116072,0.1181959414,0.1111214264,0.1129478682
2025-01-10T23:59:59.999Z,0.112946769,0.1162864674,0.1126454555,0.1147094024
2025-01-11T23:59:59.999Z,0.1147094024,0.1180373467,0.1142255281,0.1162604005
2025-01-12T23:59:59.999Z,0.1162604005,0.1193897404,0.1158909286,0.1166708046
2025-01-13T23:59:59.999Z,0.1166708046,0.1180018263,0.1081137271,0.1171503666
2025-01-14T23:59:59.999Z,0.1171503666,0.1395750784,0.1171385286,0.1371590297
2025-01-15T23:59:59.999Z,0.1371590297,0.1400401782,0.1326236895,0.137924966
2025-01-16T23:59:59.999Z,0.1379258883,0.1532158922,0.136749909,0.1456476121
2025-01-17T23:59:59.999Z,0.1456476121,0.1548287138,0.1456427608,0.1540995147
2025-01-18T23:59:59.999Z,0.1540982643,0.1562108009,0.1380196196,0.1407053483
2025-01-19T23:59:59.999Z,0.1407053483,0.1412702708,0.1230758453,0.1242455678
2025-01-20T23:59:59.999Z,0.1242463535,0.134378228,0.1225041547,0.1271757956
2025-01-21T23:59:59.999Z,0.1271757956,0.1407054021,0.1246149975,0.1362043375
2025-01-22T23:59:59.999Z,0.1362043375,0.1375946993,0.1293657724,0.1304680657
2025-01-23T23:59:59.999Z,0.1304680657,0.1333363711,0.1259727022,0.1301672577
2025-01-24T23:59:59.999Z,0.1301672577,0.1347614831,0.1277887614,0.1316337783
2025-01-25T23:59:59.999Z,0.1316184532,0.1343993601,0.1279459654,0.131777669
2025-01-26T23:59:59.999Z,0.131777669,0.1339470182,0.1286692855,0.1286925593
2025-01-27T23:59:59.999Z,0.1286925593,0.1292235372,0.1179383083,0.1281285988
2025-01-28T23:59:59.999Z,0.1281285988,0.1291545181,0.1204417478,0.1214786045
2025-01-29T23:59:59.999Z,0.1214786045,0.1246796952,0.1187824505,0.1229546925
2025-01-30T23:59:59.999Z,0.1229576669,0.1349091821,0.1222902676,0.1314254106
2025-01-31T23:59:59.999Z,0.1314254106,0.1332611562,0.128704006,0.1298224625
2025-02-01T23:59:59.999Z,0.1298209962,0.1310122746,0.1216224733,0.1218932164
2025-02-02T23:59:59.999Z,0.1218932164,0.124381587,0.1123088291,0.1153293844
2025-02-03T23:59:59.999Z,0.1153293844,0.1154149806,0.0753515811,0.1102796519
2025-02-04T23:59:59.999Z,0.1102796519,0.1106865328,0.0942807778,0.0991595069
2025-02-05T23:59:59.999Z,0.0991595069,0.0999227935,0.0920700136,0.0921515485
2025-02-06T23:59:59.999Z,0.0921536537,0.0932405394,0.0818593546,0.0830528787
2025-02-07T23:59:59.999Z,0.0830533845,0.0948610524,0.082845314,0.0873764162
2025-02-08T23:59:59.999Z,0.0873787691,0.0890625312,0.0849492981,0.0883665404
2025-02-09T23:59:59.999Z,0.0883665404,0.0901355552,0.0823534391,0.0865875903
2025-02-10T23:59:59.999Z,0.0865875903,0.0936668334,0.0842545202,0.0929458681
2025-02-11T23:59:59.999Z,0.0929458681,0.1099395523,0.0928278249,0.0959157371
2025-02-12T23:59:59.999Z,0.0959157371,0.1001471116,0.0894937782,0.0982557258
2025-02-13T23:59:59.999Z,0.0982557258,0.1067627971,0.0953677586,0.1023538716
2025-02-14T23:59:59.999Z,0.1023538716,0.1117533157,0.1014507474,0.1067668591
2025-02-15T23:59:59.999Z,0.1067668591,0.1100084324,0.1051523471,0.1071003284
2025-02-16T23:59:59.999Z,0.10710026,0.1120717699,0.1070953016,0.1090285134
2025-02-17T23:59:59.999Z,0.1090285134,0.1119890143,0.1039677482,0.1047002844
2025-02-18T23:59:59.999Z,0.1047002844,0.1065837074,0.0979224244,0.1020287027
2025-02-19T23:59:59.999Z,0.1020287027,0.1079644415,0.1010354224,0.1064663579
2025-02-20T23:59:59.999Z,0.1064663579,0.1091995128,0.1039850004,0.1061624631
2025-02-21T23:59:59.999Z,0.1061624631,0.1087260533,0.0976778068,0.0993931382
2025-02-22T23:59:59.999Z,0.0993931382,0.1024272671,0.0983225404,0.1007958085
2025-02-23T23:59:59.999Z,0.1007958085,0.101786406,0.0970848709,0.0989855745
2025-02-24T23:59:59.999Z,0.0989855745,0.0995066448,0.0901235159,0.090133615
2025-02-25T23:59:59.999Z,0.0901330265,0.0934109669,0.085329662,0.0922048757
2025-02-26T23:59:59.999Z,0.0922048757,0.0936118754,0.0840693303,0.0855307855
2025-02-27T23:59:59.999Z,0.0855307855,0.0877301014,0.0822118029,0.0839791013
2025-02-28T23:59:59.999Z,0.0839791013,0.084016874,0.0743815785,0.0785895562
2025-03-01T23:59:59.999Z,0.0785895562,0.0844297494,0.0752418368,0.0794416925
2025-03-02T23:59:59.999Z,0.0794416925,0.0940919607,0.0754878606,0.0897394162
2025-03-03T23:59:59.999Z,0.0897391654,0.0897709355,0.0774317961,0.078546108
2025-03-04T23:59:59.999Z,0.078546108,0.0790024518,0.069032573,0.075660164
2025-03-05T23:59:59.999Z,0.0756596959,0.0778332131,0.0732255177,0.0748135668
2025-03-06T23:59:59.999Z,0.0748135668,0.0768622203,0.0739547806,0.0758708709
2025-03-07T23:59:59.999Z,0.0758708709,0.0759402017,0.0700329948,0.070040064
2025-03-08T23:59:59.999Z,0.0700402297,0.072553388,0.0672142047,0.0697756712
2025-03-09T23:59:59.999Z,0.0697756255,0.0723214893,0.0603318489,0.0605854552
2025-03-10T23:59:59.999Z,0.0605854552,0.0640766405,0.0559124491,0.0586027717
2025-03-11T23:59:59.999Z,0.0586027717,0.0750662774,0.0558739224,0.069657892
2025-03-12T23:59:59.999Z,0.0696579171,0.0719161676,0.0659628832,0.0717944985
2025-03-13T23:59:59.999Z,0.0717914985,0.0741275413,0.0684708709,0.0708454738
2025-03-14T23:59:59.999Z,0.0708454738,0.0788185359,0.0704224314,0.0779538547
2025-03-15T23:59:59.999Z,0.0779531837,0.0825613941,0.0779391848,0.0805145794
2025-03-16T23:59:59.999Z,0.0805146206,0.0817507137,0.0734339784,0.0737410523
2025-03-17T23:59:59.999Z,0.0737407273,0.0763351581,0.0729728284,0.0756950018
2025-03-18T23:59:59.999Z,0.0756781915,0.077994948,0.0724148999,0.0779823961
2025-03-19T23:59:59.999Z,0.0779823961,0.0829726617,0.0761565018,0.0826356996
2025-03-20T23:59:59.999Z,0.0826356996,0.0830117045,0.077617202,0.077860767
2025-03-21T23:59:59.999Z,0.077860767,0.0792361147,0.0758502304,0.0773884848
2025-03-22T23:59:59.999Z,0.0773886395,0.0804597748,0.0773884164,0.079884281
2025-03-23T23:59:59.999Z,0.079884281,0.0809314396,0.0787208237,0.0802560703
2025-03-24T23:59:59.999Z,0.0802560703,0.0824654975,0.0779278331,0.0782483879
2025-03-25T23:59:59.999Z,0.0782483879,0.0789054761,0.0762173221,0.0776490721
2025-03-26T23:59:59.999Z,0.0776490721,0.0799829236,0.0747600584,0.0757426589
2025-03-27T23:59:59.999Z,0.0757426589,0.0768862824,0.0741208167,0.0754990759
2025-03-28T23:59:59.999Z,0.0754990759,0.0757791664,0.0680029737,0.0698140093
2025-03-29T23:59:59.999Z,0.0698140093,0.0700073308,0.0627680298,0.0645048195
2025-03-30T23:59:59.999Z,0.0645046574,0.0670476107,0.0633014474,0.0644258708
2025-03-31T23:59:59.999Z,0.0644255571,0.0662267619,0.0620869293,0.0645782801
2025-04-01T23:59:59.999Z,0.0645782801,0.0690194572,0.0644882201,0.0684747313
2025-04-02T23:59:59.999Z,0.0684747313,0.0690301674,0.0621680567,0.0632254029
2025-04-03T23:59:59.999Z,0.0632254029,0.0651004343,0.060643907,0.0649614787
2025-04-04T23:59:59.999Z,0.0649613018,0.0677610436,0.0634545341,0.0650410918
2025-04-05T23:59:59.999Z,0.0650410918,0.065838742,0.0628364091,0.0640018264
2025-04-06T23:59:59.999Z,0.0640011392,0.0640915739,0.0568132481,0.0579101619
2025-04-07T23:59:59.999Z,0.0579101619,0.0680528769,0.0530954859,0.0619866851
2025-04-08T23:59:59.999Z,0.06198667,0.0649615239,0.0596563321,0.0601786661
2025-04-09T23:59:59.999Z,0.0601786661,0.0708808205,0.0587837485,0.0679204316
2025-04-10T23:59:59.999Z,0.0679202978,0.0703776176,0.0657875302,0.0689641585
2025-04-11T23:59:59.999Z,0.0689641585,0.076343644,0.0687157872,0.0754895351
2025-04-12T23:59:59.999Z,0.0754895351,0.0774186978,0.0728501674,0.0773557333
2025-04-13T23:59:59.999Z,0.0773557333,0.0793302226,0.0724851071,0.0729194298
2025-04-14T23:59:59.999Z,0.0729196854,0.0791212096,0.0728566061,0.0784867024
2025-04-15T23:59:59.999Z,0.0784867024,0.0790926269,0.0744206619,0.0745301203
2025-04-16T23:59:59.999Z,0.0745301203,0.0779798575,0.0728824153,0.075287131
2025-04-17T23:59:59.999Z,0.075287131,0.0777593699,0.0750472696,0.0763907573
2025-04-18T23:59:59.999Z,0.0763907573,0.0780533684,0.0753959383,0.0764749389
2025-04-19T23:59:59.999Z,0.0764749389,0.0786137506,0.0764606837,0.0785770071
2025-04-20T23:59:59.999Z,0.0785807614,0.0788899299,0.0760043898,0.0779484905
2025-04-21T23:59:59.999Z,0.0779484905,0.0849388958,0.07793669,0.0847243498
2025-04-22T23:59:59.999Z,0.0847239792,0.0987178114,0.0842184919,0.0987116934
2025-04-23T23:59:59.999Z,0.0987116934,0.0997505177,0.0929536987,0.0952719377
2025-04-24T23:59:59.999Z,0.0952719377,0.0985601078,0.0949139244,0.0978748893
2025-04-25T23:59:59.999Z,0.0978745093,0.1089765706,0.0968568999,0.1035811825
2025-04-26T23:59:59.999Z,0.1035821514,0.1078235429,0.0980195492,0.1007295942
2025-04-27T23:59:59.999Z,0.1007161094,0.1012289251,0.0957699355,0.0965356869
2025-04-28T23:59:59.999Z,0.0965359636,0.1004603425,0.0938736134,0.0959151161
2025-04-29T23:59:59.999Z,0.0959151161,0.0981040516,0.0865210773,0.0876756399
2025-04-30T23:59:59.999Z,0.0876756399,0.0917465438,0.0833561704,0.0897243252
2025-05-01T23:59:59.999Z,0.0897243252,0.0968179832,0.0896805254,0.0940932905
2025-05-02T23:59:59.999Z,0.0940938088,0.1024355799,0.094082496,0.1019495511
2025-05-03T23:59:59.999Z,0.1019496899,0.1039934056,0.0950052299,0.0950071423
2025-05-04T23:59:59.999Z,0.0950071423,0.0955396029,0.0895388832,0.0906692401
2025-05-05T23:59:59.999Z,0.0906692401,0.0973956989,0.0904669307,0.0957690205
2025-05-06T23:59:59.999Z,0.0957690329,0.0958239048,0.0873167787,0.0905186212
2025-05-07T23:59:59.999Z,0.0905186212,0.0929318062,0.0890799191,0.0918662085
2025-05-08T23:59:59.999Z,0.091865829,0.1002619641,0.0916286798,0.0992438604
2025-05-09T23:59:59.999Z,0.0992438604,0.1071590511,0.0969970496,0.1045835387
2025-05-10T23:59:59.999Z,0.1045836466,0.1101166244,0.1036395058,0.1100545877
2025-05-11T23:59:59.999Z,0.1100545877,0.1187842443,0.1042811999,0.1170749523
2025-05-12T23:59:59.999Z,0.1170750731,0.1308218889,0.1084748979,0.1161084585
2025-05-13T23:59:59.999Z,0.1161084585,0.1268250766,0.1077982816,0.1250962222
2025-05-14T23:59:59.999Z,0.1250962222,0.1250971099,0.117829022,0.1206583185
2025-05-15T23:59:59.999Z,0.1206583185,0.1218343605,0.111407803,0.1172817969
2025-05-16T23:59:59.999Z,0.117282115,0.1222580061,0.1168450261,0.1179832564
2025-05-17T23:59:59.999Z,0.1179832564,0.1183735807,0.1079685663,0.1090945021
2025-05-18T23:59:59.999Z,0.1090945021,0.1183101124,0.1073059972,0.1122978
2025-05-19T23:59:59.999Z,0.1122977664,0.1123917158,0.1031722127,0.1079396578
2025-05-20T23:59:59.999Z,0.1079396578,0.1134792971,0.1048773716,0.1107628538
2025-05-21T23:59:59.999Z,0.1107628538,0.1151613303,0.1088366094,0.1130689279
2025-05-22T23:59:59.999Z,0.1130705395,0.1190738507,0.1110398505,0.1172552862
2025-05-23T23:59:59.999Z,0.1172552862,0.1197889733,0.1062980764,0.1064232471
2025-05-24T23:59:59.999Z,0.1064228117,0.1105640148,0.106280384,0.1079182304
2025-05-25T23:59:59.999Z,0.1079182304,0.1084492978,0.1019616452,0.1067630318
2025-05-26T23:59:59.999Z,0.1067633891,0.1088187668,0.1036122533,0.1049394998
2025-05-27T23:59:59.999Z,0.1049394998,0.1078404564,0.1023772598,0.1068193736
2025-05-28T23:59:59.999Z,0.1068193736,0.1077333556,0.0989000568,0.1017299993
2025-05-29T23:59:59.999Z,0.1017299993,0.1033384164,0.0967763843,0.0968651797
2025-05-30T23:59:59.999Z,0.0968582823,0.0973375241,0.0857245088,0.0857245088
2025-05-31T23:59:59.999Z,0.0857244961,0.0867319446,0.0801585624,0.0836143906
2025-06-01T23:59:59.999Z,0.0836143906,0.0899136837,0.0830974756,0.0885832644
2025-06-02T23:59:59.999Z,0.0885832644,0.0899895143,0.0840233278,0.089634827
2025-06-03T23:59:59.999Z,0.089634827,0.0918361608,0.0875241707,0.0877377096
2025-06-04T23:59:59.999Z,0.0877377096,0.088880897,0.0826675716,0.0830335232
2025-06-05T23:59:59.999Z,0.0830335384,0.0858924966,0.0796886814,0.0812001157
2025-06-06T23:59:59.999Z,0.0812002948,0.0880122031,0.0810229436,0.0849107099
2025-06-07T23:59:59.999Z,0.08491059,0.0891381898,0.0846723644,0.088322736
2025-06-08T23:59:59.999Z,0.0883222093,0.0886380459,0.0847989161,0.086479737
2025-06-09T23:59:59.999Z,0.086479737,0.0900887582,0.0836797515,0.0900171122
2025-06-10T23:59:59.999Z,0.0900171122,0.0919262575,0.0881534986,0.0907537518
2025-06-11T23:59:59.999Z,0.0907537518,0.0907593808,0.0849134574,0.0864723048
2025-06-12T23:59:59.999Z,0.0864723048,0.0868621813,0.0819738991,0.0829112434
2025-06-13T23:59:59.999Z,0.0829112434,0.0829242324,0.0746732641,0.0784600566
2025-06-14T23:59:59.999Z,0.0784600566,0.0785399726,0.0715602581,0.0731633857
2025-06-15T23:59:59.999Z,0.0731632225,0.0742711904,0.0720194497,0.0735171595
2025-06-16T23:59:59.999Z,0.0735171595,0.0828129814,0.072565169,0.0761694952
2025-06-17T23:59:59.999Z,0.0761694952,0.0772862295,0.0705700351,0.0711178394
2025-06-18T23:59:59.999Z,0.0711178394,0.0727531691,0.0677649495,0.07246022
2025-06-19T23:59:59.999Z,0.07246022,0.0736554311,0.0688728068,0.0697177909
2025-06-20T23:59:59.999Z,0.0697177682,0.0715240201,0.0670662087,0.0686224115
2025-06-21T23:59:59.999Z,0.0686224115,0.0692419689,0.0641639747,0.0657682758
2025-06-22T23:59:59.999Z,0.0657700149,0.0674422448,0.0604610813,0.0640168356
2025-06-23T23:59:59.999Z,0.0640168356,0.0749443031,0.064016437,0.0737758792
2025-06-24T23:59:59.999Z,0.0737758792,0.0774762237,0.07291111,0.0739233917
2025-06-25T23:59:59.999Z,0.0739233917,0.0806222798,0.0732469561,0.0770732586
2025-06-26T23:59:59.999Z,0.0770732586,0.0798798537,0.0734785575,0.0735503401
2025-06-27T23:59:59.999Z,0.0735501439,0.0754192207,0.0724539525,0.07466674
2025-06-28T23:59:59.999Z,0.07466674,0.0783129484,0.0740519134,0.0778707295
2025-06-29T23:59:59.999Z,0.0778707295,0.0793124096,0.075394519,0.079194465
2025-06-30T23:59:59.999Z,0.079194465,0.079280991,0.0743172437,0.0754675084
2025-07-01T23:59:59.999Z,0.0754675084,0.0757372362,0.0726069309,0.0738339395
2025-07-02T23:59:59.999Z,0.0738339395,0.0794527651,0.0730628823,0.0780546655
2025-07-03T23:59:59.999Z,0.0780546655,0.0811567772,0.0771474084,0.0785651503
2025-07-04T23:59:59.999Z,0.0785651503,0.0788424234,0.0745011229,0.0757250646
2025-07-05T23:59:59.999Z,0.0757250646,0.0764738072,0.0739238281,0.0750598731
2025-07-06T23:59:59.999Z,0.0750598731,0.0784602502,0.0739751136,0.0774428898
2025-07-07T23:59:59.999Z,0.0774428898,0.0780508535,0.0743040755,0.0753327829
2025-07-08T23:59:59.999Z,0.0753327829,0.0778263927,0.074409361,0.0776807711
2025-07-09T23:59:59.999Z,0.0776807711,0.081838294,0.0763375907,0.0816259815
2025-07-10T23:59:59.999Z,0.0816259815,0.0873993721,0.0803672427,0.0868129472
2025-07-11T23:59:59.999Z,0.0868129472,0.0916742274,0.0843640898,0.0852130831
2025-07-12T23:59:59.999Z,0.0852130831,0.087531021,0.0815092838,0.083890699
2025-07-13T23:59:59.999Z,0.083890699,0.0886907033,0.0836075047,0.0860542169
2025-07-14T23:59:59.999Z,0.0860542169,0.0895671236,0.0840779766,0.0853640356
2025-07-15T23:59:59.999Z,0.0853640356,0.0877156022,0.082511704,0.0874697096
2025-07-16T23:59:59.999Z,0.0874697096,0.0954619738,0.0869592246,0.0937467014
2025-07-17T23:59:59.999Z,0.0937467014,0.0959391566,0.0900438136,0.0938939565
2025-07-18T23:59:59.999Z,0.0938939565,0.0992014815,0.0907237256,0.0920637793
2025-07-19T23:59:59.999Z,0.0920638772,0.0955064494,0.0905161458,0.0953088269
2025-07-20T23:59:59.999Z,0.0953088269,0.0993946051,0.0943238029,0.0975064061
2025-07-21T23:59:59.999Z,0.0975064061,0.1171579767,0.0964055174,0.1149040556
2025-07-22T23:59:59.999Z,0.1149040556,0.118485522,0.1084657219,0.1127115465
2025-07-23T23:59:59.999Z,0.1127115465,0.114335543,0.1010648896,0.1043605661
2025-07-24T23:59:59.999Z,0.1043605661,0.1059731957,0.0958519471,0.0979207569
2025-07-25T23:59:59.999Z,0.0979207569,0.1005338171,0.0953232643,0.1004672508
2025-07-26T23:59:59.999Z,0.1004672508,0.1010462558,0.0972317102,0.0973892108
2025-07-27T23:59:59.999Z,0.0973892108,0.1068900996,0.0973850199,0.1049831533
2025-07-28T23:59:59.999Z,0.1049831533,0.1070332113,0.096761924,0.0968032611
2025-07-29T23:59:59.999Z,0.0968029937,0.099937443,0.0946319555,0.0955892433
2025-07-30T23:59:59.999Z,0.0955892433,0.096180752,0.0897121442,0.0939336098
2025-07-31T23:59:59.999Z,0.0939336098,0.0969887858,0.0883689459,0.088475519
2025-08-01T23:59:59.999Z,0.088475519,0.0885026059,0.0837668459,0.0848944344
2025-08-02T23:59:59.999Z,0.0848944344,0.0861657099,0.0801812314,0.0826609654
2025-08-03T23:59:59.999Z,0.0826609654,0.0877201432,0.0819687285,0.0851837877
2025-08-04T23:59:59.999Z,0.0851837877,0.091054181,0.085013088,0.0907652826
2025-08-05T23:59:59.999Z,0.0907651384,0.0916330592,0.0846508808,0.0866427877
2025-08-06T23:59:59.999Z,0.0866427877,0.0886524342,0.0840716451,0.0877617831
2025-08-07T23:59:59.999Z,0.0877617831,0.0907895595,0.0863878961,0.0905786708
2025-08-08T23:59:59.999Z,0.0905784054,0.0944127987,0.0890211046,0.0936615138
2025-08-09T23:59:59.999Z,0.0936615138,0.0970185016,0.0930836998,0.0951157599
2025-08-10T23:59:59.999Z,0.0951157599,0.0981210718,0.0919644674,0.0934379471
2025-08-11T23:59:59.999Z,0.0934379471,0.0961818643,0.0890980995,0.0898496552
2025-08-12T23:59:59.999Z,0.0898496552,0.0990822035,0.0865333545,0.0969006266
2025-08-13T23:59:59.999Z,0.0969006266,0.1008276302,0.0950827373,0.0994169372
2025-08-14T23:59:59.999Z,0.0994169372,0.1010995445,0.089120479,0.0905801717
2025-08-15T23:59:59.999Z,0.0905801717,0.0927769685,0.0878854079,0.0897843052
2025-08-16T23:59:59.999Z,0.0898023405,0.0910013415,0.0886315623,0.0901611913
2025-08-17T23:59:59.999Z,0.0901611913,0.0944756651,0.0894314845,0.0914748425
2025-08-18T23:59:59.999Z,0.0914748425,0.091730489,0.085941635,0.087700107
2025-08-19T23:59:59.999Z,0.087700107,0.088667178,0.0828970482,0.0828973774
2025-08-20T23:59:59.999Z,0.0828973774,0.0879635702,0.0828799285,0.0874864641
2025-08-21T23:59:59.999Z,0.0874864641,0.0877801446,0.0849762571,0.085698315
2025-08-22T23:59:59.999Z,0.085698315,0.0938868544,0.0849813021,0.0930330574
2025-08-23T23:59:59.999Z,0.0930330574,0.0931603742,0.0890957915,0.090570833
2025-08-24T23:59:59.999Z,0.0905716768,0.0936776666,0.0880482993,0.0898647484
2025-08-25T23:59:59.999Z,0.0898648547,0.0911135949,0.0823355435,0.084294868
2025-08-26T23:59:59.999Z,0.084294868,0.0886231705,0.0836782662,0.0880305971
2025-08-27T23:59:59.999Z,0.0880305971,0.0886554071,0.086435331,0.0870239096
2025-08-28T23:59:59.999Z,0.0870084765,0.0915409884,0.0860392428,0.0895227328
2025-08-29T23:59:59.999Z,0.0895222729,0.0895598516,0.0835546058,0.0846504332
2025-08-30T23:59:59.999Z,0.0846504332,0.0855332971,0.0834222314,0.085356122
2025-08-31T23:59:59.999Z,0.085356122,0.0867108089,0.0838700057,0.0838704055
2025-09-01T23:59:59.999Z,0.0838704055,0.0865236405,0.0808487887,0.0823040457
2025-09-02T23:59:59.999Z,0.0823040457,0.085071445,0.0821250821,0.0841199531
2025-09-03T23:59:59.999Z,0.0841199531,0.085210448,0.0829076259,0.0843762408
2025-09-04T23:59:59.999Z,0.0843762408,0.0846194212,0.0811331122,0.0815982275
2025-09-05T23:59:59.999Z,0.0815982275,0.0843754271,0.080281703,0.0806291428
2025-09-06T23:59:59.999Z,0.0806291428,0.0813172638,0.0753455262,0.0779571966
2025-09-07T23:59:59.999Z,0.0779571966,0.0803817502,0.0777343827,0.0800587924
2025-09-08T23:59:59.999Z,0.0800587924,0.082989205,0.0795448847,0.0810419516
2025-09-09T23:59:59.999Z,0.0810419516,0.0825777741,0.0794945968,0.0807892242
2025-09-10T23:59:59.999Z,0.0807892242,0.0835491774,0.0802882824,0.0828059262
2025-09-11T23:59:59.999Z,0.0828059262,0.0863578423,0.0824815416,0.086352545
2025-09-12T23:59:59.999Z,0.0863566359,0.0888502063,0.0857776601,0.0886550584
2025-09-13T23:59:59.999Z,0.0886550584,0.090917518,0.0872549217,0.0896199182
2025-09-14T23:59:59.999Z,0.0896199182,0.0898380739,0.0849092772,0.0855779852
2025-09-15T23:59:59.999Z,0.0855779852,0.0862828422,0.081885443,0.0833522231
2025-09-16T23:59:59.999Z,0.0833522231,0.0865243936,0.0831362922,0.0863122306
2025-09-17T23:59:59.999Z,0.0863122306,0.089276393,0.0842566991,0.0886677959
2025-09-18T23:59:59.999Z,0.0886677959,0.089791755,0.0864659684,0.0880907195
2025-09-19T23:59:59.999Z,0.0880907195,0.0888288125,0.0834360907,0.0840745395
2025-09-20T23:59:59.999Z,0.0840745395,0.0853338764,0.0833282814,0.0841153268
2025-09-21T23:59:59.999Z,0.0841153268,0.0841403485,0.0812897923,0.0816186124
2025-09-22T23:59:59.999Z,0.0816158124,0.0817608863,0.0768288216,0.0789856247
2025-09-23T23:59:59.999Z,0.0789856247,0.080781784,0.0762112202,0.078292062
2025-09-24T23:59:59.999Z,0.078292062,0.0807455034,0.0772628173,0.0787557983
2025-09-25T23:59:59.999Z,0.0787557983,0.0789034905,0.074519688,0.0753507099
2025-09-26T23:59:59.999Z,0.0753507099,0.0798855756,0.0753498077,0.0781391135
2025-09-27T23:59:59.999Z,0.0781391135,0.0783441321,0.0754696416,0.076346576
2025-09-28T23:59:59.999Z,0.076346576,0.077940697,0.0743883454,0.0777162573
2025-09-29T23:59:59.999Z,0.0777162573,0.0787038798,0.0751650921,0.0770235371
2025-09-30T23:59:59.999Z,0.0770235371,0.0770532148,0.0741553629,0.0751859068
2025-10-01T23:59:59.999Z,0.0751859068,0.0797746727,0.0743224006,0.0797709638
2025-10-02T23:59:59.999Z,0.0797709638,0.0818685882,0.0791548494,0.081525599
2025-10-03T23:59:59.999Z,0.081525599,0.0817731215,0.0784510224,0.0805761983
2025-10-04T23:59:59.999Z,0.0805761983,0.0805763519,0.0753552106,0.0763902795
2025-10-05T23:59:59.999Z,0.0763902259,0.0778748475,0.0731458309,0.0748845604
2025-10-06T23:59:59.999Z,0.0748845604,0.0794517844,0.0744462362,0.0781607076
2025-10-07T23:59:59.999Z,0.0781607076,0.0791704891,0.0749326888,0.0750540935
2025-10-08T23:59:59.999Z,0.0750540935,0.0769426433,0.0745612413,0.0751190414
2025-10-09T23:59:59.999Z,0.0751190414,0.0752838719,0.0722997239,0.0739092227
2025-10-10T23:59:59.999Z,0.0739090651,0.0748888561,0.0139348665,0.0553423351
2025-10-11T23:59:59.999Z,0.0553423351,0.0642283612,0.0511940346,0.0570867661
2025-10-12T23:59:59.999Z,0.0570867661,0.0620776603,0.055150039,0.0616588165
2025-10-13T23:59:59.999Z,0.0616595661,0.0657698216,0.0604042464,0.0647114033
2025-10-14T23:59:59.999Z,0.0647114033,0.0649095065,0.0578120657,0.0607124103
2025-10-15T23:59:59.999Z,0.0607124103,0.0620625411,0.0563796878,0.0569264441
2025-10-16T23:59:59.999Z,0.0569264441,0.0587982749,0.0526920241,0.0535319934
2025-10-17T23:59:59.999Z,0.0535319934,0.0542208061,0.0482999321,0.0518475165
2025-10-18T23:59:59.999Z,0.0518465165,0.0524834477,0.0492008708,0.0504739944
2025-10-19T23:59:59.999Z,0.0504739944,0.0545879915,0.0495200658,0.0527060342
2025-10-20T23:59:59.999Z,0.0527060342,0.0557862198,0.0518909931,0.0548353771
2025-10-21T23:59:59.999Z,0.054894468,0.055156141,0.051135582,0.0517297307
2025-10-22T23:59:59.999Z,0.0517297307,0.0523723357,0.0482435821,0.0492583311
2025-10-23T23:59:59.999Z,0.0492583311,0.0521834444,0.0482553779,0.0513989939
2025-10-24T23:59:59.999Z,0.0513989939,0.0532273591,0.0510330979,0.0530625566
2025-10-25T23:59:59.999Z,0.0530625566,0.0587510186,0.0526231549,0.0582293122
2025-10-26T23:59:59.999Z,0.0582293122,0.0593067732,0.0568155473,0.0582961921
2025-10-27T23:59:59.999Z,0.0582961921,0.05910151,0.057028766,0.0573806413
2025-10-28T23:59:59.999Z,0.0573806413,0.058687692,0.0555990688,0.0566373615
2025-10-29T23:59:59.999Z,0.0566373615,0.0602562616,0.0564830638,0.0584431835
2025-10-30T23:59:59.999Z,0.0584431835,0.0586869876,0.0513043034,0.0537677842
2025-10-31T23:59:59.999Z,0.0537677842,0.054512865,0.0518061561,0.053016576
2025-11-01T23:59:59.999Z,0.053016576,0.0541816858,0.0522669615,0.0532420881
2025-11-02T23:59:59.999Z,0.0532420881,0.0537379693,0.0509815445,0.0521699056
2025-11-03T23:59:59.999Z,0.0521699056,0.0521925571,0.0460356137,0.0466742167
2025-11-04T23:59:59.999Z,0.0466742167,0.0471442447,0.0412581381,0.0441238021
2025-11-05T23:59:59.999Z,0.0441238021,0.0479811727,0.0422623282,0.046881018
2025-11-06T23:59:59.999Z,0.046881018,0.0526747808,0.0438890129,0.0504460058
2025-11-07T23:59:59.999Z,0.0504495045,0.0546675805,0.0487985644,0.0520848748
2025-11-08T23:59:59.999Z,0.0520848748,0.0529151912,0.0494179836,0.0518254041
2025-11-09T23:59:59.999Z,0.0518254041,0.0523638402,0.0492885367,0.0517803334
2025-11-10T23:59:59.999Z,0.0517803334,0.0543295486,0.0513849802,0.0524807561
2025-11-11T23:59:59.999Z,0.0524807561,0.0538282373,0.0494008407,0.0494175219
2025-11-12T23:59:59.999Z,0.0494175219,0.0505342354,0.0474100378,0.0495065669
2025-11-13T23:59:59.999Z,0.0495065669,0.0509991697,0.0471462983,0.0484162325
2025-11-14T23:59:59.999Z,0.0484162325,0.0484162325,0.0440838095,0.044519337
2025-11-15T23:59:59.999Z,0.044519337,0.0460115907,0.0444800875,0.0451608141
2025-11-16T23:59:59.999Z,0.0451608141,0.0463559337,0.0427983707,0.043554741
2025-11-17T23:59:59.999Z,0.043554741,0.0460049148,0.0416286582,0.042664107
2025-11-18T23:59:59.999Z,0.042664107,0.0447140196,0.0411566082,0.0432906253
2025-11-19T23:59:59.999Z,0.0432906253,0.0433528913,0.0400534841,0.0422276384
2025-11-20T23:59:59.999Z,0.0422276384,0.0435456956,0.0399863243,0.04005735
2025-11-21T23:59:59.999Z,0.04005735,0.0406518062,0.0364281068,0.0385881378
2025-11-22T23:59:59.999Z,0.0385881378,0.038784328,0.0372412571,0.0381004942
2025-11-23T23:59:59.999Z,0.0381004942,0.041488045,0.0375956864,0.0399688131
2025-11-24T23:59:59.999Z,0.0399688131,0.0461784964,0.0396754835,0.0452228208
2025-11-25T23:59:59.999Z,0.0452228208,0.0528188153,0.0448292142,0.0505309286
2025-11-26T23:59:59.999Z,0.0505309286,0.0598448025,0.0498154969,0.057701544
2025-11-27T23:59:59.999Z,0.057701544,0.0621431942,0.057701544,0.0584913994
2025-11-28T23:59:59.999Z,0.0584914271,0.0627414994,0.0548207415,0.0578924067
2025-11-29T23:59:59.999Z,0.0578924067,0.0587605878,0.0561414368,0.0563817924
2025-11-30T23:59:59.999Z,0.0563817924,0.0603387737,0.0559368994,0.0573912604
2025-12-01T23:59:59.999Z,0.0573912604,0.0573955619,0.0504751533,0.0519781553
2025-12-02T23:59:59.999Z,0.0519781553,0.0581880033,0.0519780679,0.0545425157
2025-12-03T23:59:59.999Z,0.0545425157,0.0589601045,0.0539319119,0.0568882707
2025-12-04T23:59:59.999Z,0.0568909524,0.0578962654,0.054702725,0.0551116126
2025-12-05T23:59:59.999Z,0.0551116126,0.0558101201,0.0513819462,0.0525381671
2025-12-06T23:59:59.999Z,0.0525381671,0.0532160042,0.0508721974,0.0510516289
2025-12-07T23:59:59.999Z,0.0510516289,0.0539046872,0.0499451526,0.0514652695
2025-12-08T23:59:59.999Z,0.0514652695,0.0538351341,0.0512310931,0.0521450046
2025-12-09T23:59:59.999Z,0.0521450046,0.0553435364,0.0496443119,0.0499845758
2025-12-10T23:59:59.999Z,0.0499845758,0.051543028,0.0486207882,0.04869288
2025-12-11T23:59:59.999Z,0.04869288,0.0488181026,0.0460101633,0.0477427805
2025-12-12T23:59:59.999Z,0.0477427805,0.0480718408,0.0454443246,0.0463438795
2025-12-13T23:59:59.999Z,0.0463438795,0.046995312,0.0457435105,0.046781049
2025-12-14T23:59:59.999Z,0.046781049,0.0469655732,0.0441402831,0.0443190993
2025-12-15T23:59:59.999Z,0.0443195991,0.0453187732,0.0417398523,0.0429446902
2025-12-16T23:59:59.999Z,0.0429446902,0.0454917414,0.0421581253,0.0447141573
2025-12-17T23:59:59.999Z,0.0447141573,0.045055693,0.0415184683,0.0419784933
2025-12-18T23:59:59.999Z,0.0419784933,0.0437438034,0.0401346239,0.0405275902
2025-12-19T23:59:59.999Z,0.0405275902,0.0437299573,0.0404650648,0.0432651228
2025-12-20T23:59:59.999Z,0.0432651228,0.044980346,0.0432323294,0.0449179792
2025-12-21T23:59:59.999Z,0.0449179792,0.0472676619,0.0438505256,0.0467840123
2025-12-22T23:59:59.999Z,0.0467840123,0.048660601,0.046076169,0.0466293274
2025-12-23T23:59:59.999Z,0.0466293274,0.0468016411,0.0441974508,0.045085498
2025-12-24T23:59:59.999Z,0.045085498,0.045415803,0.0437788667,0.0445659344
2025-12-25T23:59:59.999Z,0.0445659344,0.045034705,0.0435206709,0.0436178096
2025-12-26T23:59:59.999Z,0.0436178096,0.046139662,0.0435929296,0.0448076726
2025-12-27T23:59:59.999Z,0.0448076726,0.0454738698,0.044299745,0.0454547791
2025-12-28T23:59:59.999Z,0.0454550826,0.0454946002,0.0441140629,0.0445390251
2025-12-29T23:59:59.999Z,0.0445390251,0.0454558988,0.0431835004,0.043462456
2025-12-30T23:59:59.999Z,0.043462456,0.0442762367,0.0427713065,0.0439299719
2025-12-31T23:59:59.999Z,0.0439299719,0.0441062635,0.0427049771,0.0429111715
2026-01-01T23:59:59.999Z,0.0429111715,0.0448170518,0.0424178047,0.0446816874
2026-01-02T23:59:59.999Z,0.0446816874,0.0464642467,0.043916721,0.0459921951
2026-01-03T23:59:59.999Z,0.0459921951,0.0461449454,0.0441209637,0.0456713582
2026-01-04T23:59:59.999Z,0.0456713582,0.0518224096,0.0456713582,0.0494691265
2026-01-05T23:59:59.999Z,0.0494688985,0.0522903119,0.0494684662,0.0509512935
2026-01-06T23:59:59.999Z,0.0509512935,0.0531460562,0.04916686,0.0514649727
2026-01-07T23:59:59.999Z,0.0514649727,0.0514655322,0.0480046551,0.0488487239
2026-01-08T23:59:59.999Z,0.0488487239,0.0490953771,0.0453668918,0.0469787366
2026-01-09T23:59:59.999Z,0.0469789834,0.0480041008,0.0462094816,0.047039782
2026-01-10T23:59:59.999Z,0.047039782,0.04708231,0.0459676705,0.046460677
2026-01-11T23:59:59.999Z,0.046460677,0.0484843793,0.0461085264,0.0467261841
2026-01-12T23:59:59.999Z,0.0467261841,0.0478028702,0.0459738971,0.0463234348
2026-01-13T23:59:59.999Z,0.0463234348,0.0491139196,0.0463165209,0.0483012617
2026-01-14T23:59:59.999Z,0.0483012617,0.0491964492,0.0472764103,0.0481092854
2026-01-15T23:59:59.999Z,0.0481092854,0.048109312,0.0448587861,0.0455350427
2026-01-16T23:59:59.999Z,0.0455350427,0.0459576295,0.0440701237,0.0451951213
2026-01-17T23:59:59.999Z,0.0451951213,0.0452481225,0.0443411854,0.0443479243
2026-01-18T23:59:59.999Z,0.0443479243,0.0449424043,0.0426681893,0.0427199183
2026-01-19T23:59:59.999Z,0.0427199183,0.0430994239,0.0415177086,0.0426841768
2026-01-20T23:59:59.999Z,0.0426841768,0.042716479,0.0400609897,0.0401758744
2026-01-21T23:59:59.999Z,0.0401758744,0.041945343,0.0397263158,0.0410974754
2026-01-22T23:59:59.999Z,0.0410974754,0.041307708,0.0397390706,0.0398293881
2026-01-23T23:59:59.999Z,0.0398293881,0.0410451178,0.0395318892,0.0401443579
2026-01-24T23:59:59.999Z,0.0401443579,0.0421658575,0.0401440084,0.0416439628
2026-01-25T23:59:59.999Z,0.0416439628,0.0417677814,0.0387987134,0.039566361
2026-01-26T23:59:59.999Z,0.039566361,0.0406053317,0.0392373566,0.0398020077
2026-01-27T23:59:59.999Z,0.0398020077,0.0403189586,0.0388856216,0.039763107
2026-01-28T23:59:59.999Z,0.039763107,0.0402497084,0.039315773,0.0398537129
2026-01-29T23:59:59.999Z,0.0398542897,0.0398712507,0.0372256536,0.0384439808
2026-01-30T23:59:59.999Z,0.0384439808,0.0386129586,0.0365439541,0.0373843296
2026-01-31T23:59:59.999Z,0.0373843296,0.0374387723,0.0306453011,0.0331201975
2026-02-01T23:59:59.999Z,0.0331201975,0.0333988392,0.0302068784,0.0306916928
2026-02-02T23:59:59.999Z,0.0306916928,0.0342102717,0.0295238404,0.0331468985
2026-02-03T23:59:59.999Z,0.0331468985,0.0338547613,0.0311611475,0.031958785
2026-02-04T23:59:59.999Z,0.031958785,0.0335414344,0.0306255345,0.0310468335
2026-02-05T23:59:59.999Z,0.0310468335,0.0313845366,0.0266496436,0.027062909
2026-02-06T23:59:59.999Z,0.027062909,0.0324802691,0.0254281162,0.0319891177
2026-02-07T23:59:59.999Z,0.0319891177,0.032458735,0.0303947048,0.0313642928
2026-02-08T23:59:59.999Z,0.0313642928,0.0349209673,0.0311928273,0.0340306554
2026-02-09T23:59:59.999Z,0.0340306554,0.0340324687,0.0314174658,0.0315946498
2026-02-10T23:59:59.999Z,0.0315946498,0.0317161717,0.030422074,0.031024385
2026-02-11T23:59:59.999Z,0.031024385,0.0328296442,0.0305916326,0.0314709531
2026-02-12T23:59:59.999Z,0.0314709531,0.0324969307,0.0308000392,0.031381393
2026-02-13T23:59:59.999Z,0.031381393,0.0324348921,0.030766384,0.0321423606
2026-02-14T23:59:59.999Z,0.0321427817,0.0336975246,0.0320970435,0.0334405842
2026-02-15T23:59:59.999Z,0.0334406315,0.0336783025,0.0312331589,0.0321104219
2026-02-16T23:59:59.999Z,0.0321104219,0.0324515488,0.0313122743,0.0322112039
2026-02-17T23:59:59.999Z,0.0322112039,0.0327923286,0.0314335628,0.0318778729
2026-02-18T23:59:59.999Z,0.0318778729,0.032615968,0.0309878014,0.0310608215
2026-02-19T23:59:59.999Z,0.0310608215,0.031348284,0.0296877738,0.0301163051
2026-02-20T23:59:59.999Z,0.0301163051,0.0319577239,0.0297409429,0.0311450407
2026-02-21T23:59:59.999Z,0.0311514861,0.0317674026,0.0307110348,0.031130273
2026-02-22T23:59:59.999Z,0.031130273,0.0311305441,0.0300120826,0.0303655884
2026-02-23T23:59:59.999Z,0.0303655884,0.0308990275,0.0291555671,0.0296634535
2026-02-24T23:59:59.999Z,0.0296634535,0.0300059803,0.0291445702,0.0291508232
2026-02-25T23:59:59.999Z,0.0291508232,0.032554251,0.0290894188,0.0308193375
2026-02-26T23:59:59.999Z,0.0308197889,0.0336441196,0.0308197889,0.0313555346
2026-02-27T23:59:59.999Z,0.0313555346,0.0317491816,0.0294607301,0.0302685318
2026-02-28T23:59:59.999Z,0.0302685318,0.0302711509,0.0283759639,0.0301014017
2026-03-01T23:59:59.999Z,0.0301014017,0.0308611014,0.0291477344,0.0293961071
2026-03-02T23:59:59.999Z,0.0293961071,0.0307297212,0.0293128119,0.0303286334
2026-03-03T23:59:59.999Z,0.0303286334,0.0307290378,0.0295003079,0.0305033445
2026-03-04T23:59:59.999Z,0.0305033445,0.0326875951,0.0302697611,0.0307619185
2026-03-05T23:59:59.999Z,0.0307619185,0.0314884631,0.0302927459,0.0304693407
2026-03-06T23:59:59.999Z,0.0304693407,0.0309742635,0.029690972,0.0301387563
2026-03-07T23:59:59.999Z,0.0301387563,0.030242672,0.0295232028,0.0295823041
2026-03-08T23:59:59.999Z,0.0295823292,0.029871124,0.0290678372,0.0295337553
2026-03-09T23:59:59.999Z,0.0295337553,0.0304774434,0.0293213416,0.030055366
2026-03-10T23:59:59.999Z,0.030055366,0.0309131944,0.0299838294,0.0302738977
2026-03-11T23:59:59.999Z,0.0302750357,0.0307020858,0.0299500181,0.0303697887
2026-03-12T23:59:59.999Z,0.0303697887,0.0306584004,0.0301326248,0.0305999158
2026-03-13T23:59:59.999Z,0.0305999158,0.0314018292,0.0302330783,0.0304828503
2026-03-14T23:59:59.999Z,0.0304827715,0.0306817068,0.0302548117,0.030678073
2026-03-15T23:59:59.999Z,0.030678073,0.0310296446,0.0301307986,0.030918841
2026-03-16T23:59:59.999Z,0.030918841,0.0341173233,0.030910756,0.033747322
2026-03-17T23:59:59.999Z,0.033747322,0.0369859194,0.0333320522,0.0362737146
2026-03-18T23:59:59.999Z,0.0362739089,0.0403749878,0.0362738976,0.0395403861
2026-03-19T23:59:59.999Z,0.0395403861,0.0417163178,0.0372295845,0.0373223999
2026-03-20T23:59:59.999Z,0.0373223999,0.0389640925,0.0342785195,0.038102994
2026-03-21T23:59:59.999Z,0.038102994,0.0385103307,0.0358724106,0.0358724106
2026-03-22T23:59:59.999Z,0.0358724106,0.0373832174,0.0357922393,0.0364262799
2026-03-23T23:59:59.999Z,0.0364262799,0.0365522003,0.0339218088,0.0350116129
2026-03-24T23:59:59.999Z,0.0350116129,0.0375469536,0.0344808213,0.0363003131
2026-03-25T23:59:59.999Z,0.0363003131,0.0400148279,0.0360823865,0.0385819561
2026-03-26T23:59:59.999Z,0.0385819561,0.0388132982,0.0354243543,0.0360363187
2026-03-27T23:59:59.999Z,0.0360363187,0.0365880192,0.0341814328,0.0344910503
2026-03-28T23:59:59.999Z,0.0344910503,0.0357190312,0.0341383951,0.0347710195
2026-03-29T23:59:59.999Z,0.0347709648,0.0354693981,0.0320984875,0.0328934406
2026-03-30T23:59:59.999Z,0.0328934406,0.0332701234,0.0317339516,0.0318934469
2026-03-31T23:59:59.999Z,0.0318934469,0.0328265244,0.0313831224,0.0326353679
2026-04-01T23:59:59.999Z,0.0326353679,0.0332561343,0.0312169554,0.0320919044
2026-04-02T23:59:59.999Z,0.0320919044,0.0322918473,0.0307938616,0.0312310605
2026-04-03T23:59:59.999Z,0.0312310605,0.0314543612,0.0307194239,0.0309538889
2026-04-04T23:59:59.999Z,0.0309538889,0.0318416918,0.0305825011,0.0311803777
2026-04-05T23:59:59.999Z,0.0311803777,0.0314711474,0.0305267248,0.0314711474
2026-04-06T23:59:59.999Z,0.0314711474,0.0317485468,0.030898507,0.0312195819
2026-04-07T23:59:59.999Z,0.0312195819,0.0329134618,0.0309198771,0.0328343215
2026-04-08T23:59:59.999Z,0.0328330172,0.0334055686,0.0319512397,0.0319573286
2026-04-09T23:59:59.999Z,0.0319573286,0.0325356884,0.0317180829,0.032140688
2026-04-10T23:59:59.999Z,0.0321416872,0.0341525802,0.0317564019,0.0334053616
2026-04-11T23:59:59.999Z,0.0334053616,0.0334863597,0.0325280322,0.0329397398
2026-04-12T23:59:59.999Z,0.0329397398,0.0330605296,0.0314394573,0.0314655653
2026-04-13T23:59:59.999Z,0.0314655653,0.0330319183,0.0314447511,0.03302955
2026-04-14T23:59:59.999Z,0.03302955,0.0333865286,0.0322020161,0.0323568829
2026-04-15T23:59:59.999Z,0.0323568829,0.03331431,0.0318554303,0.0331325693
2026-04-16T23:59:59.999Z,0.0331325693,0.0341187243,0.0327522808,0.0340720407
2026-04-17T23:59:59.999Z,0.0340720407,0.0371810856,0.0336884678,0.0361463002
2026-04-18T23:59:59.999Z,0.0361463002,0.0366688251,0.0340992776,0.0342147733
2026-04-19T23:59:59.999Z,0.0342147733,0.0353208648,0.034043216,0.0341866372
2026-04-20T23:59:59.999Z,0.0341866372,0.0351517969,0.0341007885,0.0348426423
2026-04-21T23:59:59.999Z,0.0348426423,0.0354355059,0.0337998169,0.0342529641
2026-04-22T23:59:59.999Z,0.0342529641,0.0352024612,0.0340438046,0.0343574918
2026-04-23T23:59:59.999Z,0.0343574918,0.0347344962,0.0332758016,0.0342889356
2026-04-24T23:59:59.999Z,0.0342889356,0.0343942124,0.0336161118,0.0337332123
2026-04-25T23:59:59.999Z,0.0337332123,0.0338058012,0.0332002514,0.0336413869
2026-04-26T23:59:59.999Z,0.0336413869,0.0341838238,0.033382463,0.0338771424
2026-04-27T23:59:59.999Z,0.0338771793,0.0344330281,0.0329435965,0.0333599512
2026-04-28T23:59:59.999Z,0.0333599512,0.0334016863,0.0325600805,0.0327788865
2026-04-29T23:59:59.999Z,0.0327788865,0.0333343905,0.0319825196,0.0325569901
2026-04-30T23:59:59.999Z,0.0325569901,0.0327216904,0.0321091499,0.0324996446
2026-05-01T23:59:59.999Z,0.0324996446,0.0330150341,0.0324267205,0.0326201274
2026-05-02T23:59:59.999Z,0.0326201274,0.0336180412,0.0323003365,0.0332142706
2026-05-03T23:59:59.999Z,0.0332142706,0.0342295208,0.0327428809,0.0336495415
2026-05-04T23:59:59.999Z,0.0336495415,0.0345762518,0.0333787957,0.0333996333
2026-05-05T23:59:59.999Z,0.0333996333,0.0346060987,0.0333980042,0.0344164941
2026-05-06T23:59:59.999Z,0.0344164941,0.0365218318,0.0343572584,0.0365214569
2026-05-07T23:59:59.999Z,0.0365214569,0.0372130253,0.034994704,0.0353846984
2026-05-08T23:59:59.999Z,0.0353846984,0.0370637003,0.0349743968,0.0364382619
2026-05-09T23:59:59.999Z,0.0364382619,0.0375804562,0.0363399616,0.0372412732
2026-05-10T23:59:59.999Z,0.0372412732,0.0389203888,0.0366648366,0.0385667769
2026-05-11T23:59:59.999Z,0.0385667769,0.040892954,0.0384518774,0.040394079
2026-05-12T23:59:59.999Z,0.040394079,0.0407037834,0.0373730851,0.0380718746
2026-05-13T23:59:59.999Z,0.0380718746,0.0388273812,0.0368262802,0.0372174315
2026-05-14T23:59:59.999Z,0.0372174315,0.0383514618,0.036490661,0.0375654498
2026-05-15T23:59:59.999Z,0.0375654498,0.0380436429,0.0350699482,0.0351260625
2026-05-16T23:59:59.999Z,0.0351260625,0.0352418958,0.0335291574,0.0341631916
2026-05-17T23:59:59.999Z,0.0341631916,0.0350235123,0.0337327741,0.033990792
2026-05-18T23:59:59.999Z,0.033990792,0.0348440217,0.0335325767,0.0347977527
2026-05-19T23:59:59.999Z,0.0347977527,0.03493863,0.0335806117,0.0336944878
2026-05-20T23:59:59.999Z,0.0336944878,0.0350553998,0.0335873002,0.0349140938
2026-05-21T23:59:59.999Z,0.0349140938,0.0356938706,0.0338128649,0.0352559545
2026-05-22T23:59:59.999Z,0.0352559545,0.0353996224,0.0335963422,0.0337097981
2026-05-23T23:59:59.999Z,0.0337097981,0.0342635248,0.0324746073,0.0338345844
2026-05-24T23:59:59.999Z,0.0338345844,0.0342583171,0.0328016562,0.0333520564
2026-05-25T23:59:59.999Z,0.0333520564,0.034089944,0.0331302845,0.0336603176
2026-05-26T23:59:59.999Z,0.0336603176,0.0337090153,0.0324410122,0.0326370084
2026-05-27T23:59:59.999Z,0.0326370007,0.0329377634,0.0319243554,0.0320630405
2026-05-28T23:59:59.999Z,0.0320630405,0.0320921485,0.0305052939,0.0310869176
2026-05-29T23:59:59.999Z,0.0310869729,0.0315740045,0.0302390851,0.0309540488
2026-05-30T23:59:59.999Z,0.0309540488,0.0314149179,0.0301059989,0.0308053184
2026-05-31T23:59:59.999Z,0.0308053184,0.0309628694,0.0299707228,0.030684243
2026-06-01T23:59:59.999Z,0.030684243,0.0307737249,0.0293393724,0.0304102466
2026-06-02T23:59:59.999Z,0.0304102466,0.0304332989,0.0281736298,0.0284850883
2026-06-03T23:59:59.999Z,0.0284850883,0.0328696806,0.0283217656,0.0319093495
2026-06-04T23:59:59.999Z,0.0319093495,0.0321000359,0.0287200364,0.0294871415
2026-06-05T23:59:59.999Z,0.02948718,0.0319412606,0.0287625494,0.0308548886
2026-06-06T23:59:59.999Z,0.0308548886,0.0313602113,0.0295842822,0.029988472
2026-06-07T23:59:59.999Z,0.029988472,0.0312049038,0.029953391,0.0312049038
2026-06-08T23:59:59.999Z,0.0312049038,0.0333446825,0.0308827362,0.0320490381
2026-06-09T23:59:59.999Z,0.0320490381,0.0324654249,0.0299655569,0.0302178713
2026-06-10T23:59:59.999Z,0.0302178713,0.0324149951,0.0300575847,0.0303525877
2026-06-11T23:59:59.999Z,0.0303525877,0.0312835518,0.0301877511,0.0310691284
2026-06-12T23:59:59.999Z,0.0310691284,0.0314331382,0.030521518,0.0309302273
2026-06-13T23:59:59.999Z,0.0309302273,0.0318532196,0.0307601897,0.0313945614
2026-06-14T23:59:59.999Z,0.0313945614,0.0322780041,0.0311478578,0.0322407791
2026-06-15T23:59:59.999Z,0.0322408974,0.0336380281,0.0319223535,0.0330204922
2026-06-16T23:59:59.999Z,0.0330204922,0.0346330952,0.0324845076,0.0324845076
2026-06-17T23:59:59.999Z,0.0324845076,0.0328264716,0.0311783576,0.0319038175
2026-06-18T23:59:59.999Z,0.0319038175,0.0319327968,0.0297712299,0.0304071237
2026-06-19T23:59:59.999Z,0.0304071237,0.0305303422,0.0296125425,0.0298914176
2026-06-20T23:59:59.999Z,0.0298914176,0.0304656401,0.0295704484,0.0297786593
2026-06-21T23:59:59.999Z,0.0297786593,0.0300346593,0.0291418923,0.029169265
2026-06-22T23:59:59.999Z,0.029169265,0.0303212724,0.0291597627,0.0293473135
2026-06-23T23:59:59.999Z,0.0293473135,0.0301588126,0.0283049171,0.0288608262
2026-06-24T23:59:59.999Z,0.0288607983,0.0295750992,0.0271134259,0.0279335729
2026-06-25T23:59:59.999Z,0.0279335729,0.0282935931,0.0267693411,0.0275496184
2026-06-26T23:59:59.999Z,0.0275496184,0.0284009293,0.0269773007,0.0280656447
2026-06-27T23:59:59.999Z,0.0280656447,0.0291453928,0.0276156355,0.0277854661
2026-06-28T23:59:59.999Z,0.0277854661,0.0280325139,0.0272512569,0.0277065439
2026-06-29T23:59:59.999Z,0.0277065439,0.0304416072,0.0275820097,0.0302475988
2026-06-30T23:59:59.999Z,0.0302475988,0.0318862209,0.029082272,0.0292477939
2026-07-01T23:59:59.999Z,0.0292477939,0.0315738183,0.0292388997,0.0308196023
2026-07-02T23:59:59.999Z,0.0308196023,0.0313401007,0.030595118,0.03096351
2026-07-03T23:59:59.999Z,0.03096351,0.0314089166,0.0307318132,0.0313791091
2026-07-04T23:59:59.999Z,0.0313791091,0.0319254663,0.0309875569,0.0318700192
2026-07-05T23:59:59.999Z,0.0318699224,0.0318699794,0.0307405134,0.0309453703
2026-07-06T23:59:59.999Z,0.0309453703,0.0310430876,0.0300379125,0.0302371475
2026-07-07T23:59:59.999Z,0.0302371475,0.03024146,0.0292234157,0.0292714262
2026-07-08T23:59:59.999Z,0.0292714262,0.0295512906,0.0286654812,0.0292237836
2026-07-09T23:59:59.999Z,0.0292237836,0.029758145,0.0289143823,0.0295007547
2026-07-10T23:59:59.999Z,0.0295007547,0.0300626686,0.0294416868,0.0294589388
2026-07-11T23:59:59.999Z,0.0294589388,0.0303271646,0.0293435615,0.0293456689
2026-07-12T23:59:59.999Z,0.0293456689,0.029355732,0.0284268146,0.0284322777
2026-07-13T23:59:59.999Z,0.0284322777,0.029009757,0.0280576553,0.0283804685
2026-07-14T23:59:59.999Z,0.0283804685,0.0289300396,0.0281112662,0.0285889265
2026-07-15T23:59:59.999Z,0.0285889461,0.0292064945,0.0284642424,0.0288956399
2026-07-16T23:59:59.999Z,0.0288956399,0.0291162627,0.0281817969,0.0281871848
2026-07-17T23:59:59.999Z,0.0281871848,0.0283797334,0.0275610506,0.0278656093
2026-07-18T23:59:59.999Z,0.0278656093,0.028002066,0.027357548,0.0277789687
2026-07-19T23:59:59.999Z,0.0277789687,0.0283074573,0.0276113992,0.028286188
2026-07-20T23:59:59.999Z,0.028286188,0.0284471245,0.0276878433,0.0283619867
2026-07-21T23:59:59.999Z,0.0283619867,0.0287324305,0.0281480953,0.0285777674
2026-07-22T23:59:59.999Z,0.0285777674,0.0286158326,0.0279511421,0.0282041424
2026-07-23T23:59:59.999Z,0.0282041424,0.0284688847,0.0278337773,0.0279743518
2026-07-24T23:59:59.999Z,0.0279741764,0.0283248443,0.0275799052,0.0277007148
2026-07-25T23:59:59.999Z,0.0277007148,0.0282048574,0.0275503463,0.028064076
2026-07-26T23:59:59.999Z,0.028064076,0.0293071692,0.0280160556,0.0292676773
2026-07-27T23:59:59.999Z,0.0292676773,0.029764457,0.0280826486,0.028131227
2026-07-28T23:59:59.999Z,0.0281312549,0.0281330058,0.0275025007,0.027909198
2026-07-29T23:59:59.999Z,0.027909198,0.028011943,0.0271820618,0.027402913
2026-07-30T23:59:59.999Z,0.0274029667,0.0277117094,0.0272885189,0.0276573348
2026-07-31T23:59:59.999Z,0.0276573348,0.0279027581,0.0270993195,0.0271916511
2026-08-01T23:59:59.999Z,0.0271916511,0.0273575933,0.0264531352,0.0267717136
2026-08-02T23:59:59.999Z,0.0267717163,0.0271545304,0.026616462,0.0267868831
2026-08-03T23:59:59.999Z,0.0267868831,0.0267993318,0.025958989,0.0261209736
2026-08-04T23:59:59.999Z,0.0261209736,0.0269666368,0.0258149537,0.0264097894
2026-08-05T23:59:59.999Z,0.0264097894,0.0264851546,0.0259446257,0.0260588565
2026-08-06T23:59:59.999Z,0.0260588565,0.0263162615,0.0251398705,0.0256232447
2026-08-07T23:59:59.999Z,0.0256232447,0.026563857,0.025403722,0.0264217882
2026-08-08T23:59:59.999Z,0.0264217882,0.0271649437,0.026336135,0.0266505722
2026-08-09T23:59:59.999Z,0.0266505722,0.0267949053,0.0260102971,0.0260110155
2026-08-10T23:59:59.999Z,0.0260110155,0.0262812703,0.0258580743,0.0259111403
2026-08-11T23:59:59.999Z,0.0259111893,0.0264722959,0.0256066938,0.0259623253
2026-08-12T23:59:59.999Z,0.0259623253,0.026161793,0.025221379,0.0255091116
2026-08-13T23:59:59.999Z,0.0255091116,0.025751489,0.025159556,0.0252258954
