// KasKold — Air-gapped offline signing device for Kaspa
// Copyright (C) 2025-2026 KasSigner Project (kassigner@proton.me)
//
// This program is free software: you can redistribute it and/or modify
// it under the terms of the GNU General Public License as published by
// the Free Software Foundation, either version 3 of the License, or
// (at your option) any later version.
//
// This program is distributed in the hope that it will be useful,
// but WITHOUT ANY WARRANTY; without even the implied warranty of
// MERCHANTABILITY or FITNESS FOR A PARTICULAR PURPOSE. See the
// GNU General Public License for more details.
//
// You should have received a copy of the GNU General Public License
// along with this program. If not, see <https://www.gnu.org/licenses/>.

// ui/prop_fonts.rs — Proportional bitmap font data (Lato, Oswald, Rubik)
// Rubik Bold 26px (logo/brand) | Oswald Bold 22px (headers)
// Lato Bold 18px (titles) | Lato Regular 15px (body) | Lato Regular 12px (hints)
// Auto-generated from TTF. SIL Open Font License.


use embedded_graphics::prelude::*;
use embedded_graphics::pixelcolor::Rgb565;

// Bitmap font: LATO_15 — Lato-Regular.ttf, 15px
/// Lato Regular 15px bitmap font data (ASCII 32-126).
pub const LATO_15_HEIGHT: u8 = 15;
pub const LATO_15_ASCENT: u8 = 12;
pub const LATO_15_FIRST: u8 = 32;
pub const LATO_15_LAST: u8 = 126;

pub const LATO_15_WIDTHS: [u8; 95] = [
     5, 5, 6, 9, 9,12,11, 3, 5, 5, 6, 9, 3, 5, 3, 6,
     9, 9, 9, 9, 9, 9, 9, 9, 9, 9, 4, 4, 9, 9, 9, 6,
    12,10,10,10,11, 9, 8,11,11, 5, 7,10, 8,14,11,12,
     9,12,10, 8, 9,11,10,15,10, 9, 9, 5, 6, 5, 9, 6,
     5, 8, 8, 7, 8, 8, 5, 8, 8, 4, 4, 8, 4,12, 8, 8,
     8, 8, 6, 7, 6, 8, 8,11, 8, 8, 7, 5, 5, 5, 9,
];

pub const LATO_15_OFFSETS: [u16; 95] = [
        0,   15,   30,   45,   75,  105,  135,  165,  180,  195,  210,  225,
      255,  270,  285,  300,  315,  345,  375,  405,  435,  465,  495,  525,
      555,  585,  615,  630,  645,  675,  705,  735,  750,  780,  810,  840,
      870,  900,  930,  945,  975, 1005, 1020, 1035, 1065, 1080, 1110, 1140,
     1170, 1200, 1230, 1260, 1275, 1305, 1335, 1365, 1395, 1425, 1455, 1485,
     1500, 1515, 1530, 1560, 1575, 1590, 1605, 1620, 1635, 1650, 1665, 1680,
     1695, 1710, 1725, 1740, 1755, 1770, 1800, 1815, 1830, 1845, 1860, 1875,
     1890, 1905, 1920, 1935, 1965, 1980, 1995, 2010, 2025, 2040, 2055,
];

pub const LATO_15_DATA: [u8; 2085] = [
    0x00,0x00,0x00,0x00,0x00,0x00,0x00,0x00,0x00,0x00,0x00,0x00,0x00,0x00,0x00,0x00,
    0x20,0x20,0x20,0x20,0x20,0x20,0x20,0x00,0x00,0x20,0x20,0x00,0x00,0x00,0x00,0x48,
    0x48,0x48,0x48,0x00,0x00,0x00,0x00,0x00,0x00,0x00,0x00,0x00,0x00,0x00,0x00,0x12,
    0x00,0x12,0x00,0x12,0x00,0x7F,0x00,0x36,0x00,0x24,0x00,0x24,0x00,0xFF,0x00,0x24,
    0x00,0x6C,0x00,0x6C,0x00,0x00,0x00,0x00,0x00,0x00,0x00,0x08,0x00,0x1E,0x00,0x3F,
    0x00,0x68,0x00,0x68,0x00,0x38,0x00,0x1E,0x00,0x0B,0x00,0x0B,0x00,0x0B,0x00,0x6A,
    0x00,0x3E,0x00,0x08,0x00,0x08,0x00,0x00,0x00,0x00,0x00,0x70,0x40,0x48,0xC0,0xC9,
    0x80,0x49,0x00,0x7A,0x00,0x07,0xC0,0x0D,0x60,0x0B,0x20,0x13,0x20,0x31,0x20,0x61,
    0xC0,0x00,0x00,0x00,0x00,0x00,0x00,0x00,0x00,0x1E,0x00,0x33,0x00,0x20,0x00,0x30,
    0x00,0x10,0x00,0x38,0x80,0x44,0x80,0x47,0x80,0x43,0x80,0x67,0x80,0x3C,0xC0,0x00,
    0x00,0x00,0x00,0x00,0x00,0x00,0x40,0x40,0x40,0x40,0x00,0x00,0x00,0x00,0x00,0x00,
    0x00,0x00,0x00,0x00,0x00,0x30,0x20,0x60,0x60,0x40,0x40,0x40,0x40,0x60,0x60,0x20,
    0x30,0x10,0x00,0x00,0x40,0x60,0x60,0x20,0x20,0x20,0x20,0x20,0x20,0x20,0x60,0x40,
    0x40,0x00,0x00,0x00,0x78,0x30,0x78,0x00,0x00,0x00,0x00,0x00,0x00,0x00,0x00,0x00,
    0x00,0x00,0x00,0x00,0x00,0x00,0x00,0x08,0x00,0x08,0x00,0x08,0x00,0x08,0x00,0x7F,
    0x00,0x08,0x00,0x08,0x00,0x08,0x00,0x00,0x00,0x00,0x00,0x00,0x00,0x00,0x00,0x00,
    0x00,0x00,0x00,0x00,0x00,0x00,0x00,0x00,0x00,0x40,0x60,0x40,0x40,0x00,0x00,0x00,
    0x00,0x00,0x00,0x00,0x00,0x78,0x00,0x00,0x00,0x00,0x00,0x00,0x00,0x00,0x00,0x00,
    0x00,0x00,0x00,0x00,0x00,0x00,0x00,0x40,0x40,0x00,0x00,0x00,0x00,0x0C,0x08,0x08,
    0x10,0x10,0x30,0x20,0x20,0x40,0x40,0xC0,0x80,0x00,0x00,0x00,0x00,0x3C,0x00,0x66,
    0x00,0x43,0x00,0x41,0x00,0xC1,0x00,0xC1,0x00,0xC1,0x00,0x41,0x00,0x43,0x00,0x66,
    0x00,0x3C,0x00,0x00,0x00,0x00,0x00,0x00,0x00,0x00,0x00,0x0C,0x00,0x1C,0x00,0x3C,
    0x00,0x2C,0x00,0x0C,0x00,0x0C,0x00,0x0C,0x00,0x0C,0x00,0x0C,0x00,0x0C,0x00,0x3F,
    0x00,0x00,0x00,0x00,0x00,0x00,0x00,0x00,0x00,0x3C,0x00,0x66,0x00,0x63,0x00,0x03,
    0x00,0x03,0x00,0x06,0x00,0x0C,0x00,0x18,0x00,0x30,0x00,0x60,0x00,0x7F,0x00,0x00,
    0x00,0x00,0x00,0x00,0x00,0x00,0x00,0x1E,0x00,0x33,0x00,0x63,0x00,0x03,0x00,0x02,
    0x00,0x0E,0x00,0x03,0x00,0x03,0x00,0x43,0x00,0x63,0x00,0x3E,0x00,0x00,0x00,0x00,
    0x00,0x00,0x00,0x00,0x00,0x06,0x00,0x0E,0x00,0x0E,0x00,0x16,0x00,0x36,0x00,0x66,
    0x00,0x46,0x00,0xFF,0x80,0x06,0x00,0x06,0x00,0x06,0x00,0x00,0x00,0x00,0x00,0x00,
    0x00,0x00,0x00,0x3E,0x00,0x20,0x00,0x20,0x00,0x20,0x00,0x7C,0x00,0x06,0x00,0x03,
    0x00,0x03,0x00,0x03,0x00,0x66,0x00,0x7C,0x00,0x00,0x00,0x00,0x00,0x00,0x00,0x00,
    0x00,0x04,0x00,0x0C,0x00,0x18,0x00,0x30,0x00,0x3E,0x00,0x67,0x00,0x43,0x00,0x41,
    0x00,0x43,0x00,0x66,0x00,0x3C,0x00,0x00,0x00,0x00,0x00,0x00,0x00,0x00,0x00,0x7F,
    0x00,0x03,0x00,0x03,0x00,0x06,0x00,0x06,0x00,0x0C,0x00,0x0C,0x00,0x18,0x00,0x18,
    0x00,0x30,0x00,0x30,0x00,0x00,0x00,0x00,0x00,0x00,0x00,0x00,0x00,0x3C,0x00,0x66,
    0x00,0x63,0x00,0x63,0x00,0x62,0x00,0x3E,0x00,0x67,0x00,0x43,0x00,0x43,0x00,0x63,
    0x00,0x3E,0x00,0x00,0x00,0x00,0x00,0x00,0x00,0x00,0x00,0x1E,0x00,0x33,0x00,0x61,
    0x00,0x61,0x00,0x63,0x00,0x3F,0x00,0x06,0x00,0x06,0x00,0x0C,0x00,0x18,0x00,0x10,
    0x00,0x00,0x00,0x00,0x00,0x00,0x00,0x00,0x00,0x00,0x00,0x60,0x60,0x00,0x00,0x00,
    0x00,0x60,0x60,0x00,0x00,0x00,0x00,0x00,0x00,0x00,0x60,0x60,0x00,0x00,0x00,0x00,
    0x60,0x60,0x20,0x40,0x00,0x00,0x00,0x00,0x00,0x00,0x00,0x00,0x00,0x06,0x00,0x1C,
    0x00,0x70,0x00,0x70,0x00,0x1C,0x00,0x06,0x00,0x00,0x00,0x00,0x00,0x00,0x00,0x00,
    0x00,0x00,0x00,0x00,0x00,0x00,0x00,0x00,0x00,0x00,0x00,0x7F,0x00,0x00,0x00,0x00,
    0x00,0x7F,0x00,0x00,0x00,0x00,0x00,0x00,0x00,0x00,0x00,0x00,0x00,0x00,0x00,0x00,
    0x00,0x00,0x00,0x00,0x00,0x00,0x00,0x00,0x00,0x30,0x00,0x1C,0x00,0x06,0x00,0x06,
    0x00,0x18,0x00,0x20,0x00,0x00,0x00,0x00,0x00,0x00,0x00,0x00,0x00,0x00,0x00,0x00,
    0x78,0xCC,0x0C,0x0C,0x18,0x30,0x20,0x00,0x00,0x20,0x30,0x00,0x00,0x00,0x00,0x00,
    0x00,0x00,0x0F,0x80,0x18,0xC0,0x20,0x20,0x47,0xB0,0x4D,0x90,0x49,0x90,0x59,0x30,
    0x5B,0x20,0x4F,0xC0,0x60,0x00,0x38,0x60,0x0F,0xC0,0x00,0x00,0x00,0x00,0x0C,0x00,
    0x0E,0x00,0x1E,0x00,0x1A,0x00,0x33,0x00,0x33,0x00,0x21,0x80,0x7F,0x80,0x61,0x80,
    0x40,0xC0,0xC0,0xC0,0x00,0x00,0x00,0x00,0x00,0x00,0x00,0x00,0x7E,0x00,0x63,0x00,
    0x61,0x80,0x61,0x80,0x63,0x00,0x7E,0x00,0x63,0x00,0x61,0x80,0x61,0x80,0x63,0x00,
    0x7E,0x00,0x00,0x00,0x00,0x00,0x00,0x00,0x00,0x00,0x1F,0x80,0x38,0xC0,0x60,0x00,
    0x60,0x00,0x40,0x00,0x40,0x00,0x40,0x00,0x60,0x00,0x60,0x00,0x30,0xC0,0x1F,0x00,
    0x00,0x00,0x00,0x00,0x00,0x00,0x00,0x00,0x7F,0x00,0x61,0x80,0x60,0xC0,0x60,0x40,
    0x60,0x60,0x60,0x60,0x60,0x60,0x60,0x40,0x60,0xC0,0x61,0x80,0x7F,0x00,0x00,0x00,
    0x00,0x00,0x00,0x00,0x00,0x00,0x7F,0x00,0x60,0x00,0x60,0x00,0x60,0x00,0x60,0x00,
    0x7E,0x00,0x60,0x00,0x60,0x00,0x60,0x00,0x60,0x00,0x7F,0x00,0x00,0x00,0x00,0x00,
    0x00,0x00,0x00,0x7F,0x60,0x60,0x60,0x60,0x7E,0x60,0x60,0x60,0x60,0x60,0x00,0x00,
    0x00,0x00,0x00,0x1F,0x80,0x38,0xC0,0x60,0x00,0x60,0x00,0x40,0x00,0x41,0xC0,0x40,
    0x40,0x60,0x40,0x60,0x40,0x38,0xC0,0x1F,0x80,0x00,0x00,0x00,0x00,0x00,0x00,0x00,
    0x00,0x60,0xC0,0x60,0xC0,0x60,0xC0,0x60,0xC0,0x60,0xC0,0x7F,0xC0,0x60,0xC0,0x60,
    0xC0,0x60,0xC0,0x60,0xC0,0x60,0xC0,0x00,0x00,0x00,0x00,0x00,0x00,0x00,0x60,0x60,
    0x60,0x60,0x60,0x60,0x60,0x60,0x60,0x60,0x60,0x00,0x00,0x00,0x00,0x08,0x08,0x08,
    0x08,0x08,0x08,0x08,0x08,0x08,0x18,0xF0,0x00,0x00,0x00,0x00,0x00,0x60,0x80,0x61,
    0x80,0x63,0x00,0x66,0x00,0x6C,0x00,0x7C,0x00,0x6C,0x00,0x66,0x00,0x63,0x00,0x61,
    0x80,0x60,0xC0,0x00,0x00,0x00,0x00,0x00,0x00,0x00,0x60,0x60,0x60,0x60,0x60,0x60,
    0x60,0x60,0x60,0x60,0x7F,0x00,0x00,0x00,0x00,0x00,0x60,0x18,0x70,0x38,0x70,0x38,
    0x78,0x78,0x68,0x58,0x6C,0xD8,0x65,0x98,0x67,0x98,0x63,0x18,0x60,0x18,0x60,0x18,
    0x00,0x00,0x00,0x00,0x00,0x00,0x00,0x00,0x60,0x40,0x70,0x40,0x70,0x40,0x78,0x40,
    0x6C,0x40,0x66,0x40,0x66,0x40,0x63,0xC0,0x61,0xC0,0x60,0xC0,0x60,0xC0,0x00,0x00,
    0x00,0x00,0x00,0x00,0x00,0x00,0x1F,0x80,0x39,0xC0,0x60,0x60,0x60,0x60,0x40,0x20,
    0x40,0x20,0x40,0x20,0x60,0x60,0x60,0x60,0x39,0xC0,0x1F,0x80,0x00,0x00,0x00,0x00,
    0x00,0x00,0x00,0x00,0x7E,0x00,0x63,0x00,0x61,0x80,0x61,0x80,0x61,0x80,0x63,0x00,
    0x7E,0x00,0x60,0x00,0x60,0x00,0x60,0x00,0x60,0x00,0x00,0x00,0x00,0x00,0x00,0x00,
    0x00,0x00,0x1F,0x80,0x39,0xC0,0x60,0x60,0x60,0x60,0x40,0x20,0x40,0x20,0x40,0x20,
    0x60,0x60,0x60,0x60,0x39,0xC0,0x1F,0x80,0x00,0xC0,0x00,0x60,0x00,0x30,0x00,0x00,
    0x7E,0x00,0x63,0x00,0x61,0x00,0x61,0x00,0x63,0x00,0x7E,0x00,0x64,0x00,0x66,0x00,
    0x63,0x00,0x61,0x00,0x61,0x80,0x00,0x00,0x00,0x00,0x00,0x00,0x00,0x3C,0x66,0x40,
    0x60,0x70,0x3C,0x06,0x02,0x02,0x66,0x7C,0x00,0x00,0x00,0x00,0x00,0xFF,0x80,0x08,
    0x00,0x08,0x00,0x08,0x00,0x08,0x00,0x08,0x00,0x08,0x00,0x08,0x00,0x08,0x00,0x08,
    0x00,0x08,0x00,0x00,0x00,0x00,0x00,0x00,0x00,0x00,0x00,0x60,0xC0,0x60,0xC0,0x60,
    0xC0,0x60,0xC0,0x60,0xC0,0x60,0xC0,0x60,0xC0,0x60,0xC0,0x60,0x80,0x31,0x80,0x1F,
    0x00,0x00,0x00,0x00,0x00,0x00,0x00,0x00,0x00,0xC0,0xC0,0x40,0xC0,0x60,0x80,0x61,
    0x80,0x21,0x00,0x33,0x00,0x13,0x00,0x1A,0x00,0x1E,0x00,0x0C,0x00,0x0C,0x00,0x00,
    0x00,0x00,0x00,0x00,0x00,0x00,0x00,0xC1,0x86,0xC3,0x86,0x63,0x86,0x62,0xC4,0x66,
    0xCC,0x26,0x4C,0x34,0x68,0x3C,0x78,0x1C,0x38,0x18,0x30,0x18,0x30,0x00,0x00,0x00,
    0x00,0x00,0x00,0x00,0x00,0xC1,0x80,0x61,0x80,0x33,0x00,0x36,0x00,0x1E,0x00,0x0C,
    0x00,0x1E,0x00,0x36,0x00,0x23,0x00,0x61,0x80,0xC1,0x80,0x00,0x00,0x00,0x00,0x00,
    0x00,0x00,0x00,0xC1,0x80,0x61,0x80,0x63,0x00,0x32,0x00,0x16,0x00,0x1C,0x00,0x0C,
    0x00,0x0C,0x00,0x0C,0x00,0x0C,0x00,0x0C,0x00,0x00,0x00,0x00,0x00,0x00,0x00,0x00,
    0x00,0x7F,0x80,0x03,0x00,0x03,0x00,0x06,0x00,0x0C,0x00,0x0C,0x00,0x18,0x00,0x30,
    0x00,0x30,0x00,0x60,0x00,0x7F,0x80,0x00,0x00,0x00,0x00,0x00,0x00,0x70,0x40,0x40,
    0x40,0x40,0x40,0x40,0x40,0x40,0x40,0x40,0x40,0x40,0x70,0x00,0x00,0x80,0xC0,0x40,
    0x40,0x60,0x20,0x30,0x10,0x10,0x18,0x08,0x0C,0x00,0x00,0x70,0x30,0x30,0x30,0x30,
    0x30,0x30,0x30,0x30,0x30,0x30,0x30,0x30,0x70,0x00,0x00,0x00,0x18,0x00,0x1C,0x00,
    0x34,0x00,0x26,0x00,0x62,0x00,0x00,0x00,0x00,0x00,0x00,0x00,0x00,0x00,0x00,0x00,
    0x00,0x00,0x00,0x00,0x00,0x00,0x00,0x00,0x00,0x00,0x00,0x00,0x00,0x00,0x00,0x00,
    0x00,0x00,0x00,0x00,0x00,0xFC,0x00,0x00,0x40,0x20,0x00,0x00,0x00,0x00,0x00,0x00,
    0x00,0x00,0x00,0x00,0x00,0x00,0x00,0x00,0x00,0x00,0x3C,0x64,0x06,0x3E,0x66,0x46,
    0x4E,0x7E,0x00,0x00,0x00,0x00,0x60,0x60,0x60,0x7E,0x66,0x63,0x63,0x63,0x63,0x66,
    0x7C,0x00,0x00,0x00,0x00,0x00,0x00,0x00,0x3C,0x64,0x40,0x40,0x40,0x40,0x66,0x3C,
    0x00,0x00,0x00,0x00,0x02,0x02,0x02,0x3E,0x66,0x42,0xC2,0xC2,0x42,0x66,0x3A,0x00,
    0x00,0x00,0x00,0x00,0x00,0x00,0x3C,0x66,0x42,0xFE,0xC0,0x40,0x62,0x3C,0x00,0x00,
    0x00,0x00,0x38,0x60,0x60,0xF8,0x60,0x60,0x60,0x60,0x60,0x60,0x60,0x00,0x00,0x00,
    0x00,0x00,0x00,0x00,0x3F,0x66,0x46,0x64,0x3C,0x40,0x7E,0x46,0xC2,0x46,0x7C,0x00,
    0x60,0x60,0x60,0x7C,0x66,0x62,0x63,0x63,0x63,0x63,0x63,0x00,0x00,0x00,0x00,0x60,
    0x60,0x00,0x60,0x60,0x60,0x60,0x60,0x60,0x60,0x60,0x00,0x00,0x00,0x00,0x60,0x60,
    0x00,0x60,0x60,0x60,0x60,0x60,0x60,0x60,0x60,0x60,0x60,0xC0,0x00,0x60,0x60,0x60,
    0x66,0x6C,0x78,0x78,0x78,0x6C,0x66,0x62,0x00,0x00,0x00,0x00,0x60,0x60,0x60,0x60,
    0x60,0x60,0x60,0x60,0x60,0x60,0x60,0x00,0x00,0x00,0x00,0x00,0x00,0x00,0x00,0x00,
    0x00,0x00,0x5D,0xC0,0x67,0x60,0x66,0x20,0x66,0x30,0x66,0x30,0x66,0x30,0x66,0x30,
    0x66,0x30,0x00,0x00,0x00,0x00,0x00,0x00,0x00,0x00,0x00,0x00,0x5C,0x66,0x62,0x63,
    0x63,0x63,0x63,0x63,0x00,0x00,0x00,0x00,0x00,0x00,0x00,0x3C,0x66,0x43,0x43,0xC3,
    0x43,0x66,0x3C,0x00,0x00,0x00,0x00,0x00,0x00,0x00,0x5E,0x66,0x63,0x63,0x63,0x63,
    0x66,0x7C,0x60,0x60,0x60,0x00,0x00,0x00,0x00,0x3E,0x66,0x42,0xC2,0xC2,0x42,0x66,
    0x3A,0x02,0x02,0x02,0x00,0x00,0x00,0x00,0x5C,0x60,0x60,0x60,0x60,0x60,0x60,0x60,
    0x00,0x00,0x00,0x00,0x00,0x00,0x00,0x38,0x40,0x40,0x70,0x1C,0x0C,0x4C,0x78,0x00,
    0x00,0x00,0x00,0x20,0x20,0x20,0xF8,0x60,0x60,0x60,0x60,0x60,0x60,0x38,0x00,0x00,
    0x00,0x00,0x00,0x00,0x00,0x42,0x42,0x42,0x42,0x42,0x42,0x66,0x3A,0x00,0x00,0x00,
    0x00,0x00,0x00,0x00,0xC2,0x42,0x66,0x64,0x2C,0x3C,0x18,0x18,0x00,0x00,0x00,0x00,
    0x00,0x00,0x00,0x00,0x00,0x00,0x00,0xC6,0x20,0xC6,0x20,0x4E,0x60,0x6B,0x40,0x6B,
    0x40,0x39,0xC0,0x31,0xC0,0x31,0x80,0x00,0x00,0x00,0x00,0x00,0x00,0x00,0x00,0x00,
    0x00,0x46,0x64,0x3C,0x38,0x38,0x2C,0x64,0xC6,0x00,0x00,0x00,0x00,0x00,0x00,0x00,
    0xC2,0x42,0x66,0x64,0x2C,0x38,0x18,0x18,0x10,0x30,0x20,0x00,0x00,0x00,0x00,0x7C,
    0x0C,0x08,0x18,0x30,0x20,0x60,0xFC,0x00,0x00,0x00,0x30,0x60,0x40,0x40,0x60,0x60,
    0xC0,0x40,0x60,0x40,0x40,0x40,0x60,0x30,0x00,0x20,0x20,0x20,0x20,0x20,0x20,0x20,
    0x20,0x20,0x20,0x20,0x20,0x20,0x20,0x20,0x60,0x20,0x30,0x20,0x20,0x20,0x10,0x30,
    0x20,0x20,0x30,0x30,0x20,0x60,0x00,0x00,0x00,0x00,0x00,0x00,0x00,0x00,0x00,0x00,
    0x00,0x00,0x00,0x3B,0x00,0x4E,0x00,0x40,0x00,0x00,0x00,0x00,0x00,0x00,0x00,0x00,
    0x00,0x00,0x00,0x00,0x00,
];

// Bitmap font: LATO_18 — Lato-Regular.ttf, 18px (height=18, ascent=15)
/// Lato Regular 18px bitmap font data.
pub const LATO_18_HEIGHT: u8 = 18;
pub const LATO_18_ASCENT: u8 = 15;
pub const LATO_18_FIRST: u8 = 32;
pub const LATO_18_LAST: u8 = 126;

pub const LATO_18_WIDTHS: [u8; 95] = [
     3, 6, 7,10,10,14,13, 4, 5, 5, 7,10, 4, 6, 4, 7,
    10,10,10,10,10,10,10,10,10,10, 5, 5,10,10,10, 7,
    15,12,12,12,14,10,10,13,14, 6, 8,12, 9,17,14,14,
    11,14,12,10,11,13,12,18,12,11,11, 5, 7, 5,10, 7,
     6, 9,10, 8,10, 9, 6, 9,10, 5, 5, 9, 5,15,10,10,
    10,10, 7, 8, 7,10, 9,14, 9, 9, 8, 5, 5, 5,10,
];

pub const LATO_18_OFFSETS: [u16; 95] = [
        0,   18,   36,   54,   90,  126,  162,  198,  216,  234,  252,  270,
      306,  324,  342,  360,  378,  414,  450,  486,  522,  558,  594,  630,
      666,  702,  738,  756,  774,  810,  846,  882,  900,  936,  972, 1008,
     1044, 1080, 1116, 1152, 1188, 1224, 1242, 1260, 1296, 1332, 1386, 1422,
     1458, 1494, 1530, 1566, 1602, 1638, 1674, 1710, 1764, 1800, 1836, 1872,
     1890, 1908, 1926, 1962, 1980, 1998, 2034, 2070, 2088, 2124, 2160, 2178,
     2214, 2250, 2268, 2286, 2322, 2340, 2376, 2412, 2448, 2484, 2520, 2538,
     2556, 2574, 2610, 2646, 2682, 2718, 2754, 2772, 2790, 2808, 2826,
];

pub const LATO_18_DATA: [u8; 2862] = [
    0x00,0x00,0x00,0x00,0x00,0x00,0x00,0x00,0x00,0x00,0x00,0x00,0x00,0x00,0x00,0x00,
    0x00,0x00,0x00,0x00,0x30,0x30,0x30,0x30,0x30,0x30,0x30,0x10,0x00,0x00,0x00,0x30,
    0x30,0x00,0x00,0x00,0x00,0x00,0x6C,0x6C,0x6C,0x24,0x00,0x00,0x00,0x00,0x00,0x00,
    0x00,0x00,0x00,0x00,0x00,0x00,0x00,0x00,0x00,0x00,0x09,0x80,0x09,0x80,0x19,0x00,
    0x19,0x00,0x7F,0xC0,0x13,0x00,0x13,0x00,0x12,0x00,0x7F,0x80,0x32,0x00,0x22,0x00,
    0x26,0x00,0x24,0x00,0x00,0x00,0x00,0x00,0x00,0x00,0x00,0x00,0x04,0x00,0x1F,0x00,
    0x3F,0x80,0x24,0x00,0x24,0x00,0x34,0x00,0x3C,0x00,0x0F,0x00,0x05,0x80,0x04,0x80,
    0x04,0xC0,0x04,0x80,0x7F,0x80,0x1E,0x00,0x08,0x00,0x08,0x00,0x00,0x00,0x00,0x00,
    0x00,0x00,0x38,0x10,0x6C,0x30,0x44,0x60,0x44,0x40,0x44,0x80,0x39,0x80,0x03,0x00,
    0x02,0x70,0x04,0xC8,0x0C,0x88,0x18,0x88,0x10,0xC8,0x20,0x70,0x00,0x00,0x00,0x00,
    0x00,0x00,0x00,0x00,0x00,0x00,0x0F,0x00,0x19,0x80,0x10,0x80,0x30,0x00,0x10,0x00,
    0x18,0x00,0x1C,0x00,0x3E,0x20,0x63,0x60,0x41,0xC0,0x60,0xC0,0x73,0xE0,0x1E,0x30,
    0x00,0x00,0x00,0x00,0x00,0x00,0x00,0x00,0x60,0x60,0x60,0x20,0x00,0x00,0x00,0x00,
    0x00,0x00,0x00,0x00,0x00,0x00,0x00,0x00,0x00,0x10,0x10,0x30,0x20,0x20,0x60,0x60,
    0x60,0x60,0x60,0x60,0x20,0x20,0x30,0x10,0x10,0x00,0x00,0x40,0x40,0x60,0x20,0x30,
    0x30,0x10,0x10,0x10,0x10,0x10,0x30,0x30,0x20,0x60,0x40,0x00,0x00,0x00,0x10,0x54,
    0x38,0x38,0x54,0x10,0x00,0x00,0x00,0x00,0x00,0x00,0x00,0x00,0x00,0x00,0x00,0x00,
    0x00,0x00,0x00,0x00,0x00,0x00,0x04,0x00,0x04,0x00,0x04,0x00,0x04,0x00,0x7F,0xC0,
    0x0C,0x00,0x04,0x00,0x04,0x00,0x04,0x00,0x00,0x00,0x00,0x00,0x00,0x00,0x00,0x00,
    0x00,0x00,0x00,0x00,0x00,0x00,0x00,0x00,0x00,0x00,0x00,0x00,0x00,0x00,0x00,0x60,
    0x60,0x20,0x40,0x00,0x00,0x00,0x00,0x00,0x00,0x00,0x00,0x00,0x00,0x78,0x00,0x00,
    0x00,0x00,0x00,0x00,0x00,0x00,0x00,0x00,0x00,0x00,0x00,0x00,0x00,0x00,0x00,0x00,
    0x00,0x00,0x00,0x60,0x60,0x00,0x00,0x00,0x00,0x00,0x06,0x04,0x0C,0x08,0x08,0x18,
    0x10,0x30,0x20,0x20,0x40,0x40,0xC0,0x00,0x00,0x00,0x00,0x00,0x00,0x00,0x1E,0x00,
    0x33,0x00,0x61,0x80,0x60,0x80,0x40,0xC0,0x40,0xC0,0x40,0xC0,0x40,0xC0,0x40,0xC0,
    0x60,0x80,0x61,0x80,0x33,0x00,0x1E,0x00,0x00,0x00,0x00,0x00,0x00,0x00,0x00,0x00,
    0x00,0x00,0x06,0x00,0x0E,0x00,0x1E,0x00,0x36,0x00,0x06,0x00,0x06,0x00,0x06,0x00,
    0x06,0x00,0x06,0x00,0x06,0x00,0x06,0x00,0x06,0x00,0x1F,0xC0,0x00,0x00,0x00,0x00,
    0x00,0x00,0x00,0x00,0x00,0x00,0x1E,0x00,0x33,0x80,0x21,0x80,0x20,0x80,0x01,0x80,
    0x01,0x80,0x03,0x00,0x06,0x00,0x0E,0x00,0x1C,0x00,0x38,0x00,0x70,0x00,0x7F,0xC0,
    0x00,0x00,0x00,0x00,0x00,0x00,0x00,0x00,0x00,0x00,0x0F,0x00,0x31,0x80,0x20,0x80,
    0x20,0x80,0x00,0x80,0x01,0x80,0x07,0x00,0x01,0x80,0x00,0x80,0x00,0xC0,0x60,0x80,
    0x31,0x80,0x1E,0x00,0x00,0x00,0x00,0x00,0x00,0x00,0x00,0x00,0x00,0x00,0x03,0x00,
    0x07,0x00,0x07,0x00,0x0D,0x00,0x19,0x00,0x31,0x00,0x21,0x00,0x41,0x00,0xFF,0xC0,
    0x01,0x00,0x01,0x00,0x01,0x00,0x01,0x00,0x00,0x00,0x00,0x00,0x00,0x00,0x00,0x00,
    0x00,0x00,0x1F,0x80,0x30,0x00,0x30,0x00,0x20,0x00,0x20,0x00,0x3E,0x00,0x23,0x00,
    0x01,0x80,0x00,0x80,0x01,0x80,0x01,0x80,0x63,0x00,0x3E,0x00,0x00,0x00,0x00,0x00,
    0x00,0x00,0x00,0x00,0x00,0x00,0x03,0x00,0x06,0x00,0x0C,0x00,0x18,0x00,0x18,0x00,
    0x3F,0x00,0x31,0x80,0x60,0x80,0x60,0xC0,0x60,0xC0,0x60,0x80,0x33,0x80,0x1E,0x00,
    0x00,0x00,0x00,0x00,0x00,0x00,0x00,0x00,0x00,0x00,0x7F,0xC0,0x00,0xC0,0x01,0x80,
    0x01,0x80,0x03,0x00,0x03,0x00,0x06,0x00,0x06,0x00,0x0C,0x00,0x0C,0x00,0x18,0x00,
    0x18,0x00,0x30,0x00,0x00,0x00,0x00,0x00,0x00,0x00,0x00,0x00,0x00,0x00,0x1E,0x00,
    0x33,0x00,0x61,0x80,0x60,0x80,0x61,0x80,0x31,0x00,0x1F,0x00,0x31,0x80,0x60,0x80,
    0x60,0xC0,0x60,0x80,0x31,0x80,0x1F,0x00,0x00,0x00,0x00,0x00,0x00,0x00,0x00,0x00,
    0x00,0x00,0x0F,0x00,0x31,0x80,0x20,0x80,0x60,0xC0,0x60,0xC0,0x60,0x80,0x31,0x80,
    0x1F,0x80,0x03,0x00,0x02,0x00,0x06,0x00,0x0C,0x00,0x18,0x00,0x00,0x00,0x00,0x00,
    0x00,0x00,0x00,0x00,0x00,0x00,0x00,0x00,0x60,0x60,0x00,0x00,0x00,0x00,0x00,0x60,
    0x60,0x00,0x00,0x00,0x00,0x00,0x00,0x00,0x00,0x00,0x60,0x60,0x00,0x00,0x00,0x00,
    0x00,0x60,0x60,0x20,0x00,0x00,0x00,0x00,0x00,0x00,0x00,0x00,0x00,0x00,0x00,0x00,
    0x01,0x00,0x07,0x00,0x1C,0x00,0x30,0x00,0x30,0x00,0x0C,0x00,0x03,0x00,0x00,0x00,
    0x00,0x00,0x00,0x00,0x00,0x00,0x00,0x00,0x00,0x00,0x00,0x00,0x00,0x00,0x00,0x00,
    0x00,0x00,0x00,0x00,0x00,0x00,0x00,0x00,0x7F,0x80,0x00,0x00,0x00,0x00,0x7F,0x80,
    0x00,0x00,0x00,0x00,0x00,0x00,0x00,0x00,0x00,0x00,0x00,0x00,0x00,0x00,0x00,0x00,
    0x00,0x00,0x00,0x00,0x00,0x00,0x00,0x00,0x20,0x00,0x38,0x00,0x0E,0x00,0x03,0x80,
    0x03,0x80,0x0E,0x00,0x38,0x00,0x20,0x00,0x00,0x00,0x00,0x00,0x00,0x00,0x00,0x00,
    0x00,0x00,0x00,0x00,0x78,0x4C,0x06,0x06,0x04,0x0C,0x10,0x10,0x00,0x00,0x00,0x30,
    0x30,0x00,0x00,0x00,0x00,0x00,0x00,0x00,0x00,0x00,0x07,0xC0,0x0C,0x30,0x30,0x08,
    0x20,0x0C,0x61,0xC4,0x46,0x44,0x44,0x44,0x4C,0x44,0x4C,0xC8,0x47,0x70,0x20,0x00,
    0x30,0x00,0x18,0x18,0x07,0xF0,0x00,0x00,0x00,0x00,0x00,0x00,0x06,0x00,0x07,0x00,
    0x0F,0x00,0x0D,0x00,0x19,0x80,0x18,0x80,0x10,0xC0,0x30,0xC0,0x3F,0xC0,0x60,0x60,
    0x60,0x60,0x40,0x30,0xC0,0x30,0x00,0x00,0x00,0x00,0x00,0x00,0x00,0x00,0x00,0x00,
    0x3F,0x00,0x21,0xC0,0x20,0xC0,0x20,0xC0,0x20,0xC0,0x21,0x80,0x3F,0x00,0x20,0xC0,
    0x20,0x40,0x20,0x60,0x20,0x40,0x20,0xC0,0x3F,0x80,0x00,0x00,0x00,0x00,0x00,0x00,
    0x00,0x00,0x00,0x00,0x07,0xC0,0x1C,0x60,0x30,0x00,0x60,0x00,0x60,0x00,0x60,0x00,
    0x60,0x00,0x60,0x00,0x60,0x00,0x60,0x00,0x30,0x00,0x1C,0x60,0x0F,0xC0,0x00,0x00,
    0x00,0x00,0x00,0x00,0x00,0x00,0x00,0x00,0x3F,0x80,0x20,0xE0,0x20,0x30,0x20,0x30,
    0x20,0x10,0x20,0x18,0x20,0x18,0x20,0x18,0x20,0x10,0x20,0x30,0x20,0x30,0x20,0xE0,
    0x3F,0x80,0x00,0x00,0x00,0x00,0x00,0x00,0x00,0x00,0x00,0x00,0x3F,0xC0,0x20,0x00,
    0x20,0x00,0x20,0x00,0x20,0x00,0x20,0x00,0x3F,0x00,0x20,0x00,0x20,0x00,0x20,0x00,
    0x20,0x00,0x20,0x00,0x3F,0xC0,0x00,0x00,0x00,0x00,0x00,0x00,0x00,0x00,0x00,0x00,
    0x3F,0xC0,0x20,0x00,0x20,0x00,0x20,0x00,0x20,0x00,0x20,0x00,0x3F,0x80,0x20,0x00,
    0x20,0x00,0x20,0x00,0x20,0x00,0x20,0x00,0x20,0x00,0x00,0x00,0x00,0x00,0x00,0x00,
    0x00,0x00,0x00,0x00,0x07,0xC0,0x1C,0x70,0x30,0x00,0x60,0x00,0x60,0x00,0x60,0x00,
    0x60,0x00,0x60,0xF0,0x60,0x30,0x60,0x10,0x30,0x10,0x1C,0x70,0x07,0xE0,0x00,0x00,
    0x00,0x00,0x00,0x00,0x00,0x00,0x00,0x00,0x20,0x30,0x20,0x30,0x20,0x30,0x20,0x30,
    0x20,0x30,0x20,0x30,0x3F,0xF0,0x20,0x30,0x20,0x30,0x20,0x30,0x20,0x30,0x20,0x30,
    0x20,0x30,0x00,0x00,0x00,0x00,0x00,0x00,0x00,0x00,0x30,0x30,0x30,0x30,0x30,0x30,
    0x30,0x30,0x30,0x30,0x30,0x30,0x30,0x00,0x00,0x00,0x00,0x00,0x04,0x04,0x04,0x04,
    0x04,0x04,0x04,0x04,0x04,0x04,0x0C,0x1C,0x70,0x00,0x00,0x00,0x00,0x00,0x00,0x00,
    0x20,0x60,0x20,0xC0,0x20,0xC0,0x21,0x80,0x23,0x00,0x26,0x00,0x3C,0x00,0x36,0x00,
    0x23,0x00,0x21,0x80,0x20,0xC0,0x20,0x60,0x20,0x30,0x00,0x00,0x00,0x00,0x00,0x00,
    0x00,0x00,0x00,0x00,0x20,0x00,0x20,0x00,0x20,0x00,0x20,0x00,0x20,0x00,0x20,0x00,
    0x20,0x00,0x20,0x00,0x20,0x00,0x20,0x00,0x20,0x00,0x30,0x00,0x3F,0x80,0x00,0x00,
    0x00,0x00,0x00,0x00,0x00,0x00,0x00,0x00,0x00,0x00,0x30,0x06,0x00,0x30,0x0E,0x00,
    0x38,0x0E,0x00,0x38,0x1E,0x00,0x2C,0x16,0x00,0x24,0x36,0x00,0x26,0x26,0x00,0x22,
    0x66,0x00,0x23,0x46,0x00,0x21,0xC6,0x00,0x21,0x86,0x00,0x20,0x06,0x00,0x20,0x06,
    0x00,0x00,0x00,0x00,0x00,0x00,0x00,0x00,0x00,0x00,0x00,0x00,0x00,0x00,0x20,0x30,
    0x30,0x30,0x38,0x30,0x3C,0x30,0x2C,0x30,0x26,0x30,0x23,0x30,0x21,0xB0,0x21,0xB0,
    0x20,0xF0,0x20,0x70,0x20,0x30,0x20,0x30,0x00,0x00,0x00,0x00,0x00,0x00,0x00,0x00,
    0x00,0x00,0x07,0xC0,0x1C,0x60,0x30,0x30,0x60,0x18,0x60,0x18,0x60,0x08,0x60,0x0C,
    0x60,0x08,0x60,0x18,0x60,0x18,0x30,0x30,0x1C,0x60,0x07,0xC0,0x00,0x00,0x00,0x00,
    0x00,0x00,0x00,0x00,0x00,0x00,0x3F,0x00,0x31,0xC0,0x20,0xC0,0x20,0x40,0x20,0x40,
    0x20,0xC0,0x21,0xC0,0x3F,0x00,0x30,0x00,0x20,0x00,0x20,0x00,0x20,0x00,0x20,0x00,
    0x00,0x00,0x00,0x00,0x00,0x00,0x00,0x00,0x00,0x00,0x07,0xC0,0x1C,0x60,0x30,0x30,
    0x60,0x18,0x60,0x18,0x60,0x08,0x60,0x0C,0x60,0x08,0x60,0x18,0x60,0x18,0x30,0x30,
    0x1C,0x70,0x07,0xE0,0x00,0x30,0x00,0x18,0x00,0x0C,0x00,0x00,0x00,0x00,0x3F,0x00,
    0x31,0x80,0x20,0xC0,0x20,0xC0,0x20,0xC0,0x20,0xC0,0x21,0x80,0x3F,0x00,0x33,0x00,
    0x23,0x00,0x21,0x80,0x20,0xC0,0x20,0x60,0x00,0x00,0x00,0x00,0x00,0x00,0x00,0x00,
    0x00,0x00,0x1F,0x00,0x33,0x00,0x60,0x00,0x60,0x00,0x60,0x00,0x3C,0x00,0x1F,0x00,
    0x03,0x80,0x01,0x80,0x01,0x80,0x01,0x80,0x63,0x00,0x3E,0x00,0x00,0x00,0x00,0x00,
    0x00,0x00,0x00,0x00,0x00,0x00,0xFF,0xC0,0x0C,0x00,0x0C,0x00,0x0C,0x00,0x0C,0x00,
    0x0C,0x00,0x0C,0x00,0x0C,0x00,0x0C,0x00,0x0C,0x00,0x0C,0x00,0x0C,0x00,0x0C,0x00,
    0x00,0x00,0x00,0x00,0x00,0x00,0x00,0x00,0x00,0x00,0x60,0x30,0x60,0x30,0x60,0x30,
    0x60,0x30,0x60,0x30,0x60,0x30,0x60,0x30,0x60,0x30,0x60,0x30,0x20,0x20,0x30,0x60,
    0x18,0xC0,0x0F,0x80,0x00,0x00,0x00,0x00,0x00,0x00,0x00,0x00,0x00,0x00,0xC0,0x30,
    0x40,0x30,0x60,0x60,0x60,0x60,0x30,0x40,0x30,0xC0,0x10,0xC0,0x19,0x80,0x09,0x80,
    0x0D,0x00,0x0F,0x00,0x07,0x00,0x06,0x00,0x00,0x00,0x00,0x00,0x00,0x00,0x00,0x00,
    0x00,0x00,0x00,0x00,0xC0,0xC0,0xC0,0x40,0xC0,0xC0,0x60,0xE0,0x80,0x61,0xE1,0x80,
    0x21,0xA1,0x80,0x31,0x31,0x80,0x33,0x33,0x00,0x33,0x13,0x00,0x1A,0x1B,0x00,0x1E,
    0x1E,0x00,0x1E,0x0E,0x00,0x0C,0x0E,0x00,0x0C,0x0C,0x00,0x00,0x00,0x00,0x00,0x00,
    0x00,0x00,0x00,0x00,0x00,0x00,0x00,0x00,0x60,0x60,0x60,0xC0,0x30,0xC0,0x19,0x80,
    0x1B,0x00,0x0F,0x00,0x0E,0x00,0x0F,0x00,0x19,0x00,0x31,0x80,0x30,0xC0,0x60,0xC0,
    0xC0,0x60,0x00,0x00,0x00,0x00,0x00,0x00,0x00,0x00,0x00,0x00,0xC0,0x60,0x60,0x40,
    0x20,0xC0,0x31,0x80,0x19,0x80,0x1B,0x00,0x0E,0x00,0x06,0x00,0x06,0x00,0x06,0x00,
    0x06,0x00,0x06,0x00,0x06,0x00,0x00,0x00,0x00,0x00,0x00,0x00,0x00,0x00,0x00,0x00,
    0x7F,0xE0,0x00,0xC0,0x01,0x80,0x01,0x80,0x03,0x00,0x06,0x00,0x06,0x00,0x0C,0x00,
    0x18,0x00,0x18,0x00,0x30,0x00,0x60,0x00,0x7F,0xC0,0x00,0x00,0x00,0x00,0x00,0x00,
    0x00,0x78,0x60,0x60,0x60,0x60,0x60,0x60,0x60,0x60,0x60,0x60,0x60,0x60,0x60,0x60,
    0x78,0x00,0x00,0x00,0x80,0xC0,0x40,0x60,0x20,0x20,0x10,0x10,0x18,0x08,0x0C,0x04,
    0x04,0x00,0x00,0x00,0x00,0x70,0x10,0x10,0x10,0x10,0x10,0x10,0x10,0x10,0x10,0x10,
    0x10,0x10,0x10,0x10,0x70,0x00,0x00,0x00,0x00,0x00,0x0C,0x00,0x0E,0x00,0x1A,0x00,
    0x13,0x00,0x31,0x00,0x00,0x00,0x00,0x00,0x00,0x00,0x00,0x00,0x00,0x00,0x00,0x00,
    0x00,0x00,0x00,0x00,0x00,0x00,0x00,0x00,0x00,0x00,0x00,0x00,0x00,0x00,0x00,0x00,
    0x00,0x00,0x00,0x00,0x00,0x00,0x00,0x00,0x00,0x00,0xFE,0x00,0x00,0x00,0x60,0x20,
    0x00,0x00,0x00,0x00,0x00,0x00,0x00,0x00,0x00,0x00,0x00,0x00,0x00,0x00,0x00,0x00,
    0x00,0x00,0x00,0x00,0x00,0x00,0x00,0x00,0x00,0x00,0x1E,0x00,0x63,0x00,0x03,0x00,
    0x03,0x00,0x1F,0x00,0x73,0x00,0x43,0x00,0x67,0x00,0x39,0x00,0x00,0x00,0x00,0x00,
    0x00,0x00,0x00,0x00,0x00,0x00,0x60,0x00,0x60,0x00,0x60,0x00,0x60,0x00,0x6F,0x00,
    0x73,0x80,0x61,0x80,0x60,0x80,0x60,0x80,0x60,0x80,0x61,0x80,0x73,0x00,0x6E,0x00,
    0x00,0x00,0x00,0x00,0x00,0x00,0x00,0x00,0x00,0x00,0x00,0x00,0x1E,0x33,0x60,0x40,
    0x40,0x40,0x60,0x33,0x1E,0x00,0x00,0x00,0x00,0x00,0x00,0x00,0x01,0x80,0x01,0x80,
    0x01,0x80,0x01,0x80,0x1D,0x80,0x33,0x80,0x61,0x80,0x41,0x80,0x41,0x80,0x41,0x80,
    0x61,0x80,0x73,0x80,0x3D,0x80,0x00,0x00,0x00,0x00,0x00,0x00,0x00,0x00,0x00,0x00,
    0x00,0x00,0x00,0x00,0x00,0x00,0x00,0x00,0x1E,0x00,0x33,0x00,0x61,0x80,0x7F,0x80,
    0x40,0x00,0x40,0x00,0x60,0x00,0x31,0x00,0x1E,0x00,0x00,0x00,0x00,0x00,0x00,0x00,
    0x00,0x00,0x1C,0x30,0x20,0x20,0xFC,0x60,0x20,0x20,0x20,0x20,0x20,0x20,0x20,0x00,
    0x00,0x00,0x00,0x00,0x00,0x00,0x00,0x00,0x00,0x00,0x00,0x00,0x00,0x00,0x3F,0x80,
    0x63,0x00,0x43,0x00,0x63,0x00,0x3E,0x00,0x20,0x00,0x60,0x00,0x3F,0x00,0x41,0x80,
    0x41,0x80,0x63,0x00,0x3E,0x00,0x00,0x00,0x00,0x00,0x60,0x00,0x60,0x00,0x60,0x00,
    0x60,0x00,0x6F,0x00,0x73,0x00,0x61,0x80,0x61,0x80,0x61,0x80,0x61,0x80,0x61,0x80,
    0x61,0x80,0x61,0x80,0x00,0x00,0x00,0x00,0x00,0x00,0x00,0x00,0x60,0x60,0x00,0x00,
    0x60,0x60,0x60,0x60,0x60,0x60,0x60,0x60,0x60,0x00,0x00,0x00,0x00,0x00,0x60,0x60,
    0x00,0x00,0x60,0x60,0x60,0x60,0x60,0x60,0x60,0x60,0x60,0x60,0x60,0xC0,0x00,0x00,
    0x00,0x00,0x60,0x00,0x60,0x00,0x60,0x00,0x60,0x00,0x61,0x00,0x63,0x00,0x66,0x00,
    0x6C,0x00,0x78,0x00,0x6C,0x00,0x66,0x00,0x63,0x00,0x61,0x80,0x00,0x00,0x00,0x00,
    0x00,0x00,0x00,0x00,0x60,0x60,0x60,0x60,0x60,0x60,0x60,0x60,0x60,0x60,0x60,0x60,
    0x60,0x00,0x00,0x00,0x00,0x00,0x00,0x00,0x00,0x00,0x00,0x00,0x00,0x00,0x00,0x00,
    0x6E,0x70,0x73,0x98,0x61,0x0C,0x61,0x0C,0x61,0x0C,0x61,0x0C,0x61,0x0C,0x61,0x0C,
    0x61,0x0C,0x00,0x00,0x00,0x00,0x00,0x00,0x00,0x00,0x00,0x00,0x00,0x00,0x00,0x00,
    0x00,0x00,0x00,0x00,0x6F,0x00,0x73,0x00,0x61,0x80,0x61,0x80,0x61,0x80,0x61,0x80,
    0x61,0x80,0x61,0x80,0x61,0x80,0x00,0x00,0x00,0x00,0x00,0x00,0x00,0x00,0x00,0x00,
    0x00,0x00,0x00,0x00,0x00,0x00,0x00,0x00,0x1E,0x00,0x33,0x00,0x61,0x80,0x40,0x80,
    0x40,0x80,0x40,0x80,0x61,0x80,0x33,0x00,0x1E,0x00,0x00,0x00,0x00,0x00,0x00,0x00,
    0x00,0x00,0x00,0x00,0x00,0x00,0x00,0x00,0x00,0x00,0x00,0x00,0x6F,0x00,0x73,0x80,
    0x61,0x80,0x60,0x80,0x60,0x80,0x60,0x80,0x61,0x80,0x73,0x00,0x6E,0x00,0x60,0x00,
    0x60,0x00,0x60,0x00,0x00,0x00,0x00,0x00,0x00,0x00,0x00,0x00,0x00,0x00,0x00,0x00,
    0x1D,0x80,0x33,0x80,0x61,0x80,0x41,0x80,0x41,0x80,0x41,0x80,0x61,0x80,0x73,0x80,
    0x3D,0x80,0x01,0x80,0x01,0x80,0x01,0x80,0x00,0x00,0x00,0x00,0x00,0x00,0x6E,0x70,
    0x60,0x60,0x60,0x60,0x60,0x60,0x60,0x00,0x00,0x00,0x00,0x00,0x00,0x00,0x00,0x00,
    0x3C,0x66,0x40,0x60,0x3C,0x06,0x06,0x46,0x3C,0x00,0x00,0x00,0x00,0x00,0x00,0x20,
    0x20,0x20,0xFC,0x30,0x20,0x20,0x20,0x20,0x20,0x34,0x1C,0x00,0x00,0x00,0x00,0x00,
    0x00,0x00,0x00,0x00,0x00,0x00,0x00,0x00,0x00,0x00,0x61,0x80,0x61,0x80,0x61,0x80,
    0x61,0x80,0x61,0x80,0x61,0x80,0x61,0x80,0x33,0x80,0x3D,0x80,0x00,0x00,0x00,0x00,
    0x00,0x00,0x00,0x00,0x00,0x00,0x00,0x00,0x00,0x00,0x00,0x00,0x00,0x00,0xC1,0x80,
    0x41,0x00,0x63,0x00,0x23,0x00,0x32,0x00,0x36,0x00,0x1C,0x00,0x1C,0x00,0x0C,0x00,
    0x00,0x00,0x00,0x00,0x00,0x00,0x00,0x00,0x00,0x00,0x00,0x00,0x00,0x00,0x00,0x00,
    0x00,0x00,0xC3,0x0C,0x43,0x08,0x67,0x18,0x65,0x98,0x24,0x90,0x2C,0xB0,0x38,0xF0,
    0x18,0x60,0x18,0x60,0x00,0x00,0x00,0x00,0x00,0x00,0x00,0x00,0x00,0x00,0x00,0x00,
    0x00,0x00,0x00,0x00,0x00,0x00,0x61,0x00,0x63,0x00,0x36,0x00,0x1C,0x00,0x1C,0x00,
    0x1C,0x00,0x36,0x00,0x63,0x00,0x41,0x00,0x00,0x00,0x00,0x00,0x00,0x00,0x00,0x00,
    0x00,0x00,0x00,0x00,0x00,0x00,0x00,0x00,0x00,0x00,0xC1,0x80,0x61,0x00,0x63,0x00,
    0x23,0x00,0x32,0x00,0x16,0x00,0x1C,0x00,0x1C,0x00,0x08,0x00,0x18,0x00,0x10,0x00,
    0x30,0x00,0x00,0x00,0x00,0x00,0x00,0x00,0x7F,0x06,0x06,0x0C,0x18,0x10,0x20,0x60,
    0x7F,0x00,0x00,0x00,0x00,0x38,0x20,0x60,0x60,0x60,0x20,0x20,0x60,0xC0,0x60,0x20,
    0x60,0x60,0x60,0x60,0x38,0x00,0x00,0x00,0x20,0x20,0x20,0x20,0x20,0x20,0x20,0x20,
    0x20,0x20,0x20,0x20,0x20,0x20,0x20,0x20,0x00,0x60,0x30,0x10,0x10,0x10,0x10,0x30,
    0x10,0x18,0x10,0x30,0x10,0x10,0x10,0x30,0x60,0x00,0x00,0x00,0x00,0x00,0x00,0x00,
    0x00,0x00,0x00,0x00,0x00,0x00,0x00,0x00,0x00,0x00,0x00,0x00,0x38,0x80,0x67,0x80,
    0x40,0x00,0x00,0x00,0x00,0x00,0x00,0x00,0x00,0x00,0x00,0x00,0x00,0x00,
];
// Bitmap font: LATO_BOLD_18 — Lato-Bold.ttf, 18px
/// Lato Bold 18px bitmap font data (titles).
pub const LATO_BOLD_18_HEIGHT: u8 = 18;
pub const LATO_BOLD_18_ASCENT: u8 = 15;
pub const LATO_BOLD_18_FIRST: u8 = 32;
pub const LATO_BOLD_18_LAST: u8 = 126;

pub const LATO_BOLD_18_WIDTHS: [u8; 95] = [
     6, 6, 8,10,10,14,13, 4, 5, 5, 7,10, 4, 6, 4, 7,
    10,10,10,10,10,10,10,10,10,10, 5, 5,10,10,10, 8,
    15,13,12,12,13,10,10,13,14, 6, 8,13, 9,17,14,14,
    11,14,12,10,11,13,13,19,12,12,11, 5, 7, 5,10, 7,
     6, 9,10, 9,10,10, 6, 9,10, 5, 5,10, 5,15,10,10,
    10,10, 7, 8, 7,10,10,14,10,10, 8, 5, 5, 5,10,
];

pub const LATO_BOLD_18_OFFSETS: [u16; 95] = [
        0,   18,   36,   54,   90,  126,  162,  198,  216,  234,  252,  270,
      306,  324,  342,  360,  378,  414,  450,  486,  522,  558,  594,  630,
      666,  702,  738,  756,  774,  810,  846,  882,  900,  936,  972, 1008,
     1044, 1080, 1116, 1152, 1188, 1224, 1242, 1260, 1296, 1332, 1386, 1422,
     1458, 1494, 1530, 1566, 1602, 1638, 1674, 1710, 1764, 1800, 1836, 1872,
     1890, 1908, 1926, 1962, 1980, 1998, 2034, 2070, 2106, 2142, 2178, 2196,
     2232, 2268, 2286, 2304, 2340, 2358, 2394, 2430, 2466, 2502, 2538, 2556,
     2574, 2592, 2628, 2664, 2700, 2736, 2772, 2790, 2808, 2826, 2844,
];

pub const LATO_BOLD_18_DATA: [u8; 2880] = [
    0x00,0x00,0x00,0x00,0x00,0x00,0x00,0x00,0x00,0x00,0x00,0x00,0x00,0x00,0x00,0x00,
    0x00,0x00,0x00,0x30,0x30,0x30,0x30,0x30,0x30,0x30,0x30,0x30,0x00,0x00,0x30,0x38,
    0x30,0x00,0x00,0x00,0x00,0x6E,0x6E,0x6E,0x6C,0x64,0x00,0x00,0x00,0x00,0x00,0x00,
    0x00,0x00,0x00,0x00,0x00,0x00,0x00,0x00,0x09,0x80,0x19,0x80,0x19,0x80,0x19,0x80,
    0x7F,0xC0,0x7F,0xC0,0x33,0x00,0x33,0x00,0xFF,0x80,0xFF,0xC0,0x37,0x00,0x36,0x00,
    0x76,0x00,0x66,0x00,0x00,0x00,0x00,0x00,0x00,0x00,0x06,0x00,0x1F,0x00,0x3F,0x80,
    0x77,0x80,0x64,0x00,0x74,0x00,0x7C,0x00,0x3F,0x00,0x0F,0x80,0x0F,0xC0,0x0D,0xC0,
    0x0D,0xC0,0x6D,0x80,0x7F,0x80,0x3F,0x00,0x0C,0x00,0x08,0x00,0x00,0x00,0x00,0x00,
    0x38,0x18,0x7C,0x30,0x6E,0x70,0xC6,0x60,0x6E,0xC0,0x7D,0x80,0x3B,0x80,0x03,0x70,
    0x06,0xF8,0x0E,0xCC,0x0C,0xCC,0x18,0xCC,0x30,0xF8,0x70,0x78,0x00,0x00,0x00,0x00,
    0x00,0x00,0x00,0x00,0x0F,0x00,0x1F,0x80,0x39,0x80,0x38,0x00,0x38,0x00,0x18,0x00,
    0x3C,0x30,0x7E,0x60,0x67,0x60,0x63,0xE0,0x61,0xC0,0x71,0xE0,0x7F,0xF0,0x1E,0x38,
    0x00,0x00,0x00,0x00,0x00,0x00,0x00,0x60,0x60,0x60,0x60,0x60,0x00,0x00,0x00,0x00,
    0x00,0x00,0x00,0x00,0x00,0x00,0x00,0x00,0x00,0x18,0x38,0x30,0x30,0x70,0x60,0x60,
    0x60,0x60,0x60,0x60,0x60,0x70,0x30,0x30,0x18,0x10,0x00,0x40,0x60,0x60,0x30,0x30,
    0x30,0x30,0x38,0x38,0x38,0x30,0x30,0x30,0x70,0x60,0x60,0x40,0x00,0x10,0x50,0x7C,
    0x38,0x7C,0x54,0x10,0x00,0x00,0x00,0x00,0x00,0x00,0x00,0x00,0x00,0x00,0x00,0x00,
    0x00,0x00,0x00,0x00,0x0C,0x00,0x0C,0x00,0x0C,0x00,0x0C,0x00,0x7F,0xC0,0x7F,0xC0,
    0x0C,0x00,0x0C,0x00,0x0C,0x00,0x0C,0x00,0x00,0x00,0x00,0x00,0x00,0x00,0x00,0x00,
    0x00,0x00,0x00,0x00,0x00,0x00,0x00,0x00,0x00,0x00,0x00,0x00,0x00,0x00,0x60,0x60,
    0x60,0x20,0x60,0x40,0x00,0x00,0x00,0x00,0x00,0x00,0x00,0x00,0x7C,0x7C,0x00,0x00,
    0x00,0x00,0x00,0x00,0x00,0x00,0x00,0x00,0x00,0x00,0x00,0x00,0x00,0x00,0x00,0x00,
    0x00,0x00,0x60,0x60,0x60,0x00,0x00,0x00,0x00,0x06,0x06,0x0C,0x0C,0x0C,0x18,0x18,
    0x38,0x30,0x30,0x60,0x60,0x60,0xC0,0xC0,0x00,0x00,0x00,0x00,0x1E,0x00,0x3F,0x80,
    0x73,0x80,0x61,0xC0,0x61,0xC0,0xE1,0xC0,0xE0,0xC0,0xE0,0xC0,0xE1,0xC0,0x61,0xC0,
    0x61,0xC0,0x73,0x80,0x3F,0x80,0x1E,0x00,0x00,0x00,0x00,0x00,0x00,0x00,0x00,0x00,
    0x06,0x00,0x0E,0x00,0x1E,0x00,0x3E,0x00,0x36,0x00,0x06,0x00,0x06,0x00,0x06,0x00,
    0x06,0x00,0x06,0x00,0x06,0x00,0x06,0x00,0x3F,0xC0,0x3F,0xC0,0x00,0x00,0x00,0x00,
    0x00,0x00,0x00,0x00,0x1F,0x00,0x3F,0x80,0x71,0x80,0x61,0xC0,0x01,0xC0,0x01,0x80,
    0x03,0x80,0x07,0x00,0x0F,0x00,0x0E,0x00,0x1C,0x00,0x38,0x00,0x7F,0xC0,0x7F,0xC0,
    0x00,0x00,0x00,0x00,0x00,0x00,0x00,0x00,0x1F,0x00,0x3F,0x80,0x31,0x80,0x71,0xC0,
    0x01,0xC0,0x03,0x80,0x0F,0x00,0x07,0x80,0x01,0xC0,0x01,0xC0,0x61,0xC0,0x71,0xC0,
    0x3F,0x80,0x1F,0x00,0x00,0x00,0x00,0x00,0x00,0x00,0x00,0x00,0x03,0x80,0x07,0x80,
    0x07,0x80,0x0F,0x80,0x1F,0x80,0x1B,0x80,0x33,0x80,0x73,0x80,0xE3,0x80,0xFF,0xC0,
    0xFF,0xC0,0x03,0x80,0x03,0x80,0x03,0x80,0x00,0x00,0x00,0x00,0x00,0x00,0x00,0x00,
    0x3F,0x80,0x3F,0x80,0x30,0x00,0x30,0x00,0x30,0x00,0x7E,0x00,0x7F,0x80,0x03,0x80,
    0x01,0x80,0x01,0x80,0x01,0x80,0x63,0x80,0x7F,0x00,0x3E,0x00,0x00,0x00,0x00,0x00,
    0x00,0x00,0x00,0x00,0x07,0x00,0x07,0x00,0x0E,0x00,0x1C,0x00,0x18,0x00,0x3F,0x00,
    0x7F,0x80,0x71,0xC0,0x61,0xC0,0x61,0xC0,0x61,0xC0,0x71,0x80,0x3F,0x80,0x1F,0x00,
    0x00,0x00,0x00,0x00,0x00,0x00,0x00,0x00,0x7F,0xC0,0x7F,0xC0,0x01,0xC0,0x01,0x80,
    0x03,0x80,0x03,0x00,0x07,0x00,0x06,0x00,0x0E,0x00,0x0C,0x00,0x1C,0x00,0x1C,0x00,
    0x38,0x00,0x38,0x00,0x00,0x00,0x00,0x00,0x00,0x00,0x00,0x00,0x1E,0x00,0x3F,0x80,
    0x71,0x80,0x61,0x80,0x71,0x80,0x73,0x80,0x3F,0x00,0x3F,0x80,0x71,0x80,0x61,0xC0,
    0x61,0xC0,0x71,0xC0,0x7F,0x80,0x1F,0x00,0x00,0x00,0x00,0x00,0x00,0x00,0x00,0x00,
    0x1F,0x00,0x3F,0x80,0x31,0xC0,0x70,0xC0,0x70,0xC0,0x71,0xC0,0x71,0xC0,0x3F,0x80,
    0x1F,0x80,0x03,0x00,0x07,0x00,0x0E,0x00,0x1C,0x00,0x1C,0x00,0x00,0x00,0x00,0x00,
    0x00,0x00,0x00,0x00,0x00,0x00,0x00,0x60,0x70,0x60,0x00,0x00,0x00,0x00,0x60,0x70,
    0x60,0x00,0x00,0x00,0x00,0x00,0x00,0x00,0x00,0x60,0x70,0x60,0x00,0x00,0x00,0x00,
    0x60,0x70,0x70,0x20,0x60,0x40,0x00,0x00,0x00,0x00,0x00,0x00,0x00,0x00,0x00,0x00,
    0x01,0x00,0x07,0x00,0x1E,0x00,0x78,0x00,0x78,0x00,0x1E,0x00,0x07,0x00,0x01,0x00,
    0x00,0x00,0x00,0x00,0x00,0x00,0x00,0x00,0x00,0x00,0x00,0x00,0x00,0x00,0x00,0x00,
    0x00,0x00,0x00,0x00,0x00,0x00,0x7F,0x80,0x7F,0x80,0x00,0x00,0x7F,0x80,0x7F,0x80,
    0x00,0x00,0x00,0x00,0x00,0x00,0x00,0x00,0x00,0x00,0x00,0x00,0x00,0x00,0x00,0x00,
    0x00,0x00,0x00,0x00,0x00,0x00,0x00,0x00,0x30,0x00,0x3C,0x00,0x1F,0x00,0x07,0x80,
    0x07,0x80,0x1E,0x00,0x38,0x00,0x20,0x00,0x00,0x00,0x00,0x00,0x00,0x00,0x00,0x00,
    0x00,0x00,0x00,0x7C,0xFE,0x46,0x06,0x06,0x0E,0x1C,0x38,0x10,0x00,0x00,0x30,0x38,
    0x30,0x00,0x00,0x00,0x00,0x00,0x03,0xC0,0x0F,0xF0,0x1C,0x38,0x30,0x18,0x61,0xEC,
    0x67,0xEC,0x66,0x64,0x4C,0x4C,0x4C,0xCC,0x4C,0xCC,0x6F,0xF8,0x67,0x70,0x30,0x00,
    0x38,0x08,0x1F,0xF8,0x07,0xE0,0x00,0x00,0x00,0x00,0x07,0x00,0x0F,0x00,0x0F,0x80,
    0x0F,0x80,0x1D,0x80,0x1D,0xC0,0x18,0xC0,0x38,0xC0,0x38,0xE0,0x3F,0xE0,0x7F,0xF0,
    0x70,0x70,0xE0,0x30,0xE0,0x38,0x00,0x00,0x00,0x00,0x00,0x00,0x00,0x00,0x7F,0x80,
    0x7F,0xC0,0x70,0xE0,0x70,0xE0,0x70,0xE0,0x71,0xC0,0x7F,0x80,0x7F,0xC0,0x70,0xE0,
    0x70,0xE0,0x70,0xE0,0x70,0xE0,0x7F,0xC0,0x7F,0x80,0x00,0x00,0x00,0x00,0x00,0x00,
    0x00,0x00,0x0F,0xC0,0x1F,0xE0,0x38,0x60,0x70,0x00,0x70,0x00,0x60,0x00,0xE0,0x00,
    0xE0,0x00,0x60,0x00,0x70,0x00,0x70,0x00,0x38,0x60,0x1F,0xE0,0x0F,0xC0,0x00,0x00,
    0x00,0x00,0x00,0x00,0x00,0x00,0x7F,0x80,0x7F,0xE0,0x70,0xF0,0x70,0x70,0x70,0x38,
    0x70,0x38,0x70,0x38,0x70,0x38,0x70,0x38,0x70,0x38,0x70,0x70,0x70,0xF0,0x7F,0xE0,
    0x7F,0x80,0x00,0x00,0x00,0x00,0x00,0x00,0x00,0x00,0x7F,0xC0,0x7F,0xC0,0x70,0x00,
    0x70,0x00,0x70,0x00,0x70,0x00,0x7F,0x00,0x7F,0x00,0x70,0x00,0x70,0x00,0x70,0x00,
    0x70,0x00,0x7F,0xC0,0x7F,0xC0,0x00,0x00,0x00,0x00,0x00,0x00,0x00,0x00,0x7F,0xC0,
    0x7F,0xC0,0x70,0x00,0x70,0x00,0x70,0x00,0x70,0x00,0x7F,0x80,0x7F,0x80,0x70,0x00,
    0x70,0x00,0x70,0x00,0x70,0x00,0x70,0x00,0x70,0x00,0x00,0x00,0x00,0x00,0x00,0x00,
    0x00,0x00,0x0F,0xE0,0x1F,0xF0,0x38,0x30,0x70,0x00,0x70,0x00,0x60,0x00,0xE0,0x00,
    0xE0,0xF0,0x60,0xF0,0x70,0x30,0x70,0x30,0x38,0x30,0x1F,0xF0,0x0F,0xE0,0x00,0x00,
    0x00,0x00,0x00,0x00,0x00,0x00,0x70,0x30,0x70,0x30,0x70,0x30,0x70,0x30,0x70,0x30,
    0x70,0x30,0x7F,0xF0,0x7F,0xF0,0x70,0x30,0x70,0x30,0x70,0x30,0x70,0x30,0x70,0x30,
    0x70,0x30,0x00,0x00,0x00,0x00,0x00,0x00,0x00,0x70,0x70,0x70,0x70,0x70,0x70,0x70,
    0x70,0x70,0x70,0x70,0x70,0x70,0x70,0x00,0x00,0x00,0x00,0x0E,0x0E,0x0E,0x0E,0x0E,
    0x0E,0x0E,0x0E,0x0E,0x0E,0x0E,0x1C,0xFC,0xF8,0x00,0x00,0x00,0x00,0x00,0x70,0x70,
    0x70,0xE0,0x71,0xC0,0x71,0xC0,0x73,0x80,0x77,0x00,0x7E,0x00,0x7F,0x00,0x73,0x80,
    0x73,0x80,0x71,0xC0,0x70,0xE0,0x70,0xF0,0x70,0x70,0x00,0x00,0x00,0x00,0x00,0x00,
    0x00,0x00,0x70,0x00,0x70,0x00,0x70,0x00,0x70,0x00,0x70,0x00,0x70,0x00,0x70,0x00,
    0x70,0x00,0x70,0x00,0x70,0x00,0x70,0x00,0x70,0x00,0x7F,0x80,0x7F,0x80,0x00,0x00,
    0x00,0x00,0x00,0x00,0x00,0x00,0x00,0x70,0x07,0x00,0x78,0x0F,0x00,0x78,0x0F,0x00,
    0x7C,0x1F,0x00,0x7C,0x1F,0x00,0x7E,0x3F,0x00,0x7E,0x37,0x00,0x77,0x77,0x00,0x77,
    0x67,0x00,0x73,0xE7,0x00,0x71,0xC7,0x00,0x71,0xC7,0x00,0x70,0x07,0x00,0x70,0x07,
    0x00,0x00,0x00,0x00,0x00,0x00,0x00,0x00,0x00,0x00,0x00,0x00,0x70,0x30,0x70,0x30,
    0x78,0x30,0x7C,0x30,0x7E,0x30,0x7F,0x30,0x77,0x30,0x77,0xB0,0x73,0xF0,0x71,0xF0,
    0x70,0xF0,0x70,0xF0,0x70,0x70,0x70,0x30,0x00,0x00,0x00,0x00,0x00,0x00,0x00,0x00,
    0x0F,0xC0,0x1F,0xF0,0x38,0x70,0x70,0x38,0x70,0x1C,0x60,0x1C,0x60,0x1C,0x60,0x1C,
    0x60,0x1C,0x70,0x1C,0x70,0x38,0x38,0x70,0x1F,0xF0,0x0F,0xC0,0x00,0x00,0x00,0x00,
    0x00,0x00,0x00,0x00,0x7F,0x80,0x7F,0xC0,0x71,0xC0,0x70,0xE0,0x70,0xE0,0x70,0xE0,
    0x71,0xC0,0x7F,0xC0,0x7F,0x00,0x70,0x00,0x70,0x00,0x70,0x00,0x70,0x00,0x70,0x00,
    0x00,0x00,0x00,0x00,0x00,0x00,0x00,0x00,0x0F,0xC0,0x1F,0xF0,0x38,0x70,0x70,0x38,
    0x70,0x18,0x60,0x1C,0x60,0x1C,0x60,0x1C,0x60,0x1C,0x70,0x1C,0x70,0x38,0x38,0x78,
    0x1F,0xF0,0x0F,0xF0,0x00,0x38,0x00,0x1C,0x00,0x0C,0x00,0x00,0x7F,0x00,0x7F,0xC0,
    0x71,0xC0,0x70,0xC0,0x70,0xC0,0x70,0xC0,0x71,0xC0,0x7F,0x80,0x7F,0x00,0x73,0x80,
    0x73,0x80,0x71,0xC0,0x70,0xE0,0x70,0xE0,0x00,0x00,0x00,0x00,0x00,0x00,0x00,0x00,
    0x1F,0x00,0x3F,0x80,0x71,0x00,0x60,0x00,0x70,0x00,0x7C,0x00,0x3F,0x00,0x1F,0x80,
    0x07,0x80,0x01,0x80,0x01,0x80,0x63,0x80,0xFF,0x00,0x3E,0x00,0x00,0x00,0x00,0x00,
    0x00,0x00,0x00,0x00,0xFF,0xE0,0xFF,0xE0,0x0E,0x00,0x0E,0x00,0x0E,0x00,0x0E,0x00,
    0x0E,0x00,0x0E,0x00,0x0E,0x00,0x0E,0x00,0x0E,0x00,0x0E,0x00,0x0E,0x00,0x0E,0x00,
    0x00,0x00,0x00,0x00,0x00,0x00,0x00,0x00,0x70,0x70,0x70,0x70,0x70,0x70,0x70,0x70,
    0x70,0x70,0x70,0x70,0x70,0x70,0x70,0x70,0x70,0x70,0x70,0x70,0x70,0x70,0x38,0xE0,
    0x1F,0xC0,0x0F,0x80,0x00,0x00,0x00,0x00,0x00,0x00,0x00,0x00,0xE0,0x38,0xE0,0x30,
    0x70,0x70,0x70,0x70,0x30,0xE0,0x38,0xE0,0x38,0xC0,0x19,0xC0,0x1D,0xC0,0x1D,0x80,
    0x0F,0x80,0x0F,0x80,0x07,0x00,0x07,0x00,0x00,0x00,0x00,0x00,0x00,0x00,0x00,0x00,
    0x00,0xE0,0xE0,0xE0,0xE0,0xE0,0xC0,0x70,0xE1,0xC0,0x71,0xF1,0xC0,0x71,0xF1,0xC0,
    0x31,0xB1,0x80,0x3B,0xBB,0x80,0x3B,0x3B,0x80,0x3B,0x1B,0x00,0x1F,0x1F,0x00,0x1F,
    0x1F,0x00,0x1E,0x0F,0x00,0x0E,0x0E,0x00,0x0E,0x0E,0x00,0x00,0x00,0x00,0x00,0x00,
    0x00,0x00,0x00,0x00,0x00,0x00,0xE0,0x70,0x70,0xE0,0x38,0xE0,0x39,0xC0,0x1F,0x80,
    0x1F,0x80,0x0F,0x00,0x0F,0x00,0x1F,0x80,0x1F,0xC0,0x39,0xC0,0x30,0xE0,0x70,0xE0,
    0xE0,0x70,0x00,0x00,0x00,0x00,0x00,0x00,0x00,0x00,0xE0,0x70,0x60,0xE0,0x70,0xE0,
    0x31,0xC0,0x39,0x80,0x1B,0x80,0x1F,0x00,0x0F,0x00,0x0E,0x00,0x06,0x00,0x06,0x00,
    0x06,0x00,0x06,0x00,0x06,0x00,0x00,0x00,0x00,0x00,0x00,0x00,0x00,0x00,0x7F,0xE0,
    0x7F,0xE0,0x01,0xC0,0x03,0x80,0x03,0x80,0x07,0x00,0x0E,0x00,0x0E,0x00,0x1C,0x00,
    0x3C,0x00,0x38,0x00,0x70,0x00,0x7F,0xC0,0xFF,0xE0,0x00,0x00,0x00,0x00,0x00,0x00,
    0x78,0x78,0x60,0x60,0x60,0x60,0x60,0x60,0x60,0x60,0x60,0x60,0x60,0x60,0x60,0x60,
    0x78,0x78,0x00,0xC0,0xC0,0x60,0x60,0x60,0x30,0x30,0x30,0x18,0x18,0x0C,0x0C,0x0C,
    0x06,0x06,0x00,0x00,0x70,0x70,0x30,0x30,0x30,0x30,0x30,0x30,0x30,0x30,0x30,0x30,
    0x30,0x30,0x30,0x30,0x70,0x70,0x00,0x00,0x0C,0x00,0x0E,0x00,0x1E,0x00,0x1B,0x00,
    0x33,0x00,0x71,0x80,0x61,0x80,0x00,0x00,0x00,0x00,0x00,0x00,0x00,0x00,0x00,0x00,
    0x00,0x00,0x00,0x00,0x00,0x00,0x00,0x00,0x00,0x00,0x00,0x00,0x00,0x00,0x00,0x00,
    0x00,0x00,0x00,0x00,0x00,0x00,0x00,0x00,0x00,0x00,0xFE,0xFE,0x00,0xE0,0x70,0x30,
    0x00,0x00,0x00,0x00,0x00,0x00,0x00,0x00,0x00,0x00,0x00,0x00,0x00,0x00,0x00,0x00,
    0x00,0x00,0x00,0x00,0x00,0x00,0x00,0x00,0x3E,0x00,0x7F,0x00,0x23,0x00,0x03,0x00,
    0x1F,0x80,0x7F,0x80,0x73,0x80,0x63,0x80,0x7F,0x80,0x39,0x80,0x00,0x00,0x00,0x00,
    0x00,0x00,0x00,0x00,0x70,0x00,0x70,0x00,0x70,0x00,0x70,0x00,0x7F,0x00,0x7F,0x80,
    0x71,0x80,0x71,0xC0,0x71,0xC0,0x71,0xC0,0x71,0xC0,0x71,0x80,0x7F,0x80,0x6F,0x00,
    0x00,0x00,0x00,0x00,0x00,0x00,0x00,0x00,0x00,0x00,0x00,0x00,0x00,0x00,0x00,0x00,
    0x1E,0x00,0x3F,0x00,0x70,0x00,0x60,0x00,0xE0,0x00,0xE0,0x00,0x60,0x00,0x71,0x00,
    0x3F,0x00,0x1E,0x00,0x00,0x00,0x00,0x00,0x00,0x00,0x00,0x00,0x01,0x80,0x01,0x80,
    0x01,0x80,0x01,0x80,0x1F,0x80,0x3F,0x80,0x73,0x80,0x61,0x80,0xE1,0x80,0xE1,0x80,
    0x61,0x80,0x73,0x80,0x7F,0x80,0x3D,0x80,0x00,0x00,0x00,0x00,0x00,0x00,0x00,0x00,
    0x00,0x00,0x00,0x00,0x00,0x00,0x00,0x00,0x1E,0x00,0x3F,0x00,0x73,0x80,0x61,0x80,
    0xFF,0x80,0xFF,0x80,0x60,0x00,0x71,0x00,0x3F,0x80,0x1F,0x00,0x00,0x00,0x00,0x00,
    0x00,0x00,0x00,0x1C,0x3C,0x30,0x70,0xFC,0xFC,0x70,0x70,0x70,0x70,0x70,0x70,0x70,
    0x70,0x00,0x00,0x00,0x00,0x00,0x00,0x00,0x00,0x00,0x00,0x00,0x00,0x00,0x3F,0x80,
    0x7F,0x80,0x63,0x00,0x63,0x00,0x7F,0x00,0x3E,0x00,0x60,0x00,0x7F,0x00,0x7F,0x80,
    0xE3,0x80,0xE3,0x80,0x7F,0x00,0x3E,0x00,0x00,0x00,0x70,0x00,0x70,0x00,0x70,0x00,
    0x70,0x00,0x7F,0x00,0x7F,0x80,0x71,0x80,0x71,0x80,0x71,0x80,0x71,0x80,0x71,0x80,
    0x71,0x80,0x71,0x80,0x71,0x80,0x00,0x00,0x00,0x00,0x00,0x00,0x00,0x70,0x70,0x70,
    0x00,0x70,0x70,0x70,0x70,0x70,0x70,0x70,0x70,0x70,0x70,0x00,0x00,0x00,0x00,0x70,
    0x70,0x70,0x00,0x70,0x70,0x70,0x70,0x70,0x70,0x70,0x70,0x70,0x70,0x70,0xE0,0xE0,
    0x00,0x00,0x70,0x00,0x70,0x00,0x70,0x00,0x70,0x00,0x71,0x80,0x73,0x80,0x77,0x00,
    0x7E,0x00,0x7C,0x00,0x7E,0x00,0x77,0x00,0x77,0x00,0x73,0x80,0x71,0xC0,0x00,0x00,
    0x00,0x00,0x00,0x00,0x00,0x70,0x70,0x70,0x70,0x70,0x70,0x70,0x70,0x70,0x70,0x70,
    0x70,0x70,0x70,0x00,0x00,0x00,0x00,0x00,0x00,0x00,0x00,0x00,0x00,0x00,0x00,0x00,
    0x6E,0x78,0x7F,0xFC,0x73,0x9C,0x73,0x8C,0x73,0x8C,0x73,0x8C,0x73,0x8C,0x73,0x8C,
    0x73,0x8C,0x73,0x8C,0x00,0x00,0x00,0x00,0x00,0x00,0x00,0x00,0x00,0x00,0x00,0x00,
    0x00,0x00,0x00,0x00,0x6F,0x00,0x7F,0x80,0x71,0x80,0x71,0x80,0x71,0x80,0x71,0x80,
    0x71,0x80,0x71,0x80,0x71,0x80,0x71,0x80,0x00,0x00,0x00,0x00,0x00,0x00,0x00,0x00,
    0x00,0x00,0x00,0x00,0x00,0x00,0x00,0x00,0x1E,0x00,0x3F,0x80,0x71,0x80,0x61,0xC0,
    0xE1,0xC0,0xE1,0xC0,0x61,0xC0,0x71,0x80,0x3F,0x80,0x1E,0x00,0x00,0x00,0x00,0x00,
    0x00,0x00,0x00,0x00,0x00,0x00,0x00,0x00,0x00,0x00,0x00,0x00,0x6F,0x00,0x7F,0x80,
    0x71,0x80,0x71,0xC0,0x71,0xC0,0x71,0xC0,0x71,0xC0,0x73,0x80,0x7F,0x80,0x7F,0x00,
    0x70,0x00,0x70,0x00,0x70,0x00,0x00,0x00,0x00,0x00,0x00,0x00,0x00,0x00,0x00,0x00,
    0x1D,0x80,0x3F,0x80,0x73,0x80,0x61,0x80,0xE1,0x80,0xE1,0x80,0x61,0x80,0x73,0x80,
    0x7F,0x80,0x3D,0x80,0x01,0x80,0x01,0x80,0x01,0x80,0x00,0x00,0x00,0x00,0x00,0x6E,
    0x7E,0x70,0x70,0x70,0x70,0x70,0x70,0x70,0x70,0x00,0x00,0x00,0x00,0x00,0x00,0x00,
    0x00,0x3C,0x7E,0x60,0x60,0x7C,0x3E,0x06,0x46,0xFE,0x7C,0x00,0x00,0x00,0x00,0x00,
    0x30,0x30,0x30,0xFC,0xFC,0x30,0x30,0x30,0x30,0x30,0x30,0x3C,0x1C,0x00,0x00,0x00,
    0x00,0x00,0x00,0x00,0x00,0x00,0x00,0x00,0x00,0x00,0x61,0x80,0x61,0x80,0x61,0x80,
    0x61,0x80,0x61,0x80,0x61,0x80,0x61,0x80,0x73,0x80,0x7F,0x80,0x3D,0x80,0x00,0x00,
    0x00,0x00,0x00,0x00,0x00,0x00,0x00,0x00,0x00,0x00,0x00,0x00,0x00,0x00,0xE1,0x80,
    0x61,0x80,0x63,0x80,0x73,0x00,0x33,0x00,0x37,0x00,0x3E,0x00,0x1E,0x00,0x1C,0x00,
    0x1C,0x00,0x00,0x00,0x00,0x00,0x00,0x00,0x00,0x00,0x00,0x00,0x00,0x00,0x00,0x00,
    0x00,0x00,0xE3,0x0C,0xE3,0x9C,0x67,0x9C,0x67,0x98,0x77,0xD8,0x34,0xF8,0x3C,0xF0,
    0x3C,0xF0,0x3C,0x70,0x18,0x70,0x00,0x00,0x00,0x00,0x00,0x00,0x00,0x00,0x00,0x00,
    0x00,0x00,0x00,0x00,0x00,0x00,0x61,0x80,0x73,0x80,0x37,0x00,0x3E,0x00,0x1E,0x00,
    0x1E,0x00,0x3F,0x00,0x37,0x00,0x73,0x80,0xE1,0x80,0x00,0x00,0x00,0x00,0x00,0x00,
    0x00,0x00,0x00,0x00,0x00,0x00,0x00,0x00,0x00,0x00,0xE1,0x80,0x61,0x80,0x73,0x80,
    0x73,0x00,0x33,0x00,0x3E,0x00,0x1E,0x00,0x1E,0x00,0x1C,0x00,0x0C,0x00,0x18,0x00,
    0x18,0x00,0x38,0x00,0x00,0x00,0x00,0x00,0x00,0x7F,0x7F,0x06,0x0E,0x1C,0x18,0x30,
    0x70,0x7F,0xFF,0x00,0x00,0x00,0x38,0x78,0x60,0x60,0x60,0x60,0x60,0x60,0xE0,0xE0,
    0x60,0x60,0x60,0x60,0x60,0x60,0x78,0x38,0x30,0x30,0x30,0x30,0x30,0x30,0x30,0x30,
    0x30,0x30,0x30,0x30,0x30,0x30,0x30,0x30,0x30,0x30,0x60,0x70,0x30,0x38,0x30,0x30,
    0x30,0x30,0x18,0x18,0x30,0x30,0x30,0x30,0x38,0x30,0x70,0x60,0x00,0x00,0x00,0x00,
    0x00,0x00,0x00,0x00,0x00,0x00,0x00,0x00,0x00,0x00,0x00,0x80,0x39,0xC0,0x7F,0x80,
    0x67,0x00,0x40,0x00,0x00,0x00,0x00,0x00,0x00,0x00,0x00,0x00,0x00,0x00,0x00,0x00,
];

// Bitmap font: LATO_12 — Lato-Regular.ttf, 12px
/// Lato Regular 12px bitmap font data (hints, small text).
pub const LATO_12_HEIGHT: u8 = 11;
pub const LATO_12_ASCENT: u8 = 9;
pub const LATO_12_FIRST: u8 = 32;
pub const LATO_12_LAST: u8 = 126;

pub const LATO_12_WIDTHS: [u8; 95] = [
     4, 4, 5, 7, 7, 9, 8, 3, 4, 4, 5, 7, 3, 4, 3, 4,
     7, 7, 7, 7, 7, 7, 7, 7, 7, 7, 3, 3, 7, 7, 7, 5,
    10, 8, 8, 8, 9, 7, 7, 9, 9, 4, 5, 8, 6,11, 9,10,
     7,10, 8, 6, 7, 9, 8,12, 8, 8, 7, 4, 5, 4, 7, 5,
     4, 6, 7, 6, 7, 6, 4, 6, 7, 3, 3, 6, 3,10, 7, 7,
     7, 7, 5, 5, 4, 7, 6, 9, 6, 6, 6, 4, 4, 4, 7,
];

pub const LATO_12_OFFSETS: [u16; 95] = [
        0,   11,   22,   33,   44,   55,   77,   88,   99,  110,  121,  132,
      143,  154,  165,  176,  187,  198,  209,  220,  231,  242,  253,  264,
      275,  286,  297,  308,  319,  330,  341,  352,  363,  385,  396,  407,
      418,  440,  451,  462,  484,  506,  517,  528,  539,  550,  572,  594,
      616,  627,  649,  660,  671,  682,  704,  715,  737,  748,  759,  770,
      781,  792,  803,  814,  825,  836,  847,  858,  869,  880,  891,  902,
      913,  924,  935,  946,  957,  968,  990, 1001, 1012, 1023, 1034, 1045,
     1056, 1067, 1078, 1089, 1111, 1122, 1133, 1144, 1155, 1166, 1177,
];

pub const LATO_12_DATA: [u8; 1188] = [
    0x00,0x00,0x00,0x00,0x00,0x00,0x00,0x00,0x00,0x00,0x00,0x00,0x60,0x60,0x60,0x60,
    0x20,0x00,0x00,0x60,0x00,0x00,0x00,0x50,0x50,0x50,0x00,0x00,0x00,0x00,0x00,0x00,
    0x00,0x00,0x24,0x2C,0x7E,0x28,0x28,0xFC,0x48,0x50,0x00,0x00,0x10,0x3C,0x50,0x50,
    0x30,0x1C,0x14,0x54,0x78,0x10,0x10,0x00,0x00,0x71,0x00,0xD2,0x00,0xD6,0x00,0x7C,
    0x00,0x0B,0x00,0x14,0x80,0x24,0x80,0x63,0x00,0x00,0x00,0x00,0x00,0x00,0x3C,0x24,
    0x20,0x30,0x7A,0xCE,0x46,0x7B,0x00,0x00,0x00,0x40,0x40,0x40,0x00,0x00,0x00,0x00,
    0x00,0x00,0x00,0x20,0x60,0x40,0x40,0x40,0x40,0x40,0x40,0x40,0x20,0x20,0xC0,0x40,
    0x40,0x60,0x20,0x20,0x20,0x60,0x40,0x40,0x00,0x20,0x70,0x70,0x20,0x00,0x00,0x00,
    0x00,0x00,0x00,0x00,0x00,0x00,0x10,0x10,0x10,0x7C,0x10,0x10,0x00,0x00,0x00,0x00,
    0x00,0x00,0x00,0x00,0x00,0x00,0x00,0x40,0x40,0x00,0x00,0x00,0x00,0x00,0x00,0x70,
    0x00,0x00,0x00,0x00,0x00,0x00,0x00,0x00,0x00,0x00,0x00,0x00,0x00,0x40,0x00,0x00,
    0x10,0x10,0x10,0x20,0x20,0x40,0x40,0xC0,0x80,0x00,0x00,0x00,0x38,0x44,0xC6,0xC6,
    0xC6,0xC6,0x44,0x38,0x00,0x00,0x00,0x18,0x38,0x18,0x18,0x18,0x18,0x18,0x3C,0x00,
    0x00,0x00,0x38,0x44,0x04,0x0C,0x08,0x10,0x60,0x7C,0x00,0x00,0x00,0x3C,0x44,0x04,
    0x18,0x04,0x04,0x44,0x38,0x00,0x00,0x00,0x0C,0x1C,0x3C,0x6C,0x4C,0xFE,0x0C,0x0C,
    0x00,0x00,0x00,0x3C,0x40,0x78,0x0C,0x04,0x04,0x0C,0x78,0x00,0x00,0x00,0x08,0x10,
    0x20,0x78,0x44,0x46,0x44,0x38,0x00,0x00,0x00,0x7E,0x04,0x0C,0x08,0x18,0x10,0x30,
    0x20,0x00,0x00,0x00,0x38,0x44,0x44,0x38,0x44,0xC4,0x44,0x38,0x00,0x00,0x00,0x3C,
    0x44,0x46,0x44,0x3C,0x08,0x10,0x30,0x00,0x00,0x00,0x00,0x00,0x40,0x00,0x00,0x00,
    0x00,0x40,0x00,0x00,0x00,0x00,0x00,0x40,0x00,0x00,0x00,0x00,0x40,0x40,0x00,0x00,
    0x00,0x00,0x18,0x60,0x70,0x18,0x00,0x00,0x00,0x00,0x00,0x00,0x00,0x00,0x7C,0x00,
    0x7C,0x00,0x00,0x00,0x00,0x00,0x00,0x00,0x30,0x0C,0x1C,0x30,0x00,0x00,0x00,0x00,
    0x00,0x70,0x18,0x18,0x30,0x20,0x00,0x00,0x60,0x00,0x00,0x00,0x00,0x1E,0x00,0x21,
    0x00,0x40,0x80,0x4E,0x80,0x9A,0x80,0x92,0x80,0x56,0x80,0x5B,0x00,0x20,0x00,0x1F,
    0x00,0x00,0x18,0x18,0x34,0x24,0x66,0x7E,0x43,0xC1,0x00,0x00,0x00,0x7C,0x46,0x46,
    0x7C,0x46,0x42,0x46,0x7C,0x00,0x00,0x00,0x1E,0x60,0x40,0xC0,0xC0,0x40,0x60,0x3E,
    0x00,0x00,0x00,0x00,0x7E,0x00,0x43,0x00,0x41,0x00,0x41,0x80,0x41,0x80,0x41,0x00,
    0x43,0x00,0x7E,0x00,0x00,0x00,0x00,0x00,0x00,0x7C,0x40,0x40,0x7C,0x40,0x40,0x40,
    0x7C,0x00,0x00,0x00,0x7C,0x40,0x40,0x7C,0x40,0x40,0x40,0x40,0x00,0x00,0x00,0x00,
    0x1F,0x00,0x60,0x00,0x40,0x00,0xC0,0x00,0xC7,0x00,0x41,0x00,0x61,0x00,0x1F,0x00,
    0x00,0x00,0x00,0x00,0x00,0x00,0x41,0x00,0x41,0x00,0x41,0x00,0x7F,0x00,0x41,0x00,
    0x41,0x00,0x41,0x00,0x41,0x00,0x00,0x00,0x00,0x00,0x00,0x60,0x60,0x60,0x60,0x60,
    0x60,0x60,0x60,0x00,0x00,0x00,0x10,0x10,0x10,0x10,0x10,0x10,0x10,0xE0,0x00,0x00,
    0x00,0x42,0x44,0x48,0x78,0x48,0x4C,0x46,0x43,0x00,0x00,0x00,0x40,0x40,0x40,0x40,
    0x40,0x40,0x40,0x7C,0x00,0x00,0x00,0x00,0x60,0xC0,0x60,0xC0,0x51,0x40,0x51,0x40,
    0x4A,0x40,0x4E,0x40,0x44,0x40,0x40,0x40,0x00,0x00,0x00,0x00,0x00,0x00,0x41,0x00,
    0x61,0x00,0x51,0x00,0x49,0x00,0x49,0x00,0x45,0x00,0x43,0x00,0x41,0x00,0x00,0x00,
    0x00,0x00,0x00,0x00,0x1E,0x00,0x61,0x00,0x41,0x80,0xC0,0x80,0xC0,0x80,0x41,0x80,
    0x61,0x00,0x1E,0x00,0x00,0x00,0x00,0x00,0x00,0x7C,0x46,0x42,0x46,0x7C,0x40,0x40,
    0x40,0x00,0x00,0x00,0x00,0x1E,0x00,0x61,0x00,0x41,0x80,0xC0,0x80,0xC0,0x80,0x41,
    0x80,0x61,0x00,0x1F,0x00,0x01,0x00,0x00,0x80,0x00,0x7C,0x46,0x46,0x46,0x78,0x4C,
    0x44,0x42,0x00,0x00,0x00,0x38,0x40,0x40,0x70,0x1C,0x04,0x0C,0x78,0x00,0x00,0x00,
    0xFE,0x10,0x10,0x10,0x10,0x10,0x10,0x10,0x00,0x00,0x00,0x00,0x41,0x00,0x41,0x00,
    0x41,0x00,0x41,0x00,0x41,0x00,0x43,0x00,0x62,0x00,0x3C,0x00,0x00,0x00,0x00,0x00,
    0x00,0xC1,0x43,0x42,0x66,0x24,0x3C,0x18,0x18,0x00,0x00,0x00,0x00,0xC6,0x10,0xC6,
    0x30,0x47,0x20,0x6D,0x20,0x69,0x60,0x39,0xC0,0x30,0xC0,0x30,0xC0,0x00,0x00,0x00,
    0x00,0x00,0xC2,0x66,0x2C,0x18,0x38,0x24,0x46,0xC2,0x00,0x00,0x00,0xC2,0x46,0x24,
    0x38,0x18,0x10,0x10,0x10,0x00,0x00,0x00,0x7E,0x04,0x0C,0x18,0x10,0x20,0x60,0xFE,
    0x00,0x00,0x60,0x40,0x40,0x40,0x40,0x40,0x40,0x40,0x40,0x40,0x60,0x80,0x80,0x40,
    0x40,0x20,0x20,0x30,0x10,0x10,0x00,0x00,0x60,0x20,0x20,0x20,0x20,0x20,0x20,0x20,
    0x20,0x20,0x60,0x00,0x10,0x38,0x28,0x44,0x00,0x00,0x00,0x00,0x00,0x00,0x00,0x00,
    0x00,0x00,0x00,0x00,0x00,0x00,0x00,0x00,0xF8,0x00,0x40,0x00,0x00,0x00,0x00,0x00,
    0x00,0x00,0x00,0x00,0x00,0x00,0x00,0x78,0x48,0x08,0x78,0x48,0x78,0x00,0x00,0x40,
    0x40,0x40,0x78,0x44,0x44,0x44,0x44,0x78,0x00,0x00,0x00,0x00,0x00,0x38,0x40,0xC0,
    0xC0,0x40,0x78,0x00,0x00,0x04,0x04,0x04,0x7C,0x4C,0xC4,0xC4,0x4C,0x7C,0x00,0x00,
    0x00,0x00,0x00,0x38,0x4C,0xFC,0xC0,0x40,0x38,0x00,0x00,0x00,0x30,0x40,0xF0,0x40,
    0x40,0x40,0x40,0x40,0x00,0x00,0x00,0x00,0x00,0x7C,0x48,0x48,0x70,0x40,0x78,0xC4,
    0x78,0x40,0x40,0x40,0x78,0x44,0x44,0x44,0x44,0x44,0x00,0x00,0x40,0x00,0x00,0x40,
    0x40,0x40,0x40,0x40,0x40,0x00,0x00,0x40,0x00,0x00,0x40,0x40,0x40,0x40,0x40,0x40,
    0x40,0xC0,0x40,0x40,0x40,0x4C,0x50,0x70,0x50,0x48,0x4C,0x00,0x00,0x40,0x40,0x40,
    0x40,0x40,0x40,0x40,0x40,0x40,0x00,0x00,0x00,0x00,0x00,0x00,0x00,0x00,0x7B,0x80,
    0x4C,0x80,0x4C,0x80,0x4C,0x80,0x4C,0x80,0x4C,0x80,0x00,0x00,0x00,0x00,0x00,0x00,
    0x00,0x78,0x44,0x44,0x44,0x44,0x44,0x00,0x00,0x00,0x00,0x00,0x38,0x44,0xC4,0xC4,
    0x44,0x38,0x00,0x00,0x00,0x00,0x00,0x78,0x44,0x44,0x44,0x44,0x78,0x40,0x40,0x00,
    0x00,0x00,0x7C,0x4C,0xC4,0xC4,0x4C,0x7C,0x04,0x04,0x00,0x00,0x00,0x70,0x40,0x40,
    0x40,0x40,0x40,0x00,0x00,0x00,0x00,0x00,0x70,0xC0,0x60,0x18,0x18,0x70,0x00,0x00,
    0x00,0x40,0x40,0xF0,0x40,0x40,0x40,0x40,0x70,0x00,0x00,0x00,0x00,0x00,0x44,0x44,
    0x44,0x44,0x4C,0x7C,0x00,0x00,0x00,0x00,0x00,0xC4,0x4C,0x48,0x78,0x30,0x30,0x00,
    0x00,0x00,0x00,0x00,0x00,0x00,0x00,0x88,0x80,0xCD,0x80,0x55,0x00,0x55,0x00,0x73,
    0x00,0x22,0x00,0x00,0x00,0x00,0x00,0x00,0x00,0x00,0xCC,0x68,0x30,0x30,0x48,0xCC,
    0x00,0x00,0x00,0x00,0x00,0xC4,0x4C,0x48,0x38,0x30,0x30,0x20,0x20,0x00,0x00,0x00,
    0x78,0x18,0x30,0x20,0x40,0xF8,0x00,0x00,0x60,0x40,0x40,0x40,0x40,0xC0,0x40,0x40,
    0x40,0x40,0x60,0x40,0x40,0x40,0x40,0x40,0x40,0x40,0x40,0x40,0x40,0x40,0x40,0x20,
    0x20,0x20,0x20,0x20,0x20,0x20,0x20,0x20,0x40,0x00,0x00,0x00,0x00,0x74,0x5C,0x00,
    0x00,0x00,0x00,0x00,
];

// Bitmap font: RUBIK_BOLD_26 — Rubik-Bold.ttf, 26px
/// Rubik Bold 26px bitmap font data (large numbers).
pub const RUBIK_BOLD_26_HEIGHT: u8 = 30;
pub const RUBIK_BOLD_26_ASCENT: u8 = 24;
pub const RUBIK_BOLD_26_FIRST: u8 = 32;
pub const RUBIK_BOLD_26_LAST: u8 = 126;

pub const RUBIK_BOLD_26_WIDTHS: [u8; 95] = [
     8, 8,12,18,17,21,19, 6,10,10,12,16, 7,12, 7,14,
    18,13,17,17,18,17,17,15,18,17, 8, 8,13,15,13,16,
    22,19,18,18,19,17,16,19,19, 8,17,17,16,22,19,19,
    18,19,18,17,16,19,18,22,18,18,17,10,14,10,12,19,
    10,15,16,15,16,15,12,16,17, 7, 8,15, 7,24,17,16,
    16,16,12,14,12,17,15,22,15,16,14,11, 7,11,14,
];

pub const RUBIK_BOLD_26_OFFSETS: [u16; 95] = [
        0,   30,   60,  120,  210,  300,  390,  480,  510,  570,  630,  690,
      750,  780,  840,  870,  930, 1020, 1080, 1170, 1260, 1350, 1440, 1530,
     1590, 1680, 1770, 1800, 1830, 1890, 1950, 2010, 2070, 2160, 2250, 2340,
     2430, 2520, 2610, 2670, 2760, 2850, 2880, 2970, 3060, 3120, 3210, 3300,
     3390, 3480, 3570, 3660, 3750, 3810, 3900, 3990, 4080, 4170, 4260, 4350,
     4410, 4470, 4530, 4590, 4680, 4740, 4800, 4860, 4920, 4980, 5040, 5100,
     5160, 5250, 5280, 5310, 5370, 5400, 5490, 5580, 5640, 5700, 5760, 5820,
     5880, 5940, 6030, 6090, 6180, 6240, 6300, 6360, 6420, 6450, 6510,
];

pub const RUBIK_BOLD_26_DATA: [u8; 6570] = [
    0x00,0x00,0x00,0x00,0x00,0x00,0x00,0x00,0x00,0x00,0x00,0x00,0x00,0x00,0x00,0x00,
    0x00,0x00,0x00,0x00,0x00,0x00,0x00,0x00,0x00,0x00,0x00,0x00,0x00,0x00,0x00,0x00,
    0x00,0x00,0x00,0x00,0x3E,0x3E,0x3E,0x3E,0x3E,0x3E,0x3E,0x3E,0x3E,0x3E,0x3E,0x3E,
    0x3E,0x3E,0x3E,0x3E,0x3E,0x3E,0x00,0x00,0x00,0x00,0x00,0x00,0x00,0x00,0x00,0x00,
    0x00,0x00,0x00,0x00,0x00,0x00,0x7B,0xE0,0x7B,0xE0,0x79,0xE0,0x79,0xE0,0x79,0xC0,
    0x79,0xC0,0x39,0xC0,0x00,0x00,0x00,0x00,0x00,0x00,0x00,0x00,0x00,0x00,0x00,0x00,
    0x00,0x00,0x00,0x00,0x00,0x00,0x00,0x00,0x00,0x00,0x00,0x00,0x00,0x00,0x00,0x00,
    0x00,0x00,0x00,0x00,0x00,0x00,0x00,0x00,0x00,0x00,0x00,0x00,0x00,0x00,0x00,0x00,
    0x00,0x00,0x00,0x00,0x00,0x00,0x00,0x00,0x00,0x00,0x00,0x00,0x00,0x07,0x9E,0x00,
    0x07,0x9E,0x00,0x07,0x9C,0x00,0x3F,0xFF,0x80,0x3F,0xFF,0x80,0x3F,0xFF,0x80,0x0F,
    0x3C,0x00,0x0F,0x3C,0x00,0x0F,0x3C,0x00,0x0F,0x3C,0x00,0x7F,0xFF,0x00,0x7F,0xFF,
    0x00,0x7F,0xFF,0x00,0x0E,0x78,0x00,0x1E,0x78,0x00,0x1E,0x78,0x00,0x00,0x00,0x00,
    0x00,0x00,0x00,0x00,0x00,0x00,0x00,0x00,0x00,0x00,0x00,0x00,0x00,0x00,0x00,0x00,
    0x00,0x00,0x00,0x00,0x00,0x00,0x00,0x00,0x00,0x00,0x00,0x01,0xC0,0x00,0x01,0xC0,
    0x00,0x03,0xE0,0x00,0x0F,0xF8,0x00,0x3F,0xFC,0x00,0x3F,0xFE,0x00,0x7C,0x3E,0x00,
    0x7C,0x3E,0x00,0x7C,0x00,0x00,0x7F,0x00,0x00,0x7F,0xF0,0x00,0x3F,0xFC,0x00,0x1F,
    0xFE,0x00,0x03,0xFF,0x00,0x00,0x7F,0x00,0x00,0x1F,0x00,0xFC,0x1F,0x00,0x7E,0x3F,
    0x00,0x7F,0xFE,0x00,0x3F,0xFE,0x00,0x1F,0xF8,0x00,0x03,0xE0,0x00,0x01,0xC0,0x00,
    0x01,0xC0,0x00,0x00,0x00,0x00,0x00,0x00,0x00,0x00,0x00,0x00,0x00,0x00,0x00,0x00,
    0x00,0x00,0x00,0x00,0x00,0x00,0x00,0x00,0x00,0x00,0x00,0x00,0x00,0x00,0x1F,0x01,
    0xE0,0x7F,0x83,0xC0,0x73,0x83,0x80,0x73,0x87,0x80,0x73,0x8F,0x00,0x73,0x9E,0x00,
    0x73,0x9C,0x00,0x7F,0xB8,0x00,0x1E,0x78,0x00,0x00,0xF7,0xE0,0x01,0xEF,0xF0,0x01,
    0xCE,0x70,0x03,0xCE,0x70,0x07,0x8E,0x70,0x0F,0x0E,0x70,0x0E,0x0E,0xF0,0x1E,0x07,
    0xF0,0x3C,0x03,0xC0,0x00,0x00,0x00,0x00,0x00,0x00,0x00,0x00,0x00,0x00,0x00,0x00,
    0x00,0x00,0x00,0x00,0x00,0x00,0x00,0x00,0x00,0x00,0x00,0x00,0x00,0x00,0x00,0x00,
    0x00,0x00,0x00,0x00,0x00,0x00,0x00,0x00,0x07,0xF0,0x00,0x0F,0xF8,0x00,0x1F,0xFC,
    0x00,0x3F,0x7C,0x00,0x3E,0x3C,0x00,0x1E,0x3C,0x00,0x1F,0x78,0x00,0x0F,0xF0,0x00,
    0x1F,0xE3,0xC0,0x3F,0xF3,0xC0,0x7F,0xFB,0xC0,0x7C,0xFF,0x80,0x7C,0x7F,0x80,0x7C,
    0x3F,0x00,0x7E,0x7F,0x00,0x3F,0xFF,0x80,0x1F,0xFF,0xC0,0x0F,0xE3,0xE0,0x00,0x00,
    0x00,0x00,0x00,0x00,0x00,0x00,0x00,0x00,0x00,0x00,0x00,0x00,0x00,0x00,0x00,0x00,
    0x00,0x00,0x00,0x00,0x00,0x78,0x78,0x78,0x78,0x78,0x78,0x38,0x00,0x00,0x00,0x00,
    0x00,0x00,0x00,0x00,0x00,0x00,0x00,0x00,0x00,0x00,0x00,0x00,0x00,0x00,0x00,0x00,
    0x00,0x00,0x00,0x00,0x00,0x00,0x07,0xC0,0x0F,0xC0,0x1F,0xC0,0x3F,0x00,0x3E,0x00,
    0x3C,0x00,0x7C,0x00,0x7C,0x00,0x7C,0x00,0x7C,0x00,0x7C,0x00,0x7C,0x00,0x7C,0x00,
    0x7C,0x00,0x7C,0x00,0x7C,0x00,0x7C,0x00,0x7C,0x00,0x3C,0x00,0x3E,0x00,0x1F,0x00,
    0x1F,0xC0,0x0F,0xC0,0x03,0xC0,0x00,0x00,0x00,0x00,0x00,0x00,0x00,0x00,0x00,0x00,
    0x00,0x00,0xF8,0x00,0xFC,0x00,0xFE,0x00,0x1F,0x00,0x0F,0x80,0x0F,0x80,0x0F,0x80,
    0x07,0x80,0x07,0x80,0x07,0xC0,0x07,0xC0,0x07,0xC0,0x07,0xC0,0x07,0xC0,0x07,0xC0,
    0x07,0x80,0x07,0x80,0x0F,0x80,0x0F,0x80,0x1F,0x00,0x3F,0x00,0xFE,0x00,0xFC,0x00,
    0xF8,0x00,0x00,0x00,0x00,0x00,0x00,0x00,0x00,0x00,0x00,0x00,0x00,0x00,0x00,0x00,
    0x0F,0x00,0x0E,0x00,0x3F,0xC0,0x7F,0xC0,0x7F,0xE0,0x1F,0x00,0x3F,0x80,0x3F,0xC0,
    0x1B,0x00,0x00,0x00,0x00,0x00,0x00,0x00,0x00,0x00,0x00,0x00,0x00,0x00,0x00,0x00,
    0x00,0x00,0x00,0x00,0x00,0x00,0x00,0x00,0x00,0x00,0x00,0x00,0x00,0x00,0x00,0x00,
    0x00,0x00,0x00,0x00,0x00,0x00,0x00,0x00,0x00,0x00,0x00,0x00,0x00,0x00,0x00,0x00,
    0x00,0x00,0x00,0x00,0x01,0xC0,0x01,0xC0,0x01,0xC0,0x01,0xC0,0x01,0xC0,0x7F,0xFE,
    0x7F,0xFE,0x7F,0xFE,0x01,0xC0,0x01,0xC0,0x01,0xC0,0x01,0xC0,0x01,0xC0,0x01,0xC0,
    0x00,0x00,0x00,0x00,0x00,0x00,0x00,0x00,0x00,0x00,0x00,0x00,0x00,0x00,0x00,0x00,
    0x00,0x00,0x00,0x00,0x00,0x00,0x00,0x00,0x00,0x00,0x00,0x00,0x00,0x00,0x00,0x00,
    0x00,0x3C,0x7C,0x7C,0x78,0x78,0x78,0x70,0x00,0x00,0x00,0x00,0x00,0x00,0x00,0x00,
    0x00,0x00,0x00,0x00,0x00,0x00,0x00,0x00,0x00,0x00,0x00,0x00,0x00,0x00,0x00,0x00,
    0x00,0x00,0x00,0x00,0x00,0x00,0x00,0x00,0x00,0x00,0x7F,0xC0,0x7F,0xC0,0x7F,0xC0,
    0x00,0x00,0x00,0x00,0x00,0x00,0x00,0x00,0x00,0x00,0x00,0x00,0x00,0x00,0x00,0x00,
    0x00,0x00,0x00,0x00,0x00,0x00,0x00,0x00,0x00,0x00,0x00,0x00,0x00,0x00,0x00,0x00,
    0x00,0x00,0x00,0x00,0x00,0x00,0x00,0x00,0x00,0x00,0x00,0x7C,0x7C,0x7C,0x7C,0x7C,
    0x00,0x00,0x00,0x00,0x00,0x00,0x00,0x00,0x00,0x00,0x00,0x00,0x00,0x78,0x00,0x78,
    0x00,0x78,0x00,0xF0,0x00,0xF0,0x01,0xE0,0x01,0xE0,0x01,0xE0,0x03,0xC0,0x03,0xC0,
    0x07,0x80,0x07,0x80,0x07,0x80,0x0F,0x00,0x0F,0x00,0x1E,0x00,0x1E,0x00,0x3E,0x00,
    0x3C,0x00,0x3C,0x00,0x78,0x00,0x78,0x00,0x70,0x00,0x00,0x00,0x00,0x00,0x00,0x00,
    0x00,0x00,0x00,0x00,0x00,0x00,0x00,0x00,0x00,0x00,0x00,0x00,0x00,0x00,0x00,0x00,
    0x00,0x00,0x00,0x00,0x07,0xF0,0x00,0x1F,0xF8,0x00,0x3F,0xFC,0x00,0x3E,0x7E,0x00,
    0x7C,0x3E,0x00,0x7C,0x1F,0x00,0x7C,0x1F,0x00,0x7C,0x1F,0x00,0x7C,0x1F,0x00,0x7C,
    0x1F,0x00,0x7C,0x1F,0x00,0x7C,0x1F,0x00,0x7C,0x1F,0x00,0x7C,0x3E,0x00,0x3E,0x7E,
    0x00,0x3F,0xFC,0x00,0x1F,0xF8,0x00,0x07,0xF0,0x00,0x00,0x00,0x00,0x00,0x00,0x00,
    0x00,0x00,0x00,0x00,0x00,0x00,0x00,0x00,0x00,0x00,0x00,0x00,0x00,0x00,0x00,0x00,
    0x00,0x00,0x00,0x00,0x00,0x00,0x00,0x00,0x01,0xF0,0x07,0xF0,0x0F,0xF0,0x1F,0xF0,
    0x7F,0xF0,0x7F,0xF0,0x79,0xF0,0x31,0xF0,0x01,0xF0,0x01,0xF0,0x01,0xF0,0x01,0xF0,
    0x01,0xF0,0x01,0xF0,0x01,0xF0,0x01,0xF0,0x01,0xF0,0x01,0xF0,0x00,0x00,0x00,0x00,
    0x00,0x00,0x00,0x00,0x00,0x00,0x00,0x00,0x00,0x00,0x00,0x00,0x00,0x00,0x00,0x00,
    0x00,0x00,0x00,0x00,0x00,0x00,0x00,0x00,0x00,0x00,0x07,0xF0,0x00,0x1F,0xF8,0x00,
    0x3F,0xFC,0x00,0x3F,0xFE,0x00,0x7E,0x3E,0x00,0x7C,0x3E,0x00,0x3C,0x3E,0x00,0x00,
    0x3E,0x00,0x00,0x7C,0x00,0x01,0xF8,0x00,0x03,0xF0,0x00,0x07,0xE0,0x00,0x1F,0xC0,
    0x00,0x3F,0x80,0x00,0x7F,0xFF,0x00,0x7F,0xFF,0x00,0x7F,0xFF,0x00,0x7F,0xFF,0x00,
    0x00,0x00,0x00,0x00,0x00,0x00,0x00,0x00,0x00,0x00,0x00,0x00,0x00,0x00,0x00,0x00,
    0x00,0x00,0x00,0x00,0x00,0x00,0x00,0x00,0x00,0x00,0x00,0x00,0x00,0x00,0x00,0x00,
    0x00,0x00,0x00,0x00,0x3F,0xFE,0x00,0x3F,0xFE,0x00,0x3F,0xFE,0x00,0x00,0x7E,0x00,
    0x00,0xFC,0x00,0x01,0xF8,0x00,0x03,0xF0,0x00,0x07,0xF8,0x00,0x07,0xFE,0x00,0x07,
    0xFE,0x00,0x00,0x3F,0x00,0x00,0x1F,0x00,0x00,0x1F,0x00,0x7C,0x1F,0x00,0x7E,0x3F,
    0x00,0x3F,0xFE,0x00,0x1F,0xFC,0x00,0x07,0xF0,0x00,0x00,0x00,0x00,0x00,0x00,0x00,
    0x00,0x00,0x00,0x00,0x00,0x00,0x00,0x00,0x00,0x00,0x00,0x00,0x00,0x00,0x00,0x00,
    0x00,0x00,0x00,0x00,0x00,0x00,0x00,0x00,0x00,0x00,0x00,0x00,0x00,0x00,0x00,0x7C,
    0x00,0x00,0xFC,0x00,0x01,0xFC,0x00,0x03,0xFC,0x00,0x07,0xFC,0x00,0x07,0xFC,0x00,
    0x0F,0x7C,0x00,0x1E,0x7C,0x00,0x3E,0x7C,0x00,0x3C,0x7C,0x00,0x7F,0xFF,0x80,0x7F,
    0xFF,0x80,0x7F,0xFF,0x80,0x7F,0xFF,0x80,0x00,0x7C,0x00,0x00,0x7C,0x00,0x00,0x7C,
    0x00,0x00,0x7C,0x00,0x00,0x00,0x00,0x00,0x00,0x00,0x00,0x00,0x00,0x00,0x00,0x00,
    0x00,0x00,0x00,0x00,0x00,0x00,0x00,0x00,0x00,0x00,0x00,0x00,0x00,0x00,0x00,0x00,
    0x00,0x00,0x00,0x00,0x00,0x00,0x00,0x00,0x1F,0xFC,0x00,0x1F,0xFE,0x00,0x3F,0xFE,
    0x00,0x3E,0x00,0x00,0x3C,0x00,0x00,0x3C,0x00,0x00,0x3F,0xF8,0x00,0x3F,0xFC,0x00,
    0x3F,0xFE,0x00,0x3E,0x3E,0x00,0x00,0x1F,0x00,0x00,0x1F,0x00,0x7C,0x1F,0x00,0x7C,
    0x3E,0x00,0x7E,0x7E,0x00,0x3F,0xFC,0x00,0x1F,0xF8,0x00,0x07,0xF0,0x00,0x00,0x00,
    0x00,0x00,0x00,0x00,0x00,0x00,0x00,0x00,0x00,0x00,0x00,0x00,0x00,0x00,0x00,0x00,
    0x00,0x00,0x00,0x00,0x00,0x00,0x00,0x00,0x00,0x00,0x00,0x00,0x00,0x00,0x00,0x00,
    0x00,0x00,0x00,0xF8,0x00,0x01,0xF0,0x00,0x03,0xE0,0x00,0x07,0xE0,0x00,0x07,0xC0,
    0x00,0x0F,0xE0,0x00,0x1F,0xF8,0x00,0x3F,0xFC,0x00,0x3F,0xFE,0x00,0x7E,0x3F,0x00,
    0x7C,0x1F,0x00,0x7C,0x1F,0x00,0x7C,0x1F,0x00,0x7C,0x1F,0x00,0x3F,0x7E,0x00,0x3F,
    0xFE,0x00,0x1F,0xFC,0x00,0x07,0xF0,0x00,0x00,0x00,0x00,0x00,0x00,0x00,0x00,0x00,
    0x00,0x00,0x00,0x00,0x00,0x00,0x00,0x00,0x00,0x00,0x00,0x00,0x00,0x00,0x00,0x00,
    0x00,0x00,0x00,0x00,0x00,0x00,0x7F,0xFC,0x7F,0xFC,0x7F,0xFC,0x7F,0xFC,0x00,0x7C,
    0x00,0xF8,0x00,0xF8,0x01,0xF0,0x01,0xF0,0x01,0xE0,0x03,0xE0,0x03,0xE0,0x07,0xC0,
    0x07,0xC0,0x0F,0x80,0x0F,0x80,0x0F,0x00,0x1F,0x00,0x00,0x00,0x00,0x00,0x00,0x00,
    0x00,0x00,0x00,0x00,0x00,0x00,0x00,0x00,0x00,0x00,0x00,0x00,0x00,0x00,0x00,0x00,
    0x00,0x00,0x00,0x00,0x00,0x00,0x00,0x00,0x07,0xF0,0x00,0x1F,0xFC,0x00,0x3F,0xFE,
    0x00,0x3E,0x3E,0x00,0x7C,0x1F,0x00,0x7C,0x1F,0x00,0x3E,0x7E,0x00,0x3F,0xFE,0x00,
    0x1F,0xFC,0x00,0x3F,0xFE,0x00,0x7E,0x3F,0x00,0x7C,0x1F,0x00,0x7C,0x1F,0x00,0x7C,
    0x1F,0x00,0x7E,0x3F,0x00,0x3F,0xFE,0x00,0x1F,0xFC,0x00,0x07,0xF0,0x00,0x00,0x00,
    0x00,0x00,0x00,0x00,0x00,0x00,0x00,0x00,0x00,0x00,0x00,0x00,0x00,0x00,0x00,0x00,
    0x00,0x00,0x00,0x00,0x00,0x00,0x00,0x00,0x00,0x00,0x00,0x00,0x00,0x00,0x00,0x00,
    0x00,0x00,0x07,0xF0,0x00,0x1F,0xFC,0x00,0x3F,0xFE,0x00,0x3F,0x7E,0x00,0x7C,0x1F,
    0x00,0x7C,0x1F,0x00,0x7C,0x1F,0x00,0x7C,0x1F,0x00,0x7E,0x3F,0x00,0x3F,0xFE,0x00,
    0x1F,0xFC,0x00,0x0F,0xFC,0x00,0x01,0xF8,0x00,0x01,0xF0,0x00,0x03,0xE0,0x00,0x07,
    0xE0,0x00,0x07,0xC0,0x00,0x0F,0x80,0x00,0x00,0x00,0x00,0x00,0x00,0x00,0x00,0x00,
    0x00,0x00,0x00,0x00,0x00,0x00,0x00,0x00,0x00,0x00,0x00,0x00,0x00,0x00,0x00,0x00,
    0x00,0x00,0x00,0x00,0x7C,0x7C,0x7C,0x7C,0x7C,0x00,0x00,0x00,0x00,0x7C,0x7C,0x7C,
    0x7C,0x7C,0x00,0x00,0x00,0x00,0x00,0x00,0x00,0x00,0x00,0x00,0x00,0x00,0x00,0x00,
    0x00,0x00,0x3E,0x3E,0x3E,0x3E,0x3E,0x00,0x00,0x00,0x00,0x3C,0x3C,0x3C,0x7C,0x78,
    0x78,0x70,0x00,0x00,0x00,0x00,0x00,0x00,0x00,0x00,0x00,0x00,0x00,0x00,0x00,0x00,
    0x00,0x00,0x00,0x00,0x00,0x00,0x00,0x30,0x00,0x70,0x01,0xF0,0x03,0xF0,0x0F,0xE0,
    0x1F,0xC0,0x3F,0x00,0x7E,0x00,0x7E,0x00,0x3F,0x00,0x1F,0xC0,0x0F,0xE0,0x03,0xF0,
    0x01,0xF0,0x00,0x70,0x00,0x30,0x00,0x00,0x00,0x00,0x00,0x00,0x00,0x00,0x00,0x00,
    0x00,0x00,0x00,0x00,0x00,0x00,0x00,0x00,0x00,0x00,0x00,0x00,0x00,0x00,0x00,0x00,
    0x00,0x00,0x00,0x00,0x00,0x00,0x00,0x00,0x3F,0xFC,0x3F,0xFC,0x3F,0xFC,0x00,0x00,
    0x00,0x00,0x00,0x00,0x00,0x00,0x3F,0xFC,0x3F,0xFC,0x3F,0xFC,0x00,0x00,0x00,0x00,
    0x00,0x00,0x00,0x00,0x00,0x00,0x00,0x00,0x00,0x00,0x00,0x00,0x00,0x00,0x00,0x00,
    0x00,0x00,0x00,0x00,0x00,0x00,0x00,0x00,0x00,0x00,0x00,0x00,0x00,0x00,0x30,0x00,
    0x38,0x00,0x3E,0x00,0x3F,0x00,0x1F,0x80,0x0F,0xE0,0x03,0xF0,0x01,0xF8,0x01,0xF8,
    0x03,0xF0,0x0F,0xE0,0x1F,0xC0,0x3F,0x00,0x3E,0x00,0x38,0x00,0x30,0x00,0x00,0x00,
    0x00,0x00,0x00,0x00,0x00,0x00,0x00,0x00,0x00,0x00,0x00,0x00,0x00,0x00,0x00,0x00,
    0x00,0x00,0x00,0x00,0x00,0x00,0x0F,0xE0,0x3F,0xF8,0x7F,0xF8,0x7E,0xFC,0xF8,0x7C,
    0x78,0x7C,0x00,0x7C,0x00,0xF8,0x01,0xF0,0x03,0xE0,0x07,0xE0,0x07,0xC0,0x07,0xC0,
    0x00,0x00,0x07,0xC0,0x07,0xC0,0x07,0xC0,0x07,0xC0,0x00,0x00,0x00,0x00,0x00,0x00,
    0x00,0x00,0x00,0x00,0x00,0x00,0x00,0x00,0x00,0x00,0x00,0x00,0x00,0x00,0x00,0x00,
    0x00,0x00,0x00,0x00,0x00,0x00,0x00,0x00,0x01,0xFE,0x00,0x07,0xFF,0x80,0x0F,0xFF,
    0xE0,0x1F,0x01,0xE0,0x3C,0x00,0xF0,0x38,0xFE,0x70,0x79,0xFE,0x38,0x73,0xFE,0x38,
    0x73,0x8E,0x38,0x73,0x8E,0x38,0x73,0x8E,0x38,0x73,0x8E,0x38,0x73,0xDF,0x78,0x73,
    0xFF,0xF8,0x79,0xFF,0xF0,0x38,0xF1,0xE0,0x3C,0x00,0x00,0x1F,0x01,0xF0,0x0F,0xFF,
    0xE0,0x07,0xFF,0x80,0x01,0xFE,0x00,0x00,0x00,0x00,0x00,0x00,0x00,0x00,0x00,0x00,
    0x00,0x00,0x00,0x00,0x00,0x00,0x00,0x00,0x00,0x00,0x00,0x00,0x00,0x00,0x00,0x00,
    0x00,0x00,0x03,0xF0,0x00,0x03,0xF8,0x00,0x03,0xF8,0x00,0x07,0xF8,0x00,0x07,0xFC,
    0x00,0x0F,0xBC,0x00,0x0F,0xBC,0x00,0x0F,0x3E,0x00,0x1F,0x1E,0x00,0x1F,0x1F,0x00,
    0x1E,0x1F,0x00,0x3F,0xFF,0x00,0x3F,0xFF,0x80,0x3F,0xFF,0x80,0x7C,0x07,0x80,0x7C,
    0x07,0xC0,0xF8,0x07,0xC0,0xF8,0x03,0xC0,0x00,0x00,0x00,0x00,0x00,0x00,0x00,0x00,
    0x00,0x00,0x00,0x00,0x00,0x00,0x00,0x00,0x00,0x00,0x00,0x00,0x00,0x00,0x00,0x00,
    0x00,0x00,0x00,0x00,0x00,0x00,0x00,0x00,0x00,0x00,0x00,0x00,0x3F,0xFC,0x00,0x3F,
    0xFF,0x00,0x3F,0xFF,0x80,0x3E,0x1F,0x80,0x3E,0x0F,0x80,0x3E,0x0F,0x80,0x3E,0x0F,
    0x80,0x3F,0xFF,0x00,0x3F,0xFE,0x00,0x3F,0xFF,0x00,0x3E,0x1F,0x80,0x3E,0x0F,0x80,
    0x3E,0x0F,0x80,0x3E,0x0F,0x80,0x3E,0x1F,0x80,0x3F,0xFF,0x00,0x3F,0xFE,0x00,0x3F,
    0xFC,0x00,0x00,0x00,0x00,0x00,0x00,0x00,0x00,0x00,0x00,0x00,0x00,0x00,0x00,0x00,
    0x00,0x00,0x00,0x00,0x00,0x00,0x00,0x00,0x00,0x00,0x00,0x00,0x00,0x00,0x00,0x00,
    0x00,0x00,0x00,0x00,0x00,0x00,0x07,0xF8,0x00,0x1F,0xFE,0x00,0x3F,0xFF,0x00,0x3F,
    0x3F,0x80,0x7C,0x1F,0x80,0x7C,0x0F,0x80,0x7C,0x07,0x00,0x7C,0x00,0x00,0x7C,0x00,
    0x00,0x7C,0x00,0x00,0x7C,0x00,0x00,0x7C,0x00,0x00,0x7C,0x0F,0x80,0x7C,0x1F,0x80,
    0x3F,0x3F,0x80,0x3F,0xFF,0x00,0x1F,0xFE,0x00,0x07,0xF8,0x00,0x00,0x00,0x00,0x00,
    0x00,0x00,0x00,0x00,0x00,0x00,0x00,0x00,0x00,0x00,0x00,0x00,0x00,0x00,0x00,0x00,
    0x00,0x00,0x00,0x00,0x00,0x00,0x00,0x00,0x00,0x00,0x00,0x00,0x00,0x00,0x00,0x00,
    0x3F,0xF8,0x00,0x3F,0xFE,0x00,0x3F,0xFF,0x00,0x3E,0x1F,0x80,0x3E,0x0F,0x80,0x3E,
    0x07,0xC0,0x3E,0x07,0xC0,0x3E,0x07,0xC0,0x3E,0x07,0xC0,0x3E,0x07,0xC0,0x3E,0x07,
    0xC0,0x3E,0x07,0xC0,0x3E,0x07,0xC0,0x3E,0x0F,0x80,0x3E,0x1F,0x80,0x3F,0xFF,0x00,
    0x3F,0xFE,0x00,0x3F,0xFC,0x00,0x00,0x00,0x00,0x00,0x00,0x00,0x00,0x00,0x00,0x00,
    0x00,0x00,0x00,0x00,0x00,0x00,0x00,0x00,0x00,0x00,0x00,0x00,0x00,0x00,0x00,0x00,
    0x00,0x00,0x00,0x00,0x00,0x00,0x00,0x00,0x00,0x00,0x3F,0xFF,0x00,0x3F,0xFF,0x00,
    0x3F,0xFF,0x00,0x3E,0x00,0x00,0x3E,0x00,0x00,0x3E,0x00,0x00,0x3E,0x00,0x00,0x3F,
    0xFE,0x00,0x3F,0xFE,0x00,0x3F,0xFE,0x00,0x3E,0x00,0x00,0x3E,0x00,0x00,0x3E,0x00,
    0x00,0x3E,0x00,0x00,0x3E,0x00,0x00,0x3F,0xFF,0x00,0x3F,0xFF,0x00,0x3F,0xFF,0x00,
    0x00,0x00,0x00,0x00,0x00,0x00,0x00,0x00,0x00,0x00,0x00,0x00,0x00,0x00,0x00,0x00,
    0x00,0x00,0x00,0x00,0x00,0x00,0x00,0x00,0x00,0x00,0x00,0x00,0x00,0x00,0x3F,0xFF,
    0x3F,0xFF,0x3F,0xFF,0x3F,0xFF,0x3E,0x00,0x3E,0x00,0x3E,0x00,0x3F,0xFE,0x3F,0xFE,
    0x3F,0xFE,0x3F,0xFE,0x3E,0x00,0x3E,0x00,0x3E,0x00,0x3E,0x00,0x3E,0x00,0x3E,0x00,
    0x3E,0x00,0x00,0x00,0x00,0x00,0x00,0x00,0x00,0x00,0x00,0x00,0x00,0x00,0x00,0x00,
    0x00,0x00,0x00,0x00,0x00,0x00,0x00,0x00,0x00,0x00,0x00,0x00,0x00,0x00,0x00,0x00,
    0x07,0xF8,0x00,0x1F,0xFE,0x00,0x3F,0xFF,0x00,0x3F,0x3F,0x80,0x7C,0x1F,0x80,0x7C,
    0x00,0x00,0x7C,0x00,0x00,0x7C,0x7F,0x80,0x7C,0x7F,0x80,0x7C,0x7F,0x80,0x7C,0x0F,
    0x80,0x7C,0x0F,0x80,0x7C,0x0F,0x80,0x7C,0x0F,0x80,0x3F,0x3F,0x00,0x3F,0xFE,0x00,
    0x1F,0xFC,0x00,0x07,0xF8,0x00,0x00,0x00,0x00,0x00,0x00,0x00,0x00,0x00,0x00,0x00,
    0x00,0x00,0x00,0x00,0x00,0x00,0x00,0x00,0x00,0x00,0x00,0x00,0x00,0x00,0x00,0x00,
    0x00,0x00,0x00,0x00,0x00,0x00,0x00,0x00,0x00,0x00,0x3E,0x07,0xC0,0x3E,0x07,0xC0,
    0x3E,0x07,0xC0,0x3E,0x07,0xC0,0x3E,0x07,0xC0,0x3E,0x07,0xC0,0x3E,0x07,0xC0,0x3F,
    0xFF,0xC0,0x3F,0xFF,0xC0,0x3F,0xFF,0xC0,0x3F,0xFF,0xC0,0x3E,0x07,0xC0,0x3E,0x07,
    0xC0,0x3E,0x07,0xC0,0x3E,0x07,0xC0,0x3E,0x07,0xC0,0x3E,0x07,0xC0,0x3E,0x07,0xC0,
    0x00,0x00,0x00,0x00,0x00,0x00,0x00,0x00,0x00,0x00,0x00,0x00,0x00,0x00,0x00,0x00,
    0x00,0x00,0x00,0x00,0x00,0x00,0x00,0x00,0x3E,0x3E,0x3E,0x3E,0x3E,0x3E,0x3E,0x3E,
    0x3E,0x3E,0x3E,0x3E,0x3E,0x3E,0x3E,0x3E,0x3E,0x3E,0x00,0x00,0x00,0x00,0x00,0x00,
    0x00,0x00,0x00,0x00,0x00,0x00,0x00,0x00,0x00,0x00,0x00,0x00,0x00,0x00,0x00,0x00,
    0x00,0x00,0x3F,0xFF,0x00,0x3F,0xFF,0x00,0x3F,0xFF,0x00,0x3F,0xFF,0x00,0x00,0x1F,
    0x00,0x00,0x1F,0x00,0x00,0x1F,0x00,0x00,0x1F,0x00,0x00,0x1F,0x00,0x00,0x1F,0x00,
    0x00,0x1F,0x00,0x00,0x1F,0x00,0xFC,0x1F,0x00,0xFC,0x3E,0x00,0x7E,0x7E,0x00,0x7F,
    0xFC,0x00,0x3F,0xF8,0x00,0x0F,0xE0,0x00,0x00,0x00,0x00,0x00,0x00,0x00,0x00,0x00,
    0x00,0x00,0x00,0x00,0x00,0x00,0x00,0x00,0x00,0x00,0x00,0x00,0x00,0x00,0x00,0x00,
    0x00,0x00,0x00,0x00,0x00,0x00,0x00,0x00,0x00,0x00,0x00,0x00,0x3E,0x1F,0x80,0x3E,
    0x3F,0x00,0x3E,0x3E,0x00,0x3E,0x7E,0x00,0x3E,0xFC,0x00,0x3F,0xF8,0x00,0x3F,0xF0,
    0x00,0x3F,0xE0,0x00,0x3F,0xE0,0x00,0x3F,0xE0,0x00,0x3F,0xF0,0x00,0x3F,0xF8,0x00,
    0x3E,0xFC,0x00,0x3E,0xFC,0x00,0x3E,0x7E,0x00,0x3E,0x3F,0x00,0x3E,0x1F,0x80,0x3E,
    0x0F,0x80,0x00,0x00,0x00,0x00,0x00,0x00,0x00,0x00,0x00,0x00,0x00,0x00,0x00,0x00,
    0x00,0x00,0x00,0x00,0x00,0x00,0x00,0x00,0x00,0x00,0x00,0x00,0x00,0x00,0x00,0x00,
    0x3E,0x00,0x3E,0x00,0x3E,0x00,0x3E,0x00,0x3E,0x00,0x3E,0x00,0x3E,0x00,0x3E,0x00,
    0x3E,0x00,0x3E,0x00,0x3E,0x00,0x3E,0x00,0x3E,0x00,0x3E,0x00,0x3F,0xFF,0x3F,0xFF,
    0x3F,0xFF,0x3F,0xFF,0x00,0x00,0x00,0x00,0x00,0x00,0x00,0x00,0x00,0x00,0x00,0x00,
    0x00,0x00,0x00,0x00,0x00,0x00,0x00,0x00,0x00,0x00,0x00,0x00,0x00,0x00,0x00,0x00,
    0x00,0x00,0x3C,0x00,0xF0,0x3E,0x01,0xF0,0x3F,0x03,0xF0,0x3F,0x03,0xF0,0x3F,0x87,
    0xF0,0x3F,0x87,0xF0,0x3F,0xCF,0xF0,0x3F,0xCF,0xF0,0x3F,0xFF,0xF0,0x3F,0xFF,0xF0,
    0x3E,0xFD,0xF0,0x3E,0xFD,0xF0,0x3E,0x79,0xF0,0x3E,0x31,0xF0,0x3E,0x01,0xF0,0x3E,
    0x01,0xF0,0x3E,0x01,0xF0,0x3E,0x01,0xF0,0x00,0x00,0x00,0x00,0x00,0x00,0x00,0x00,
    0x00,0x00,0x00,0x00,0x00,0x00,0x00,0x00,0x00,0x00,0x00,0x00,0x00,0x00,0x00,0x00,
    0x00,0x00,0x00,0x00,0x00,0x00,0x00,0x00,0x00,0x00,0x00,0x00,0x3C,0x0F,0x80,0x3E,
    0x0F,0x80,0x3F,0x0F,0x80,0x3F,0x0F,0x80,0x3F,0x8F,0x80,0x3F,0xCF,0x80,0x3F,0xCF,
    0x80,0x3F,0xEF,0x80,0x3F,0xEF,0x80,0x3F,0xFF,0x80,0x3E,0xFF,0x80,0x3E,0x7F,0x80,
    0x3E,0x7F,0x80,0x3E,0x3F,0x80,0x3E,0x1F,0x80,0x3E,0x1F,0x80,0x3E,0x0F,0x80,0x3E,
    0x07,0x80,0x00,0x00,0x00,0x00,0x00,0x00,0x00,0x00,0x00,0x00,0x00,0x00,0x00,0x00,
    0x00,0x00,0x00,0x00,0x00,0x00,0x00,0x00,0x00,0x00,0x00,0x00,0x00,0x00,0x00,0x00,
    0x00,0x00,0x00,0x00,0x00,0x00,0x07,0xF8,0x00,0x1F,0xFE,0x00,0x3F,0xFF,0x00,0x3F,
    0x3F,0x00,0x7C,0x0F,0x80,0x7C,0x0F,0x80,0x7C,0x0F,0x80,0x7C,0x0F,0x80,0x7C,0x0F,
    0x80,0x7C,0x0F,0x80,0x7C,0x0F,0x80,0x7C,0x0F,0x80,0x7C,0x0F,0x80,0x7C,0x0F,0x80,
    0x3F,0x3F,0x00,0x3F,0xFF,0x00,0x1F,0xFE,0x00,0x07,0xF8,0x00,0x00,0x00,0x00,0x00,
    0x00,0x00,0x00,0x00,0x00,0x00,0x00,0x00,0x00,0x00,0x00,0x00,0x00,0x00,0x00,0x00,
    0x00,0x00,0x00,0x00,0x00,0x00,0x00,0x00,0x00,0x00,0x00,0x00,0x00,0x00,0x00,0x00,
    0x3F,0xFC,0x00,0x3F,0xFE,0x00,0x3F,0xFF,0x00,0x3E,0x1F,0x80,0x3E,0x0F,0x80,0x3E,
    0x0F,0x80,0x3E,0x0F,0x80,0x3E,0x1F,0x80,0x3F,0xFF,0x00,0x3F,0xFF,0x00,0x3F,0xFC,
    0x00,0x3E,0x00,0x00,0x3E,0x00,0x00,0x3E,0x00,0x00,0x3E,0x00,0x00,0x3E,0x00,0x00,
    0x3E,0x00,0x00,0x3E,0x00,0x00,0x00,0x00,0x00,0x00,0x00,0x00,0x00,0x00,0x00,0x00,
    0x00,0x00,0x00,0x00,0x00,0x00,0x00,0x00,0x00,0x00,0x00,0x00,0x00,0x00,0x00,0x00,
    0x00,0x00,0x00,0x00,0x00,0x00,0x00,0x00,0x00,0x00,0x07,0xF8,0x00,0x1F,0xFE,0x00,
    0x3F,0xFF,0x00,0x3F,0x3F,0x00,0x7C,0x0F,0x80,0x7C,0x0F,0x80,0x7C,0x0F,0x80,0x7C,
    0x0F,0x80,0x7C,0x0F,0x80,0x7C,0x0F,0x80,0x7C,0x0F,0x80,0x7C,0x0F,0x80,0x7C,0x0F,
    0x80,0x7C,0x0F,0x80,0x3F,0x3F,0x80,0x3F,0xFF,0x00,0x1F,0xFF,0x00,0x07,0xFF,0x00,
    0x00,0x0F,0x80,0x00,0x07,0x80,0x00,0x00,0x00,0x00,0x00,0x00,0x00,0x00,0x00,0x00,
    0x00,0x00,0x00,0x00,0x00,0x00,0x00,0x00,0x00,0x00,0x00,0x00,0x00,0x00,0x00,0x00,
    0x00,0x00,0x00,0x00,0x3F,0xF8,0x00,0x3F,0xFE,0x00,0x3F,0xFF,0x00,0x3E,0x1F,0x80,
    0x3E,0x0F,0x80,0x3E,0x0F,0x80,0x3E,0x0F,0x80,0x3E,0x1F,0x80,0x3F,0xFF,0x00,0x3F,
    0xFF,0x00,0x3F,0xFC,0x00,0x3E,0x7E,0x00,0x3E,0x3E,0x00,0x3E,0x3F,0x00,0x3E,0x1F,
    0x00,0x3E,0x1F,0x80,0x3E,0x0F,0x80,0x3E,0x07,0xC0,0x00,0x00,0x00,0x00,0x00,0x00,
    0x00,0x00,0x00,0x00,0x00,0x00,0x00,0x00,0x00,0x00,0x00,0x00,0x00,0x00,0x00,0x00,
    0x00,0x00,0x00,0x00,0x00,0x00,0x00,0x00,0x00,0x00,0x00,0x00,0x00,0x00,0x07,0xF0,
    0x00,0x1F,0xFC,0x00,0x3F,0xFE,0x00,0x7E,0x7E,0x00,0x7C,0x3E,0x00,0x7C,0x00,0x00,
    0x7F,0x00,0x00,0x7F,0xF0,0x00,0x3F,0xFC,0x00,0x1F,0xFE,0x00,0x07,0xFF,0x00,0x00,
    0x7F,0x00,0x00,0x1F,0x00,0xFC,0x1F,0x00,0x7E,0x3F,0x00,0x7F,0xFE,0x00,0x3F,0xFC,
    0x00,0x0F,0xF0,0x00,0x00,0x00,0x00,0x00,0x00,0x00,0x00,0x00,0x00,0x00,0x00,0x00,
    0x00,0x00,0x00,0x00,0x00,0x00,0x00,0x00,0x00,0x00,0x00,0x00,0x00,0x00,0x00,0x00,
    0x00,0x00,0x7F,0xFF,0x7F,0xFF,0x7F,0xFF,0x7F,0xFF,0x03,0xE0,0x03,0xE0,0x03,0xE0,
    0x03,0xE0,0x03,0xE0,0x03,0xE0,0x03,0xE0,0x03,0xE0,0x03,0xE0,0x03,0xE0,0x03,0xE0,
    0x03,0xE0,0x03,0xE0,0x03,0xE0,0x00,0x00,0x00,0x00,0x00,0x00,0x00,0x00,0x00,0x00,
    0x00,0x00,0x00,0x00,0x00,0x00,0x00,0x00,0x00,0x00,0x00,0x00,0x00,0x00,0x00,0x00,
    0x00,0x00,0x00,0x00,0x3E,0x07,0xC0,0x3E,0x07,0xC0,0x3E,0x07,0xC0,0x3E,0x07,0xC0,
    0x3E,0x07,0xC0,0x3E,0x07,0xC0,0x3E,0x07,0xC0,0x3E,0x07,0xC0,0x3E,0x07,0xC0,0x3E,
    0x07,0xC0,0x3E,0x07,0xC0,0x3E,0x07,0xC0,0x3E,0x0F,0xC0,0x3F,0x1F,0x80,0x1F,0xFF,
    0x80,0x1F,0xFF,0x00,0x0F,0xFE,0x00,0x03,0xFC,0x00,0x00,0x00,0x00,0x00,0x00,0x00,
    0x00,0x00,0x00,0x00,0x00,0x00,0x00,0x00,0x00,0x00,0x00,0x00,0x00,0x00,0x00,0x00,
    0x00,0x00,0x00,0x00,0x00,0x00,0x00,0x00,0x00,0x00,0x00,0x00,0x00,0x00,0x78,0x07,
    0x80,0x7C,0x0F,0x80,0x7C,0x0F,0x80,0x7C,0x0F,0x80,0x3E,0x1F,0x00,0x3E,0x1F,0x00,
    0x3E,0x1F,0x00,0x1F,0x3E,0x00,0x1F,0x3E,0x00,0x1F,0x3E,0x00,0x0F,0xBC,0x00,0x0F,
    0xFC,0x00,0x0F,0xFC,0x00,0x07,0xF8,0x00,0x07,0xF8,0x00,0x07,0xF8,0x00,0x03,0xF0,
    0x00,0x03,0xF0,0x00,0x00,0x00,0x00,0x00,0x00,0x00,0x00,0x00,0x00,0x00,0x00,0x00,
    0x00,0x00,0x00,0x00,0x00,0x00,0x00,0x00,0x00,0x00,0x00,0x00,0x00,0x00,0x00,0x00,
    0x00,0x00,0x00,0x00,0x00,0x00,0x00,0x00,0x7C,0x00,0xF8,0x7C,0x00,0xF8,0x7C,0x00,
    0xF8,0x7C,0x00,0xF8,0x3C,0x79,0xF0,0x3E,0x79,0xF0,0x3E,0xF9,0xF0,0x3E,0xFD,0xF0,
    0x3E,0xFD,0xF0,0x3F,0xFF,0xE0,0x1F,0xFF,0xE0,0x1F,0xFF,0xE0,0x1F,0xCF,0xE0,0x1F,
    0xCF,0xE0,0x1F,0x8F,0xE0,0x1F,0x87,0xC0,0x0F,0x87,0xC0,0x0F,0x03,0xC0,0x00,0x00,
    0x00,0x00,0x00,0x00,0x00,0x00,0x00,0x00,0x00,0x00,0x00,0x00,0x00,0x00,0x00,0x00,
    0x00,0x00,0x00,0x00,0x00,0x00,0x00,0x00,0x00,0x00,0x00,0x00,0x00,0x00,0x00,0x00,
    0x00,0x00,0x7C,0x0F,0x80,0x7E,0x1F,0x80,0x3E,0x1F,0x00,0x3F,0x3E,0x00,0x1F,0xFE,
    0x00,0x0F,0xFC,0x00,0x0F,0xFC,0x00,0x07,0xF8,0x00,0x03,0xF0,0x00,0x07,0xF0,0x00,
    0x07,0xF8,0x00,0x0F,0xFC,0x00,0x1F,0xFE,0x00,0x1F,0x7E,0x00,0x3F,0x3F,0x00,0x7E,
    0x1F,0x80,0x7C,0x0F,0x80,0xFC,0x0F,0xC0,0x00,0x00,0x00,0x00,0x00,0x00,0x00,0x00,
    0x00,0x00,0x00,0x00,0x00,0x00,0x00,0x00,0x00,0x00,0x00,0x00,0x00,0x00,0x00,0x00,
    0x00,0x00,0x00,0x00,0x00,0x00,0x00,0x00,0x00,0x00,0x00,0x00,0xF8,0x0F,0x80,0xF8,
    0x1F,0x00,0x7C,0x1F,0x00,0x7C,0x3E,0x00,0x3E,0x3E,0x00,0x3E,0x7C,0x00,0x1F,0xFC,
    0x00,0x0F,0xF8,0x00,0x0F,0xF0,0x00,0x07,0xF0,0x00,0x07,0xE0,0x00,0x03,0xE0,0x00,
    0x03,0xE0,0x00,0x03,0xE0,0x00,0x03,0xE0,0x00,0x03,0xE0,0x00,0x03,0xE0,0x00,0x03,
    0xE0,0x00,0x00,0x00,0x00,0x00,0x00,0x00,0x00,0x00,0x00,0x00,0x00,0x00,0x00,0x00,
    0x00,0x00,0x00,0x00,0x00,0x00,0x00,0x00,0x00,0x00,0x00,0x00,0x00,0x00,0x00,0x00,
    0x00,0x00,0x00,0x00,0x00,0x00,0x7F,0xFF,0x00,0x7F,0xFF,0x00,0x7F,0xFF,0x00,0x7F,
    0xFF,0x00,0x00,0x7E,0x00,0x00,0x7E,0x00,0x00,0xFC,0x00,0x01,0xF8,0x00,0x03,0xF0,
    0x00,0x07,0xE0,0x00,0x0F,0xC0,0x00,0x1F,0xC0,0x00,0x1F,0x80,0x00,0x3F,0x00,0x00,
    0x7F,0xFF,0x00,0x7F,0xFF,0x00,0x7F,0xFF,0x00,0x7F,0xFF,0x00,0x00,0x00,0x00,0x00,
    0x00,0x00,0x00,0x00,0x00,0x00,0x00,0x00,0x00,0x00,0x00,0x00,0x00,0x00,0x00,0x00,
    0x00,0x00,0x00,0x00,0x00,0x00,0x3F,0xC0,0x3F,0xC0,0x3F,0xC0,0x3E,0x00,0x3E,0x00,
    0x3E,0x00,0x3E,0x00,0x3E,0x00,0x3E,0x00,0x3E,0x00,0x3E,0x00,0x3E,0x00,0x3E,0x00,
    0x3E,0x00,0x3E,0x00,0x3E,0x00,0x3E,0x00,0x3E,0x00,0x3E,0x00,0x3E,0x00,0x3F,0xC0,
    0x3F,0xC0,0x3F,0xC0,0x3F,0xC0,0x00,0x00,0x00,0x00,0x00,0x00,0x00,0x00,0x00,0x00,
    0x70,0x00,0x78,0x00,0x78,0x00,0x3C,0x00,0x3C,0x00,0x3C,0x00,0x1E,0x00,0x1E,0x00,
    0x0F,0x00,0x0F,0x00,0x0F,0x80,0x07,0x80,0x07,0x80,0x03,0xC0,0x03,0xC0,0x01,0xE0,
    0x01,0xE0,0x01,0xE0,0x00,0xF0,0x00,0xF0,0x00,0x78,0x00,0x78,0x00,0x78,0x00,0x00,
    0x00,0x00,0x00,0x00,0x00,0x00,0x00,0x00,0x00,0x00,0x00,0x00,0x00,0x00,0xFF,0x80,
    0xFF,0x80,0xFF,0x80,0x0F,0x80,0x0F,0x80,0x0F,0x80,0x0F,0x80,0x0F,0x80,0x0F,0x80,
    0x0F,0x80,0x0F,0x80,0x0F,0x80,0x0F,0x80,0x0F,0x80,0x0F,0x80,0x0F,0x80,0x0F,0x80,
    0x0F,0x80,0x0F,0x80,0x0F,0x80,0xFF,0x80,0xFF,0x80,0xFF,0x80,0xFF,0x80,0x00,0x00,
    0x00,0x00,0x00,0x00,0x00,0x00,0x00,0x00,0x00,0x00,0x0F,0x00,0x1F,0x80,0x3F,0xC0,
    0x78,0xE0,0x00,0x00,0x00,0x00,0x00,0x00,0x00,0x00,0x00,0x00,0x00,0x00,0x00,0x00,
    0x00,0x00,0x00,0x00,0x00,0x00,0x00,0x00,0x00,0x00,0x00,0x00,0x00,0x00,0x00,0x00,
    0x00,0x00,0x00,0x00,0x00,0x00,0x00,0x00,0x00,0x00,0x00,0x00,0x00,0x00,0x00,0x00,
    0x00,0x00,0x00,0x00,0x00,0x00,0x00,0x00,0x00,0x00,0x00,0x00,0x00,0x00,0x00,0x00,
    0x00,0x00,0x00,0x00,0x00,0x00,0x00,0x00,0x00,0x00,0x00,0x00,0x00,0x00,0x00,0x00,
    0x00,0x00,0x00,0x00,0x00,0x00,0x00,0x00,0x00,0x00,0x00,0x00,0x00,0x00,0x00,0x00,
    0x00,0x00,0x00,0x00,0x00,0x00,0x00,0x00,0x00,0x00,0x00,0x00,0x00,0x00,0x00,0x00,
    0x00,0x00,0x00,0x7F,0xFF,0xC0,0x7F,0xFF,0xC0,0x7F,0xFF,0xC0,0x00,0x00,0x00,0x00,
    0x00,0x00,0x00,0x00,0x00,0x00,0x00,0x00,0x00,0x00,0x00,0x00,0x00,0x00,0x00,0x00,
    0x3E,0x00,0x3E,0x00,0x0F,0x00,0x07,0x80,0x00,0x00,0x00,0x00,0x00,0x00,0x00,0x00,
    0x00,0x00,0x00,0x00,0x00,0x00,0x00,0x00,0x00,0x00,0x00,0x00,0x00,0x00,0x00,0x00,
    0x00,0x00,0x00,0x00,0x00,0x00,0x00,0x00,0x00,0x00,0x00,0x00,0x00,0x00,0x00,0x00,
    0x00,0x00,0x00,0x00,0x00,0x00,0x00,0x00,0x00,0x00,0x00,0x00,0x00,0x00,0x00,0x00,
    0x00,0x00,0x00,0x00,0x00,0x00,0x00,0x00,0x07,0xF0,0x1F,0xF8,0x3F,0xFC,0x3E,0x7C,
    0x3C,0x3E,0x00,0xFE,0x0F,0xFE,0x3F,0xFE,0x7E,0x3E,0x7C,0x3E,0x7E,0xFE,0x7F,0xFE,
    0x3F,0xFE,0x1F,0xBE,0x00,0x00,0x00,0x00,0x00,0x00,0x00,0x00,0x00,0x00,0x00,0x00,
    0x00,0x00,0x00,0x00,0x00,0x00,0x00,0x00,0x00,0x00,0x3E,0x00,0x3E,0x00,0x3E,0x00,
    0x3E,0x00,0x3E,0x00,0x3E,0xF8,0x3F,0xFC,0x3F,0xFE,0x3F,0x3F,0x3E,0x1F,0x3E,0x1F,
    0x3E,0x1F,0x3E,0x1F,0x3E,0x1F,0x3E,0x1F,0x3F,0x3F,0x3F,0xFE,0x3F,0xFC,0x3C,0xF8,
    0x00,0x00,0x00,0x00,0x00,0x00,0x00,0x00,0x00,0x00,0x00,0x00,0x00,0x00,0x00,0x00,
    0x00,0x00,0x00,0x00,0x00,0x00,0x00,0x00,0x00,0x00,0x00,0x00,0x00,0x00,0x00,0x00,
    0x0F,0xE0,0x1F,0xF8,0x3F,0xFC,0x7E,0x7C,0x7C,0x3E,0x7C,0x00,0x7C,0x00,0x7C,0x00,
    0x7C,0x00,0x7C,0x3E,0x7E,0x7C,0x3F,0xFC,0x1F,0xF8,0x0F,0xE0,0x00,0x00,0x00,0x00,
    0x00,0x00,0x00,0x00,0x00,0x00,0x00,0x00,0x00,0x00,0x00,0x00,0x00,0x00,0x00,0x00,
    0x00,0x00,0x00,0x3E,0x00,0x3E,0x00,0x3E,0x00,0x3E,0x00,0x3E,0x0F,0xBE,0x1F,0xFE,
    0x3F,0xFE,0x7E,0x7E,0x7C,0x3E,0x7C,0x3E,0x7C,0x3E,0x7C,0x3E,0x7C,0x3E,0x7C,0x3E,
    0x7E,0x7E,0x3F,0xFE,0x1F,0xFE,0x0F,0x9E,0x00,0x00,0x00,0x00,0x00,0x00,0x00,0x00,
    0x00,0x00,0x00,0x00,0x00,0x00,0x00,0x00,0x00,0x00,0x00,0x00,0x00,0x00,0x00,0x00,
    0x00,0x00,0x00,0x00,0x00,0x00,0x00,0x00,0x07,0xE0,0x1F,0xF0,0x3F,0xF8,0x7E,0x7C,
    0x7C,0x3C,0x7F,0xFE,0x7F,0xFE,0x7F,0xFE,0x7C,0x00,0x7C,0x3C,0x7E,0x7C,0x3F,0xFC,
    0x1F,0xF8,0x0F,0xE0,0x00,0x00,0x00,0x00,0x00,0x00,0x00,0x00,0x00,0x00,0x00,0x00,
    0x00,0x00,0x00,0x00,0x00,0x00,0x00,0x00,0x00,0x00,0x07,0xF0,0x0F,0xF0,0x0F,0xF0,
    0x1F,0x00,0x1F,0x00,0x7F,0xF0,0x7F,0xF0,0x7F,0xF0,0x1F,0x00,0x1F,0x00,0x1F,0x00,
    0x1F,0x00,0x1F,0x00,0x1F,0x00,0x1F,0x00,0x1F,0x00,0x1F,0x00,0x1F,0x00,0x1F,0x00,
    0x00,0x00,0x00,0x00,0x00,0x00,0x00,0x00,0x00,0x00,0x00,0x00,0x00,0x00,0x00,0x00,
    0x00,0x00,0x00,0x00,0x00,0x00,0x00,0x00,0x00,0x00,0x00,0x00,0x00,0x00,0x00,0x00,
    0x0F,0x9E,0x1F,0xFE,0x3F,0xFE,0x7E,0x7E,0x7C,0x3E,0x7C,0x3E,0x7C,0x3E,0x7C,0x3E,
    0x7C,0x3E,0x7C,0x3E,0x7E,0x7E,0x3F,0xFE,0x3F,0xFE,0x0F,0xBE,0x00,0x3E,0x7C,0x3E,
    0x7E,0x3E,0x3F,0xFC,0x1F,0xF8,0x0F,0xF0,0x00,0x00,0x00,0x00,0x00,0x00,0x00,0x00,
    0x00,0x00,0x00,0x00,0x00,0x00,0x00,0x3E,0x00,0x00,0x3E,0x00,0x00,0x3E,0x00,0x00,
    0x3E,0x00,0x00,0x3E,0x00,0x00,0x3E,0xF8,0x00,0x3F,0xFE,0x00,0x3F,0xFE,0x00,0x3F,
    0x3F,0x00,0x3E,0x1F,0x00,0x3E,0x1F,0x00,0x3E,0x1F,0x00,0x3E,0x1F,0x00,0x3E,0x1F,
    0x00,0x3E,0x1F,0x00,0x3E,0x1F,0x00,0x3E,0x1F,0x00,0x3E,0x1F,0x00,0x3E,0x1F,0x00,
    0x00,0x00,0x00,0x00,0x00,0x00,0x00,0x00,0x00,0x00,0x00,0x00,0x00,0x00,0x00,0x00,
    0x00,0x00,0x00,0x00,0x00,0x00,0x00,0x3E,0x3E,0x3E,0x00,0x00,0x3E,0x3E,0x3E,0x3E,
    0x3E,0x3E,0x3E,0x3E,0x3E,0x3E,0x3E,0x3E,0x3E,0x3E,0x00,0x00,0x00,0x00,0x00,0x00,
    0x00,0x00,0x00,0x00,0x00,0x3E,0x3E,0x3E,0x00,0x00,0x3E,0x3E,0x3E,0x3E,0x3E,0x3E,
    0x3E,0x3E,0x3E,0x3E,0x3E,0x3E,0x3E,0x3E,0x3E,0x7C,0xFC,0xF8,0xF0,0x00,0x00,0x00,
    0x00,0x00,0x00,0x00,0x00,0x00,0x00,0x00,0x3E,0x00,0x3E,0x00,0x3E,0x00,0x3E,0x00,
    0x3E,0x00,0x3E,0x3E,0x3E,0x7E,0x3E,0xFC,0x3F,0xF8,0x3F,0xF0,0x3F,0xE0,0x3F,0xE0,
    0x3F,0xE0,0x3F,0xF0,0x3F,0xF8,0x3E,0xFC,0x3E,0x7C,0x3E,0x3E,0x3E,0x1E,0x00,0x00,
    0x00,0x00,0x00,0x00,0x00,0x00,0x00,0x00,0x00,0x00,0x00,0x00,0x00,0x00,0x00,0x3E,
    0x3E,0x3E,0x3E,0x3E,0x3E,0x3E,0x3E,0x3E,0x3E,0x3E,0x3E,0x3E,0x3E,0x3E,0x3E,0x3E,
    0x3E,0x3E,0x00,0x00,0x00,0x00,0x00,0x00,0x00,0x00,0x00,0x00,0x00,0x00,0x00,0x00,
    0x00,0x00,0x00,0x00,0x00,0x00,0x00,0x00,0x00,0x00,0x00,0x00,0x00,0x00,0x00,0x00,
    0x00,0x00,0x00,0x00,0x00,0x00,0x3D,0xF1,0xF8,0x3F,0xFF,0xFC,0x3F,0xFF,0xFC,0x3F,
    0x7F,0x7E,0x3E,0x3E,0x3E,0x3E,0x3E,0x3E,0x3E,0x3E,0x3E,0x3E,0x3E,0x3E,0x3E,0x3E,
    0x3E,0x3E,0x3E,0x3E,0x3E,0x3E,0x3E,0x3E,0x3E,0x3E,0x3E,0x3E,0x3E,0x3E,0x3E,0x3E,
    0x00,0x00,0x00,0x00,0x00,0x00,0x00,0x00,0x00,0x00,0x00,0x00,0x00,0x00,0x00,0x00,
    0x00,0x00,0x00,0x00,0x00,0x00,0x00,0x00,0x00,0x00,0x00,0x00,0x00,0x00,0x00,0x00,
    0x00,0x00,0x00,0x00,0x00,0x00,0x00,0x00,0x00,0x00,0x00,0x00,0x00,0x00,0x00,0x00,
    0x3C,0xF8,0x00,0x3F,0xFC,0x00,0x3F,0xFE,0x00,0x3F,0x3E,0x00,0x3E,0x1F,0x00,0x3E,
    0x1F,0x00,0x3E,0x1F,0x00,0x3E,0x1F,0x00,0x3E,0x1F,0x00,0x3E,0x1F,0x00,0x3E,0x1F,
    0x00,0x3E,0x1F,0x00,0x3E,0x1F,0x00,0x3E,0x1F,0x00,0x00,0x00,0x00,0x00,0x00,0x00,
    0x00,0x00,0x00,0x00,0x00,0x00,0x00,0x00,0x00,0x00,0x00,0x00,0x00,0x00,0x00,0x00,
    0x00,0x00,0x00,0x00,0x00,0x00,0x00,0x00,0x00,0x00,0x00,0x00,0x00,0x00,0x00,0x00,
    0x0F,0xE0,0x1F,0xF8,0x3F,0xFC,0x7E,0x7C,0x7C,0x3E,0x7C,0x3E,0x7C,0x3E,0x7C,0x3E,
    0x7C,0x3E,0x7C,0x3E,0x7E,0x7C,0x3F,0xFC,0x1F,0xF8,0x0F,0xE0,0x00,0x00,0x00,0x00,
    0x00,0x00,0x00,0x00,0x00,0x00,0x00,0x00,0x00,0x00,0x00,0x00,0x00,0x00,0x00,0x00,
    0x00,0x00,0x00,0x00,0x00,0x00,0x00,0x00,0x00,0x00,0x00,0x00,0x3C,0xF8,0x3F,0xFE,
    0x3F,0xFE,0x3F,0x3F,0x3E,0x1F,0x3E,0x1F,0x3E,0x1F,0x3E,0x1F,0x3E,0x1F,0x3E,0x1F,
    0x3F,0x3F,0x3F,0xFE,0x3F,0xFC,0x3E,0xF8,0x3E,0x00,0x3E,0x00,0x3E,0x00,0x3E,0x00,
    0x3E,0x00,0x00,0x00,0x00,0x00,0x00,0x00,0x00,0x00,0x00,0x00,0x00,0x00,0x00,0x00,
    0x00,0x00,0x00,0x00,0x00,0x00,0x00,0x00,0x0F,0x9E,0x3F,0xFE,0x3F,0xFE,0x7E,0x7E,
    0x7C,0x3E,0x7C,0x3E,0x7C,0x3E,0x7C,0x3E,0x7C,0x3E,0x7C,0x3E,0x7E,0x7E,0x3F,0xFE,
    0x1F,0xFE,0x0F,0xBE,0x00,0x3E,0x00,0x3E,0x00,0x3E,0x00,0x3E,0x00,0x3E,0x00,0x00,
    0x00,0x00,0x00,0x00,0x00,0x00,0x00,0x00,0x00,0x00,0x00,0x00,0x00,0x00,0x00,0x00,
    0x00,0x00,0x00,0x00,0x3E,0xF0,0x3F,0xF0,0x3F,0xF0,0x3F,0xF0,0x3E,0x00,0x3E,0x00,
    0x3E,0x00,0x3E,0x00,0x3E,0x00,0x3E,0x00,0x3E,0x00,0x3E,0x00,0x3E,0x00,0x3E,0x00,
    0x00,0x00,0x00,0x00,0x00,0x00,0x00,0x00,0x00,0x00,0x00,0x00,0x00,0x00,0x00,0x00,
    0x00,0x00,0x00,0x00,0x00,0x00,0x00,0x00,0x00,0x00,0x00,0x00,0x00,0x00,0x00,0x00,
    0x0F,0xC0,0x3F,0xF0,0x7F,0xF8,0x7C,0xF8,0x7C,0x00,0x7F,0x00,0x3F,0xE0,0x0F,0xF8,
    0x01,0xF8,0x00,0x7C,0x7C,0xFC,0x7F,0xF8,0x3F,0xF0,0x0F,0xE0,0x00,0x00,0x00,0x00,
    0x00,0x00,0x00,0x00,0x00,0x00,0x00,0x00,0x00,0x00,0x00,0x00,0x00,0x00,0x00,0x00,
    0x00,0x00,0x1F,0x00,0x1F,0x00,0x1F,0x00,0x1F,0x00,0x1F,0x00,0x7F,0xF0,0x7F,0xF0,
    0x7F,0xF0,0x1F,0x00,0x1F,0x00,0x1F,0x00,0x1F,0x00,0x1F,0x00,0x1F,0x00,0x1F,0x00,
    0x0F,0x80,0x0F,0xF0,0x07,0xF0,0x03,0xF0,0x00,0x00,0x00,0x00,0x00,0x00,0x00,0x00,
    0x00,0x00,0x00,0x00,0x00,0x00,0x00,0x00,0x00,0x00,0x00,0x00,0x00,0x00,0x00,0x00,
    0x00,0x00,0x00,0x00,0x00,0x00,0x00,0x00,0x00,0x00,0x00,0x00,0x00,0x00,0x00,0x00,
    0x00,0x00,0x7C,0x3E,0x00,0x7C,0x3E,0x00,0x7C,0x3E,0x00,0x7C,0x3E,0x00,0x7C,0x3E,
    0x00,0x7C,0x3E,0x00,0x7C,0x3E,0x00,0x7C,0x3E,0x00,0x7C,0x3E,0x00,0x7C,0x3E,0x00,
    0x7E,0x7E,0x00,0x3F,0xFE,0x00,0x3F,0xFE,0x00,0x0F,0xBE,0x00,0x00,0x00,0x00,0x00,
    0x00,0x00,0x00,0x00,0x00,0x00,0x00,0x00,0x00,0x00,0x00,0x00,0x00,0x00,0x00,0x00,
    0x00,0x00,0x00,0x00,0x00,0x00,0x00,0x00,0x00,0x00,0x00,0x00,0x00,0x00,0x00,0x00,
    0x00,0x00,0xF8,0x1E,0x78,0x3E,0x7C,0x3C,0x7C,0x3C,0x3C,0x7C,0x3E,0x78,0x1E,0xF8,
    0x1E,0xF0,0x1F,0xF0,0x0F,0xF0,0x0F,0xE0,0x07,0xE0,0x07,0xC0,0x07,0xC0,0x00,0x00,
    0x00,0x00,0x00,0x00,0x00,0x00,0x00,0x00,0x00,0x00,0x00,0x00,0x00,0x00,0x00,0x00,
    0x00,0x00,0x00,0x00,0x00,0x00,0x00,0x00,0x00,0x00,0x00,0x00,0x00,0x00,0x00,0x00,
    0x00,0x00,0x00,0x00,0x00,0x00,0x00,0x00,0x78,0x78,0x78,0x78,0x78,0x78,0x78,0x78,
    0xF8,0x7C,0xFC,0xF0,0x3C,0xFC,0xF0,0x3C,0xFC,0xF0,0x3F,0xFD,0xF0,0x1F,0xFF,0xE0,
    0x1F,0xCF,0xE0,0x1F,0xCF,0xE0,0x1F,0xCF,0xC0,0x0F,0x87,0xC0,0x0F,0x87,0xC0,0x0F,
    0x07,0x80,0x00,0x00,0x00,0x00,0x00,0x00,0x00,0x00,0x00,0x00,0x00,0x00,0x00,0x00,
    0x00,0x00,0x00,0x00,0x00,0x00,0x00,0x00,0x00,0x00,0x00,0x00,0x00,0x00,0x00,0x00,
    0x00,0x00,0x00,0x00,0x00,0x00,0x00,0x00,0x78,0x3E,0x7C,0x7C,0x3E,0x78,0x1F,0xF8,
    0x1F,0xF0,0x0F,0xE0,0x07,0xE0,0x0F,0xE0,0x0F,0xF0,0x1F,0xF0,0x3E,0xF8,0x7E,0x7C,
    0x7C,0x7E,0xF8,0x3E,0x00,0x00,0x00,0x00,0x00,0x00,0x00,0x00,0x00,0x00,0x00,0x00,
    0x00,0x00,0x00,0x00,0x00,0x00,0x00,0x00,0x00,0x00,0x00,0x00,0x00,0x00,0x00,0x00,
    0x00,0x00,0x00,0x00,0x78,0x1E,0x78,0x3E,0x7C,0x3E,0x3C,0x3C,0x3C,0x7C,0x3E,0x78,
    0x1E,0xF8,0x1F,0xF0,0x0F,0xF0,0x0F,0xF0,0x0F,0xE0,0x07,0xE0,0x07,0xC0,0x07,0xC0,
    0x07,0x80,0x07,0x80,0x0F,0x80,0x0F,0x00,0x1F,0x00,0x00,0x00,0x00,0x00,0x00,0x00,
    0x00,0x00,0x00,0x00,0x00,0x00,0x00,0x00,0x00,0x00,0x00,0x00,0x00,0x00,0x00,0x00,
    0x7F,0xF8,0x7F,0xF8,0x7F,0xF8,0x01,0xF8,0x03,0xF0,0x07,0xE0,0x07,0xC0,0x0F,0xC0,
    0x1F,0x80,0x3F,0x00,0x7E,0x00,0x7F,0xFC,0x7F,0xFC,0x7F,0xFC,0x00,0x00,0x00,0x00,
    0x00,0x00,0x00,0x00,0x00,0x00,0x00,0x00,0x00,0x00,0x00,0x00,0x00,0x00,0x00,0x00,
    0x03,0xE0,0x07,0xE0,0x0F,0xE0,0x0F,0x80,0x1F,0x00,0x1F,0x00,0x1F,0x00,0x1F,0x00,
    0x1F,0x00,0x3E,0x00,0x7E,0x00,0xFC,0x00,0xFE,0x00,0x7E,0x00,0x3E,0x00,0x1F,0x00,
    0x1F,0x00,0x1F,0x00,0x1F,0x00,0x1F,0x00,0x0F,0xC0,0x0F,0xE0,0x07,0xE0,0x01,0xE0,
    0x00,0x00,0x00,0x00,0x3C,0x3C,0x3C,0x3C,0x3C,0x3C,0x3C,0x3C,0x3C,0x3C,0x3C,0x3C,
    0x3C,0x3C,0x3C,0x3C,0x3C,0x3C,0x3C,0x3C,0x3C,0x3C,0x3C,0x3C,0x3C,0x3C,0x3C,0x3C,
    0x3C,0x00,0x00,0x00,0x00,0x00,0x00,0x00,0x60,0x00,0xFC,0x00,0xFE,0x00,0xFF,0x00,
    0x3F,0x00,0x1F,0x00,0x0F,0x80,0x0F,0x80,0x0F,0x80,0x0F,0x80,0x0F,0x80,0x07,0xC0,
    0x07,0xE0,0x07,0xE0,0x0F,0xC0,0x0F,0x80,0x0F,0x80,0x0F,0x80,0x0F,0x80,0x0F,0x00,
    0x1F,0x00,0x3F,0x00,0xFE,0x00,0xFC,0x00,0xF0,0x00,0x00,0x00,0x00,0x00,0x00,0x00,
    0x00,0x00,0x00,0x00,0x00,0x00,0x00,0x00,0x00,0x00,0x00,0x00,0x00,0x00,0x00,0x00,
    0x00,0x00,0x00,0x00,0x00,0x00,0x00,0x00,0x00,0x00,0x3F,0x98,0x3F,0xF8,0x3F,0xF8,
    0x31,0xF0,0x00,0x00,0x00,0x00,0x00,0x00,0x00,0x00,0x00,0x00,0x00,0x00,0x00,0x00,
    0x00,0x00,0x00,0x00,0x00,0x00,0x00,0x00,0x00,0x00,
];

// Bitmap font: OSWALD_BOLD_22 — Oswald-Bold.ttf, 22px
/// Oswald Bold 22px bitmap font data (headers).
pub const OSWALD_BOLD_22_HEIGHT: u8 = 22;
pub const OSWALD_BOLD_22_ASCENT: u8 = 18;
pub const OSWALD_BOLD_22_FIRST: u8 = 32;
pub const OSWALD_BOLD_22_LAST: u8 = 126;

pub const OSWALD_BOLD_22_WIDTHS: [u8; 95] = [
     7, 6, 8,12,11,22,13, 4, 7, 7, 9,10, 5, 7, 5, 9,
    12, 8,11,11,12,11,12,10,11,12, 6, 6, 9,10, 9,11,
    21,12,13,12,13,10,10,13,13, 7, 8,12,10,15,12,13,
    13,13,13,11,10,13,12,15,11,11,10, 7, 9, 7,10, 8,
     7,10,11,10,11,10, 7,11,11, 6, 6,11, 6,17,11,11,
    11,11, 8, 9, 8,11, 9,13,10,10, 9, 8, 6, 8,11,
];

pub const OSWALD_BOLD_22_OFFSETS: [u16; 95] = [
        0,   22,   44,   66,  110,  154,  220,  264,  286,  308,  330,  374,
      418,  440,  462,  484,  528,  572,  594,  638,  682,  726,  770,  814,
      858,  902,  946,  968,  990, 1034, 1078, 1122, 1166, 1232, 1276, 1320,
     1364, 1408, 1452, 1496, 1540, 1584, 1606, 1628, 1672, 1716, 1760, 1804,
     1848, 1892, 1936, 1980, 2024, 2068, 2112, 2156, 2200, 2244, 2288, 2332,
     2354, 2398, 2420, 2464, 2486, 2508, 2552, 2596, 2640, 2684, 2728, 2750,
     2794, 2838, 2860, 2882, 2926, 2948, 3014, 3058, 3102, 3146, 3190, 3212,
     3256, 3278, 3322, 3366, 3410, 3454, 3498, 3542, 3564, 3586, 3608,
];

pub const OSWALD_BOLD_22_DATA: [u8; 3652] = [
    0x00,0x00,0x00,0x00,0x00,0x00,0x00,0x00,0x00,0x00,0x00,0x00,0x00,0x00,0x00,0x00,
    0x00,0x00,0x00,0x00,0x00,0x00,0x78,0x78,0x78,0x78,0x70,0x70,0x70,0x30,0x30,0x30,
    0x30,0x30,0x30,0x00,0x00,0x78,0x78,0x78,0x00,0x00,0x00,0x00,0x77,0x77,0x77,0x66,
    0x66,0x66,0x66,0x00,0x00,0x00,0x00,0x00,0x00,0x00,0x00,0x00,0x00,0x00,0x00,0x00,
    0x00,0x00,0x0C,0xC0,0x0C,0xC0,0x1C,0xC0,0x1C,0xC0,0x1D,0xC0,0x7F,0xE0,0x7F,0xE0,
    0x7F,0xE0,0x19,0x80,0x7F,0xE0,0x7F,0xE0,0x7F,0xE0,0x3B,0x80,0x3B,0x80,0x33,0x80,
    0x33,0x00,0x33,0x00,0x73,0x00,0x00,0x00,0x00,0x00,0x00,0x00,0x00,0x00,0x1F,0x80,
    0x3F,0xC0,0x7F,0xC0,0x79,0xE0,0x79,0xE0,0x79,0x00,0x7C,0x00,0x3E,0x00,0x1F,0x00,
    0x0F,0x80,0x07,0xC0,0x03,0xC0,0x79,0xE0,0x79,0xE0,0x79,0xE0,0x7F,0xC0,0x3F,0xC0,
    0x1F,0x80,0x02,0x00,0x02,0x00,0x00,0x00,0x00,0x00,0x1F,0x0E,0x00,0x3F,0x8E,0x00,
    0x7F,0x8C,0x00,0x7B,0xDC,0x00,0x7B,0xDC,0x00,0x7B,0xD8,0x00,0x7B,0xF8,0x00,0x7B,
    0xB8,0x00,0x7F,0xB3,0xF0,0x3F,0x37,0xF8,0x04,0x77,0xF8,0x00,0x7F,0x3C,0x00,0x6F,
    0x3C,0x00,0xEF,0x3C,0x00,0xEF,0x3C,0x00,0xC7,0xF8,0x01,0xC7,0xF8,0x01,0xC3,0xF0,
    0x00,0x00,0x00,0x00,0x00,0x00,0x00,0x00,0x00,0x00,0x00,0x00,0x0F,0x00,0x1F,0x80,
    0x3F,0xC0,0x39,0xC0,0x39,0xC0,0x3B,0xC0,0x1F,0x80,0x1F,0x00,0x1E,0x00,0x3E,0x60,
    0x3F,0x60,0x7F,0x60,0x73,0xE0,0x73,0xE0,0x71,0xE0,0x7F,0xE0,0x3F,0xE0,0x1E,0x60,
    0x00,0x00,0x00,0x00,0x00,0x00,0x00,0x00,0x70,0x70,0x70,0x60,0x60,0x60,0x60,0x00,
    0x00,0x00,0x00,0x00,0x00,0x00,0x00,0x00,0x00,0x00,0x00,0x00,0x00,0x00,0x0C,0x3C,
    0x3C,0x78,0x78,0x78,0x78,0x78,0x78,0x78,0x78,0x78,0x78,0x78,0x78,0x78,0x78,0x78,
    0x78,0x3C,0x3C,0x0C,0x70,0x78,0x7C,0x3C,0x1C,0x1E,0x1E,0x1E,0x1E,0x1E,0x1E,0x1E,
    0x1E,0x1E,0x1E,0x1E,0x1E,0x1C,0x3C,0x7C,0x78,0x70,0x1C,0x00,0x0C,0x00,0x7F,0x80,
    0x7F,0x80,0x1E,0x00,0x3E,0x00,0x3F,0x00,0x12,0x00,0x00,0x00,0x00,0x00,0x00,0x00,
    0x00,0x00,0x00,0x00,0x00,0x00,0x00,0x00,0x00,0x00,0x00,0x00,0x00,0x00,0x00,0x00,
    0x00,0x00,0x00,0x00,0x00,0x00,0x00,0x00,0x00,0x00,0x00,0x00,0x00,0x00,0x0C,0x00,
    0x0C,0x00,0x0C,0x00,0x7F,0xC0,0x7F,0xC0,0x7F,0xC0,0x0C,0x00,0x0C,0x00,0x0C,0x00,
    0x00,0x00,0x00,0x00,0x00,0x00,0x00,0x00,0x00,0x00,0x00,0x00,0x00,0x00,0x00,0x00,
    0x00,0x00,0x00,0x00,0x00,0x00,0x00,0x00,0x00,0x00,0x00,0x00,0x00,0x00,0x00,0x00,
    0x00,0x78,0x78,0x78,0x18,0x30,0x60,0x00,0x00,0x00,0x00,0x00,0x00,0x00,0x00,0x00,
    0x00,0x00,0x7E,0x7E,0x7E,0x00,0x00,0x00,0x00,0x00,0x00,0x00,0x00,0x00,0x00,0x00,
    0x00,0x00,0x00,0x00,0x00,0x00,0x00,0x00,0x00,0x00,0x00,0x00,0x00,0x78,0x78,0x78,
    0x00,0x00,0x00,0x00,0x03,0x00,0x03,0x00,0x03,0x00,0x06,0x00,0x06,0x00,0x06,0x00,
    0x0C,0x00,0x0C,0x00,0x0C,0x00,0x1C,0x00,0x18,0x00,0x18,0x00,0x38,0x00,0x30,0x00,
    0x30,0x00,0x30,0x00,0x60,0x00,0x60,0x00,0x00,0x00,0x00,0x00,0x00,0x00,0x00,0x00,
    0x1F,0x00,0x3F,0xC0,0x7F,0xC0,0x79,0xC0,0x79,0xE0,0x79,0xE0,0x79,0xE0,0x79,0xE0,
    0x79,0xE0,0x79,0xE0,0x79,0xE0,0x79,0xE0,0x79,0xE0,0x79,0xE0,0x79,0xC0,0x7F,0xC0,
    0x3F,0xC0,0x1F,0x00,0x00,0x00,0x00,0x00,0x00,0x00,0x00,0x00,0x1E,0x7E,0xFE,0xFE,
    0x1E,0x1E,0x1E,0x1E,0x1E,0x1E,0x1E,0x1E,0x1E,0x1E,0x1E,0x1E,0x1E,0x1E,0x00,0x00,
    0x00,0x00,0x1F,0x00,0x3F,0xC0,0x7F,0xC0,0x79,0xE0,0x79,0xE0,0x79,0xE0,0x73,0xC0,
    0x03,0xC0,0x07,0xC0,0x07,0x80,0x0F,0x00,0x0F,0x00,0x1E,0x00,0x3E,0x00,0x3C,0x00,
    0x7F,0xC0,0x7F,0xC0,0x7F,0xC0,0x00,0x00,0x00,0x00,0x00,0x00,0x00,0x00,0x1F,0x00,
    0x3F,0xC0,0x7F,0xC0,0x79,0xE0,0x79,0xE0,0x71,0xE0,0x03,0xC0,0x0F,0x80,0x0F,0x80,
    0x07,0xC0,0x01,0xC0,0x71,0xE0,0x79,0xE0,0x79,0xE0,0x79,0xC0,0x7F,0xC0,0x3F,0x80,
    0x1F,0x00,0x00,0x00,0x00,0x00,0x00,0x00,0x00,0x00,0x07,0xC0,0x07,0xC0,0x0F,0xC0,
    0x0F,0xC0,0x0F,0xC0,0x1F,0xC0,0x1F,0xC0,0x3B,0xC0,0x3B,0xC0,0x3B,0xC0,0x73,0xC0,
    0x7F,0xF0,0x7F,0xF0,0x7F,0xF0,0x03,0xC0,0x03,0xC0,0x03,0xC0,0x03,0xC0,0x00,0x00,
    0x00,0x00,0x00,0x00,0x00,0x00,0x7F,0xC0,0x7F,0xC0,0x7F,0xC0,0x78,0x00,0x78,0x00,
    0x78,0x00,0x7F,0x80,0x7F,0xC0,0x7F,0xC0,0x79,0xE0,0x01,0xE0,0x01,0xE0,0x71,0xE0,
    0x79,0xE0,0x79,0xC0,0x7F,0xC0,0x3F,0xC0,0x1F,0x00,0x00,0x00,0x00,0x00,0x00,0x00,
    0x00,0x00,0x1F,0x80,0x3F,0xC0,0x7F,0xC0,0x79,0xE0,0x79,0xC0,0x78,0x00,0x78,0x00,
    0x7F,0x80,0x7F,0xC0,0x7B,0xC0,0x79,0xE0,0x79,0xE0,0x79,0xE0,0x79,0xE0,0x79,0xC0,
    0x3F,0xC0,0x3F,0x80,0x1F,0x00,0x00,0x00,0x00,0x00,0x00,0x00,0x00,0x00,0x7F,0x80,
    0x7F,0x80,0x7F,0x80,0x07,0x80,0x07,0x80,0x07,0x00,0x07,0x00,0x0F,0x00,0x0F,0x00,
    0x0E,0x00,0x0E,0x00,0x1E,0x00,0x1E,0x00,0x1C,0x00,0x1C,0x00,0x3C,0x00,0x3C,0x00,
    0x3C,0x00,0x00,0x00,0x00,0x00,0x00,0x00,0x00,0x00,0x1F,0x80,0x3F,0xC0,0x7F,0xC0,
    0x79,0xE0,0x79,0xE0,0x79,0xE0,0x7B,0xC0,0x3F,0xC0,0x3F,0x80,0x7F,0xC0,0x79,0xC0,
    0x79,0xE0,0x79,0xE0,0x79,0xE0,0x79,0xC0,0x7F,0xC0,0x3F,0x80,0x1F,0x00,0x00,0x00,
    0x00,0x00,0x00,0x00,0x00,0x00,0x1F,0x00,0x3F,0xC0,0x7F,0xC0,0x79,0xC0,0x79,0xE0,
    0x79,0xE0,0x79,0xE0,0x79,0xE0,0x7F,0xE0,0x3F,0xE0,0x1F,0xE0,0x01,0xE0,0x01,0xE0,
    0x79,0xE0,0x79,0xC0,0x3F,0xC0,0x3F,0xC0,0x1F,0x00,0x00,0x00,0x00,0x00,0x00,0x00,
    0x00,0x00,0x00,0x00,0x00,0x00,0x00,0x78,0x78,0x78,0x00,0x00,0x00,0x00,0x00,0x78,
    0x78,0x78,0x00,0x00,0x00,0x00,0x00,0x00,0x00,0x00,0x00,0x00,0x00,0x78,0x78,0x78,
    0x00,0x00,0x00,0x00,0x00,0x00,0x00,0x78,0x78,0x78,0x18,0x30,0x70,0x00,0x00,0x00,
    0x00,0x00,0x00,0x00,0x00,0x00,0x01,0x00,0x07,0x00,0x1F,0x00,0x7E,0x00,0x78,0x00,
    0x7C,0x00,0x7F,0x00,0x1F,0x00,0x07,0x00,0x01,0x00,0x00,0x00,0x00,0x00,0x00,0x00,
    0x00,0x00,0x00,0x00,0x00,0x00,0x00,0x00,0x00,0x00,0x00,0x00,0x00,0x00,0x00,0x00,
    0x00,0x00,0x00,0x00,0x7F,0x00,0x7F,0x00,0x7F,0x00,0x00,0x00,0x7F,0x00,0x7F,0x00,
    0x7F,0x00,0x00,0x00,0x00,0x00,0x00,0x00,0x00,0x00,0x00,0x00,0x00,0x00,0x00,0x00,
    0x00,0x00,0x00,0x00,0x00,0x00,0x00,0x00,0x00,0x00,0x00,0x00,0x00,0x00,0x40,0x00,
    0x70,0x00,0x7C,0x00,0x3F,0x00,0x0F,0x00,0x1F,0x00,0x7F,0x00,0x7C,0x00,0x70,0x00,
    0x40,0x00,0x00,0x00,0x00,0x00,0x00,0x00,0x00,0x00,0x00,0x00,0x00,0x00,0x00,0x00,
    0x00,0x00,0x1F,0x00,0x3F,0x80,0x7F,0xC0,0x7B,0xC0,0x7B,0xC0,0x7B,0xC0,0x03,0xC0,
    0x03,0xC0,0x07,0x80,0x0F,0x00,0x1F,0x00,0x1E,0x00,0x1E,0x00,0x1C,0x00,0x00,0x00,
    0x1E,0x00,0x1E,0x00,0x1E,0x00,0x00,0x00,0x00,0x00,0x00,0x00,0x00,0x00,0x00,0x7F,
    0x00,0x01,0xFF,0xC0,0x07,0xFF,0xE0,0x0F,0x00,0xF0,0x0E,0x00,0x70,0x1C,0x7F,0x38,
    0x1C,0xFF,0x38,0x39,0xFF,0x38,0x39,0xC7,0x38,0x3B,0xC7,0x38,0x3B,0xCF,0x38,0x33,
    0xCE,0x38,0x33,0xCE,0x30,0x3B,0xFE,0x70,0x39,0xFF,0xE0,0x38,0xE7,0xC0,0x1C,0x00,
    0x00,0x1E,0x00,0x00,0x0F,0x87,0x00,0x07,0xFF,0x00,0x01,0xFF,0x00,0x00,0x00,0x00,
    0x0F,0x80,0x1F,0x80,0x1F,0x80,0x1F,0x80,0x1F,0x80,0x1F,0x80,0x3F,0xC0,0x3F,0xC0,
    0x3F,0xC0,0x3D,0xC0,0x39,0xC0,0x39,0xE0,0x7F,0xE0,0x7F,0xE0,0x79,0xE0,0x79,0xE0,
    0x78,0xE0,0xF0,0xF0,0x00,0x00,0x00,0x00,0x00,0x00,0x00,0x00,0x7F,0x80,0x7F,0xE0,
    0x7F,0xE0,0x78,0xF0,0x78,0xF0,0x78,0xF0,0x78,0xE0,0x7F,0xE0,0x7F,0xC0,0x7F,0xE0,
    0x79,0xE0,0x78,0xF0,0x78,0xF0,0x78,0xF0,0x78,0xE0,0x7F,0xE0,0x7F,0xE0,0x7F,0x80,
    0x00,0x00,0x00,0x00,0x00,0x00,0x00,0x00,0x1F,0x80,0x3F,0xE0,0x7F,0xE0,0x78,0xF0,
    0x78,0xF0,0x78,0xF0,0x78,0x00,0x78,0x00,0x78,0x00,0x78,0x00,0x78,0x00,0x78,0xF0,
    0x78,0xF0,0x78,0xF0,0x78,0xE0,0x7F,0xE0,0x3F,0xE0,0x1F,0x80,0x00,0x00,0x00,0x00,
    0x00,0x00,0x00,0x00,0x7F,0x00,0x7F,0xC0,0x7F,0xC0,0x79,0xC0,0x79,0xE0,0x79,0xE0,
    0x79,0xE0,0x79,0xE0,0x79,0xE0,0x79,0xE0,0x79,0xE0,0x79,0xE0,0x79,0xE0,0x79,0xE0,
    0x79,0xC0,0x7F,0xC0,0x7F,0xC0,0x7F,0x00,0x00,0x00,0x00,0x00,0x00,0x00,0x00,0x00,
    0x7F,0x80,0x7F,0x80,0x7F,0x80,0x78,0x00,0x78,0x00,0x78,0x00,0x78,0x00,0x7F,0x00,
    0x7F,0x00,0x7F,0x00,0x78,0x00,0x78,0x00,0x78,0x00,0x78,0x00,0x78,0x00,0x7F,0x80,
    0x7F,0x80,0x7F,0x80,0x00,0x00,0x00,0x00,0x00,0x00,0x00,0x00,0x7F,0x80,0x7F,0x80,
    0x7F,0x00,0x78,0x00,0x78,0x00,0x78,0x00,0x78,0x00,0x7F,0x00,0x7F,0x00,0x7F,0x00,
    0x78,0x00,0x78,0x00,0x78,0x00,0x78,0x00,0x78,0x00,0x78,0x00,0x78,0x00,0x78,0x00,
    0x00,0x00,0x00,0x00,0x00,0x00,0x00,0x00,0x1F,0x80,0x3F,0xE0,0x3F,0xE0,0x78,0xF0,
    0x78,0xF0,0x78,0xF0,0x78,0x00,0x78,0x00,0x79,0xE0,0x7B,0xF0,0x7B,0xF0,0x78,0xF0,
    0x78,0xF0,0x78,0xF0,0x78,0xF0,0x7F,0xF0,0x3F,0xF0,0x1F,0x70,0x00,0x00,0x00,0x00,
    0x00,0x00,0x00,0x00,0x78,0xF0,0x78,0xF0,0x78,0xF0,0x78,0xF0,0x78,0xF0,0x78,0xF0,
    0x78,0xF0,0x7F,0xF0,0x7F,0xF0,0x7F,0xF0,0x78,0xF0,0x78,0xF0,0x78,0xF0,0x78,0xF0,
    0x78,0xF0,0x78,0xF0,0x78,0xF0,0x78,0xF0,0x00,0x00,0x00,0x00,0x00,0x00,0x00,0x00,
    0x78,0x78,0x78,0x78,0x78,0x78,0x78,0x78,0x78,0x78,0x78,0x78,0x78,0x78,0x78,0x78,
    0x78,0x78,0x00,0x00,0x00,0x00,0x1E,0x1E,0x1E,0x1E,0x1E,0x1E,0x1E,0x1E,0x1E,0x1E,
    0x1E,0x1E,0x1E,0x1E,0x1E,0x7C,0x7C,0x78,0x00,0x00,0x00,0x00,0x79,0xE0,0x79,0xE0,
    0x7B,0xC0,0x7B,0xC0,0x7B,0xC0,0x7F,0x80,0x7F,0x80,0x7F,0x00,0x7F,0x00,0x7F,0x80,
    0x7F,0x80,0x7F,0x80,0x7B,0xC0,0x7B,0xC0,0x7B,0xC0,0x79,0xE0,0x79,0xE0,0x79,0xE0,
    0x00,0x00,0x00,0x00,0x00,0x00,0x00,0x00,0x78,0x00,0x78,0x00,0x78,0x00,0x78,0x00,
    0x78,0x00,0x78,0x00,0x78,0x00,0x78,0x00,0x78,0x00,0x78,0x00,0x78,0x00,0x78,0x00,
    0x78,0x00,0x78,0x00,0x78,0x00,0x7F,0x80,0x7F,0x80,0x7F,0x80,0x00,0x00,0x00,0x00,
    0x00,0x00,0x00,0x00,0x7C,0x7C,0x7C,0x7C,0x7C,0x7C,0x7C,0x7C,0x7C,0x7C,0x7E,0xFC,
    0x7E,0xFC,0x7E,0xFC,0x7E,0xFC,0x7F,0xDC,0x77,0xDC,0x77,0xDC,0x77,0xDC,0x77,0xDC,
    0x77,0xDC,0x73,0x9C,0x73,0x9C,0x73,0x9C,0x00,0x00,0x00,0x00,0x00,0x00,0x00,0x00,
    0x71,0xE0,0x79,0xE0,0x79,0xE0,0x79,0xE0,0x7D,0xE0,0x7D,0xE0,0x7F,0xE0,0x7F,0xE0,
    0x7F,0xE0,0x7F,0xE0,0x7F,0xE0,0x7F,0xE0,0x7B,0xE0,0x7B,0xE0,0x79,0xE0,0x79,0xE0,
    0x79,0xE0,0x78,0xE0,0x00,0x00,0x00,0x00,0x00,0x00,0x00,0x00,0x1F,0x80,0x3F,0xC0,
    0x7F,0xE0,0x78,0xE0,0x78,0xF0,0x78,0xF0,0x78,0xF0,0x78,0xF0,0x78,0xF0,0x78,0xF0,
    0x78,0xF0,0x78,0xF0,0x78,0xF0,0x78,0xF0,0x78,0xE0,0x7F,0xE0,0x3F,0xC0,0x1F,0x80,
    0x00,0x00,0x00,0x00,0x00,0x00,0x00,0x00,0x7F,0x80,0x7F,0xE0,0x7F,0xE0,0x78,0xF0,
    0x78,0xF0,0x78,0xF0,0x78,0xF0,0x79,0xE0,0x7F,0xE0,0x7F,0xC0,0x7E,0x00,0x78,0x00,
    0x78,0x00,0x78,0x00,0x78,0x00,0x78,0x00,0x78,0x00,0x78,0x00,0x00,0x00,0x00,0x00,
    0x00,0x00,0x00,0x00,0x1F,0x80,0x3F,0xC0,0x7F,0xE0,0x78,0xE0,0x78,0xF0,0x78,0xF0,
    0x78,0xF0,0x78,0xF0,0x78,0xF0,0x78,0xF0,0x78,0xF0,0x78,0xF0,0x78,0xF0,0x78,0xF0,
    0x78,0xE0,0x7F,0xE0,0x3F,0xE0,0x1F,0xC0,0x01,0xE0,0x00,0xE0,0x00,0x60,0x00,0x00,
    0x7F,0xC0,0x7F,0xE0,0x7F,0xF0,0x78,0xF0,0x78,0xF0,0x78,0xF0,0x78,0xF0,0x7F,0xF0,
    0x7F,0xE0,0x7F,0xC0,0x7B,0xC0,0x7B,0xE0,0x79,0xE0,0x79,0xE0,0x79,0xE0,0x79,0xF0,
    0x78,0xF0,0x78,0xF0,0x00,0x00,0x00,0x00,0x00,0x00,0x00,0x00,0x1F,0x80,0x3F,0xC0,
    0x7F,0xC0,0x79,0xE0,0x79,0xE0,0x78,0x00,0x7C,0x00,0x3E,0x00,0x3F,0x00,0x1F,0x80,
    0x0F,0xC0,0x03,0xC0,0x3B,0xE0,0x79,0xE0,0x79,0xE0,0x7F,0xC0,0x3F,0xC0,0x1F,0x00,
    0x00,0x00,0x00,0x00,0x00,0x00,0x00,0x00,0x7F,0xC0,0x7F,0xC0,0x7F,0xC0,0x0F,0x00,
    0x0F,0x00,0x0F,0x00,0x0F,0x00,0x0F,0x00,0x0F,0x00,0x0F,0x00,0x0F,0x00,0x0F,0x00,
    0x0F,0x00,0x0F,0x00,0x0F,0x00,0x0F,0x00,0x0F,0x00,0x0F,0x00,0x00,0x00,0x00,0x00,
    0x00,0x00,0x00,0x00,0x78,0xF0,0x78,0xF0,0x78,0xF0,0x78,0xF0,0x78,0xF0,0x78,0xF0,
    0x78,0xF0,0x78,0xF0,0x78,0xF0,0x78,0xF0,0x78,0xF0,0x78,0xF0,0x78,0xF0,0x78,0xF0,
    0x79,0xE0,0x7F,0xE0,0x3F,0xE0,0x1F,0x80,0x00,0x00,0x00,0x00,0x00,0x00,0x00,0x00,
    0xF1,0xE0,0x71,0xE0,0x71,0xE0,0x79,0xE0,0x79,0xC0,0x79,0xC0,0x3B,0xC0,0x3B,0xC0,
    0x3B,0xC0,0x3B,0xC0,0x3F,0x80,0x3F,0x80,0x1F,0x80,0x1F,0x80,0x1F,0x80,0x1F,0x00,
    0x1F,0x00,0x1F,0x00,0x00,0x00,0x00,0x00,0x00,0x00,0x00,0x00,0x73,0x9E,0x73,0x9E,
    0x73,0x9E,0x73,0xDC,0x7B,0xDC,0x7B,0xDC,0x7F,0xDC,0x7F,0xDC,0x7F,0xFC,0x3E,0xFC,
    0x3E,0xFC,0x3E,0xF8,0x3E,0xF8,0x3E,0xF8,0x3E,0x78,0x3E,0x78,0x3E,0x78,0x1C,0x78,
    0x00,0x00,0x00,0x00,0x00,0x00,0x00,0x00,0xF1,0xE0,0x79,0xC0,0x79,0xC0,0x3F,0xC0,
    0x3F,0x80,0x3F,0x80,0x1F,0x80,0x1F,0x00,0x1F,0x00,0x1F,0x00,0x1F,0x00,0x3F,0x80,
    0x3F,0x80,0x3B,0xC0,0x7B,0xC0,0x73,0xC0,0x71,0xE0,0xF1,0xE0,0x00,0x00,0x00,0x00,
    0x00,0x00,0x00,0x00,0x79,0xE0,0x79,0xE0,0x79,0xC0,0x3B,0xC0,0x3F,0xC0,0x3F,0x80,
    0x1F,0x80,0x1F,0x80,0x1F,0x00,0x0F,0x00,0x0F,0x00,0x0F,0x00,0x0F,0x00,0x0F,0x00,
    0x0F,0x00,0x0F,0x00,0x0F,0x00,0x0F,0x00,0x00,0x00,0x00,0x00,0x00,0x00,0x00,0x00,
    0x7F,0x80,0x7F,0x80,0x7F,0x80,0x07,0x80,0x0F,0x00,0x0F,0x00,0x0F,0x00,0x0E,0x00,
    0x1E,0x00,0x1E,0x00,0x1C,0x00,0x3C,0x00,0x3C,0x00,0x38,0x00,0x78,0x00,0x7F,0x80,
    0x7F,0x80,0x7F,0x80,0x00,0x00,0x00,0x00,0x00,0x00,0x00,0x00,0x7E,0x70,0x70,0x70,
    0x70,0x70,0x70,0x70,0x70,0x70,0x70,0x70,0x70,0x70,0x70,0x70,0x70,0x70,0x70,0x70,
    0x70,0x7E,0x60,0x00,0x60,0x00,0x30,0x00,0x30,0x00,0x30,0x00,0x38,0x00,0x18,0x00,
    0x18,0x00,0x1C,0x00,0x0C,0x00,0x0C,0x00,0x0C,0x00,0x06,0x00,0x06,0x00,0x06,0x00,
    0x03,0x00,0x03,0x00,0x03,0x00,0x00,0x00,0x00,0x00,0x00,0x00,0x00,0x00,0xFC,0x1C,
    0x1C,0x1C,0x1C,0x1C,0x1C,0x1C,0x1C,0x1C,0x1C,0x1C,0x1C,0x1C,0x1C,0x1C,0x1C,0x1C,
    0x1C,0x1C,0x1C,0xFC,0x1E,0x00,0x1F,0x00,0x3F,0x00,0x3F,0x00,0x3B,0x80,0x73,0x80,
    0x73,0xC0,0x00,0x00,0x00,0x00,0x00,0x00,0x00,0x00,0x00,0x00,0x00,0x00,0x00,0x00,
    0x00,0x00,0x00,0x00,0x00,0x00,0x00,0x00,0x00,0x00,0x00,0x00,0x00,0x00,0x00,0x00,
    0x00,0x00,0x00,0x00,0x00,0x00,0x00,0x00,0x00,0x00,0x00,0x00,0x00,0x00,0x00,0x00,
    0x00,0x00,0x00,0xFF,0xFF,0xFF,0x00,0x78,0x38,0x3C,0x1C,0x00,0x00,0x00,0x00,0x00,
    0x00,0x00,0x00,0x00,0x00,0x00,0x00,0x00,0x00,0x00,0x00,0x00,0x00,0x00,0x00,0x00,
    0x00,0x00,0x00,0x00,0x00,0x00,0x1F,0x00,0x3F,0x80,0x7F,0x80,0x7B,0xC0,0x03,0xC0,
    0x0F,0xC0,0x3F,0xC0,0x3B,0xC0,0x7B,0xC0,0x7B,0xC0,0x7F,0xC0,0x7F,0xC0,0x3B,0xC0,
    0x00,0x00,0x00,0x00,0x00,0x00,0x00,0x00,0x78,0x00,0x78,0x00,0x78,0x00,0x78,0x00,
    0x78,0x00,0x7F,0x80,0x7F,0xC0,0x7B,0xC0,0x7B,0xC0,0x7B,0xC0,0x7B,0xC0,0x7B,0xC0,
    0x7B,0xC0,0x7B,0xC0,0x7B,0xC0,0x7B,0xC0,0x7F,0xC0,0x7F,0x80,0x00,0x00,0x00,0x00,
    0x00,0x00,0x00,0x00,0x00,0x00,0x00,0x00,0x00,0x00,0x00,0x00,0x00,0x00,0x1F,0x00,
    0x3F,0x80,0x7F,0x80,0x7B,0xC0,0x7B,0xC0,0x78,0x00,0x78,0x00,0x78,0x00,0x7B,0xC0,
    0x7B,0xC0,0x7F,0x80,0x3F,0x80,0x1F,0x00,0x00,0x00,0x00,0x00,0x00,0x00,0x00,0x00,
    0x03,0xC0,0x03,0xC0,0x03,0xC0,0x03,0xC0,0x03,0xC0,0x3F,0xC0,0x7F,0xC0,0x7B,0xC0,
    0x7B,0xC0,0x7B,0xC0,0x7B,0xC0,0x7B,0xC0,0x7B,0xC0,0x7B,0xC0,0x7B,0xC0,0x7B,0xC0,
    0x7F,0xC0,0x3F,0xC0,0x00,0x00,0x00,0x00,0x00,0x00,0x00,0x00,0x00,0x00,0x00,0x00,
    0x00,0x00,0x00,0x00,0x00,0x00,0x1F,0x00,0x3F,0x80,0x7F,0x80,0x7B,0xC0,0x7B,0xC0,
    0x7F,0xC0,0x7F,0xC0,0x78,0x00,0x7B,0xC0,0x7B,0xC0,0x7F,0x80,0x3F,0x80,0x1F,0x00,
    0x00,0x00,0x00,0x00,0x00,0x00,0x00,0x00,0x1E,0x1E,0x3E,0x3C,0x3C,0x7E,0x7E,0x7E,
    0x3C,0x3C,0x3C,0x3C,0x3C,0x3C,0x3C,0x3C,0x3C,0x3C,0x00,0x00,0x00,0x00,0x00,0x00,
    0x00,0x00,0x00,0x00,0x00,0x00,0x00,0x00,0x1F,0xE0,0x3F,0xE0,0x3F,0xC0,0x79,0xE0,
    0x79,0xE0,0x79,0xE0,0x3F,0xC0,0x3F,0x80,0x30,0x00,0x7E,0x00,0x7F,0xC0,0x3F,0xE0,
    0x3F,0xE0,0x70,0xE0,0x7F,0xE0,0x7F,0xC0,0x3F,0x80,0x78,0x00,0x78,0x00,0x78,0x00,
    0x78,0x00,0x78,0x00,0x7F,0x80,0x7F,0xC0,0x7F,0xC0,0x7B,0xC0,0x7B,0xC0,0x7B,0xC0,
    0x7B,0xC0,0x7B,0xC0,0x7B,0xC0,0x7B,0xC0,0x7B,0xC0,0x7B,0xC0,0x7B,0xC0,0x00,0x00,
    0x00,0x00,0x00,0x00,0x00,0x00,0x78,0x78,0x70,0x00,0x00,0x78,0x78,0x78,0x78,0x78,
    0x78,0x78,0x78,0x78,0x78,0x78,0x78,0x78,0x00,0x00,0x00,0x00,0x78,0x78,0x70,0x00,
    0x00,0x78,0x78,0x78,0x78,0x78,0x78,0x78,0x78,0x78,0x78,0x78,0x78,0x78,0x78,0xF8,
    0xF0,0xE0,0x78,0x00,0x78,0x00,0x78,0x00,0x78,0x00,0x78,0x00,0x79,0xE0,0x7B,0xC0,
    0x7B,0xC0,0x7F,0x80,0x7F,0x80,0x7F,0x00,0x7F,0x80,0x7F,0x80,0x7B,0x80,0x7B,0xC0,
    0x7B,0xC0,0x79,0xE0,0x79,0xE0,0x00,0x00,0x00,0x00,0x00,0x00,0x00,0x00,0x78,0x78,
    0x78,0x78,0x78,0x78,0x78,0x78,0x78,0x78,0x78,0x78,0x78,0x78,0x78,0x78,0x78,0x78,
    0x00,0x00,0x00,0x00,0x00,0x00,0x00,0x00,0x00,0x00,0x00,0x00,0x00,0x00,0x00,0x00,
    0x00,0x00,0x00,0x7F,0x9E,0x00,0x7F,0xFE,0x00,0x7B,0xFF,0x00,0x7B,0xCF,0x00,0x7B,
    0xCF,0x00,0x7B,0xCF,0x00,0x7B,0xCF,0x00,0x7B,0xCF,0x00,0x7B,0xCF,0x00,0x7B,0xCF,
    0x00,0x7B,0xCF,0x00,0x7B,0xCF,0x00,0x7B,0xCF,0x00,0x00,0x00,0x00,0x00,0x00,0x00,
    0x00,0x00,0x00,0x00,0x00,0x00,0x00,0x00,0x00,0x00,0x00,0x00,0x00,0x00,0x00,0x00,
    0x7B,0x80,0x7F,0xC0,0x7F,0xC0,0x7B,0xC0,0x7B,0xC0,0x7B,0xC0,0x7B,0xC0,0x7B,0xC0,
    0x7B,0xC0,0x7B,0xC0,0x7B,0xC0,0x7B,0xC0,0x7B,0xC0,0x00,0x00,0x00,0x00,0x00,0x00,
    0x00,0x00,0x00,0x00,0x00,0x00,0x00,0x00,0x00,0x00,0x00,0x00,0x1F,0x00,0x3F,0x80,
    0x7F,0xC0,0x7B,0xC0,0x7B,0xC0,0x7B,0xC0,0x7B,0xC0,0x7B,0xC0,0x7B,0xC0,0x7B,0xC0,
    0x7F,0xC0,0x3F,0x80,0x1F,0x00,0x00,0x00,0x00,0x00,0x00,0x00,0x00,0x00,0x00,0x00,
    0x00,0x00,0x00,0x00,0x00,0x00,0x00,0x00,0x7F,0x80,0x7F,0xC0,0x7B,0xC0,0x7B,0xC0,
    0x7B,0xC0,0x7B,0xC0,0x7B,0xC0,0x7B,0xC0,0x7B,0xC0,0x7B,0xC0,0x7B,0xC0,0x7F,0xC0,
    0x7F,0x80,0x78,0x00,0x78,0x00,0x78,0x00,0x78,0x00,0x00,0x00,0x00,0x00,0x00,0x00,
    0x00,0x00,0x00,0x00,0x3F,0xC0,0x7F,0xC0,0x7B,0xC0,0x7B,0xC0,0x7B,0xC0,0x7B,0xC0,
    0x7B,0xC0,0x7B,0xC0,0x7B,0xC0,0x7B,0xC0,0x7B,0xC0,0x7F,0xC0,0x3F,0xC0,0x03,0xC0,
    0x03,0xC0,0x03,0xC0,0x03,0xC0,0x00,0x00,0x00,0x00,0x00,0x7B,0x7F,0x7F,0x7C,0x78,
    0x78,0x78,0x78,0x78,0x78,0x78,0x78,0x78,0x00,0x00,0x00,0x00,0x00,0x00,0x00,0x00,
    0x00,0x00,0x00,0x00,0x00,0x00,0x1E,0x00,0x3F,0x80,0x7F,0x80,0x7B,0x80,0x7C,0x00,
    0x3E,0x00,0x3F,0x00,0x0F,0x80,0x07,0x80,0x73,0x80,0x7F,0x80,0x3F,0x80,0x1F,0x00,
    0x00,0x00,0x00,0x00,0x00,0x00,0x00,0x00,0x00,0x3C,0x3C,0x3C,0x3C,0x7F,0x7F,0x7F,
    0x3C,0x3C,0x3C,0x3C,0x3C,0x3C,0x3C,0x3F,0x1F,0x0F,0x00,0x00,0x00,0x00,0x00,0x00,
    0x00,0x00,0x00,0x00,0x00,0x00,0x00,0x00,0x7B,0xC0,0x7B,0xC0,0x7B,0xC0,0x7B,0xC0,
    0x7B,0xC0,0x7B,0xC0,0x7B,0xC0,0x7B,0xC0,0x7B,0xC0,0x7B,0xC0,0x7F,0xC0,0x7F,0xC0,
    0x3B,0xC0,0x00,0x00,0x00,0x00,0x00,0x00,0x00,0x00,0x00,0x00,0x00,0x00,0x00,0x00,
    0x00,0x00,0x00,0x00,0xF7,0x80,0xF7,0x80,0x77,0x80,0x77,0x80,0x77,0x00,0x77,0x00,
    0x7F,0x00,0x3F,0x00,0x3F,0x00,0x3E,0x00,0x3E,0x00,0x3E,0x00,0x1E,0x00,0x00,0x00,
    0x00,0x00,0x00,0x00,0x00,0x00,0x00,0x00,0x00,0x00,0x00,0x00,0x00,0x00,0x00,0x00,
    0xF7,0x38,0x77,0x38,0x77,0x70,0x77,0x70,0x77,0xF0,0x7F,0xF0,0x7F,0xF0,0x7F,0xF0,
    0x3D,0xF0,0x3D,0xE0,0x3D,0xE0,0x3D,0xE0,0x3C,0xE0,0x00,0x00,0x00,0x00,0x00,0x00,
    0x00,0x00,0x00,0x00,0x00,0x00,0x00,0x00,0x00,0x00,0x00,0x00,0xF3,0x80,0x7B,0x80,
    0x7F,0x00,0x3F,0x00,0x3F,0x00,0x1E,0x00,0x1E,0x00,0x3E,0x00,0x3F,0x00,0x7F,0x00,
    0x77,0x80,0x77,0x80,0xF3,0xC0,0x00,0x00,0x00,0x00,0x00,0x00,0x00,0x00,0x00,0x00,
    0x00,0x00,0x00,0x00,0x00,0x00,0x00,0x00,0xE3,0x80,0xE7,0x80,0xF7,0x80,0xF7,0x00,
    0x77,0x00,0x77,0x00,0x7F,0x00,0x7F,0x00,0x3E,0x00,0x3E,0x00,0x3E,0x00,0x1E,0x00,
    0x1E,0x00,0x1C,0x00,0x7C,0x00,0x78,0x00,0x70,0x00,0x00,0x00,0x00,0x00,0x00,0x00,
    0x00,0x00,0x00,0x00,0x7F,0x00,0x7F,0x00,0x7F,0x00,0x0E,0x00,0x1E,0x00,0x1E,0x00,
    0x1C,0x00,0x3C,0x00,0x38,0x00,0x78,0x00,0x7F,0x00,0x7F,0x00,0x7F,0x00,0x00,0x00,
    0x00,0x00,0x00,0x00,0x00,0x00,0x0F,0x1F,0x1F,0x1E,0x1E,0x1E,0x1E,0x1E,0x1E,0x3C,
    0x78,0x7C,0x1C,0x1E,0x1E,0x1E,0x1E,0x1E,0x1E,0x1F,0x1F,0x0F,0x78,0x78,0x78,0x78,
    0x78,0x78,0x78,0x78,0x78,0x78,0x78,0x78,0x78,0x78,0x78,0x78,0x78,0x78,0x78,0x78,
    0x78,0x78,0x78,0x7C,0x7E,0x1E,0x1E,0x1E,0x1E,0x1E,0x1E,0x1E,0x0F,0x0F,0x1E,0x1E,
    0x1E,0x1E,0x1E,0x1E,0x1E,0x7C,0x7C,0x78,0x00,0x00,0x00,0x00,0x00,0x00,0x00,0x00,
    0x00,0x00,0x00,0x00,0x00,0x00,0x38,0x80,0x7F,0xC0,0x7F,0xC0,0x03,0x80,0x00,0x00,
    0x00,0x00,0x00,0x00,0x00,0x00,0x00,0x00,0x00,0x00,0x00,0x00,0x00,0x00,0x00,0x00,
    0x00,0x00,0x00,0x00,
];

/// Draw a string using a proportional bitmap font.
/// Returns the total width drawn (for centering calculations).
pub fn draw_prop_text<D: DrawTarget<Color = Rgb565>>(
    display: &mut D,
    text: &str,
    x: i32,
    y: i32, // baseline y position
    color: Rgb565,
    widths: &[u8],
    offsets: &[u16],
    data: &[u8],
    height: u8,
    ascent: u8,
    first_char: u8,
    last_char: u8,
) -> i32 {
    let mut cx = x;
    let top_y = y - ascent as i32;

    for &ch in text.as_bytes().iter().take(256) {
        if ch < first_char || ch > last_char {
            cx = cx.saturating_add((height / 3) as i32); // space for unknown chars
            continue;
        }
        let idx = (ch - first_char) as usize;
        let Some(&width) = widths.get(idx) else {
            cx = cx.saturating_add((height / 3) as i32);
            continue;
        };
        let Some(&offset) = offsets.get(idx) else {
            cx = cx.saturating_add((height / 3) as i32);
            continue;
        };
        let cw = width as usize;
        let offset = offset as usize;
        let row_bytes = (cw + 7) / 8;

        // Submit one row-major pixel iterator per glyph. mipidsi's DrawTarget
        // batches contiguous pixels inside a draw_iter call; calling draw_iter
        // once per lit pixel defeats that batching and can turn text-heavy
        // screens into thousands of tiny SPI transactions.
        let pixels = (0..height as usize).flat_map(|row| {
            (0..cw).filter_map(move |col| {
                let byte_off = offset + row * row_bytes + col / 8;
                let byte_val = data.get(byte_off).copied().unwrap_or(0);
                let mask = 0x80 >> (col % 8);
                (byte_val & mask != 0).then_some(embedded_graphics::Pixel(
                    Point::new(cx + col as i32, top_y + row as i32),
                    color,
                ))
            })
        });
        let _ = display.draw_iter(pixels);
        cx = cx.saturating_add((cw as i32).saturating_add(1)); // +1 pixel letter spacing
    }
    cx.saturating_sub(x)
}

/// Draw proportional text with an OPAQUE background — each glyph cell is filled
/// with `bg` color and the glyph pixels are overlaid with `fg` in a single
/// `fill_contiguous` SPI burst per character.
///
/// This is the flicker-free variant of `draw_prop_text`. Because every pixel in
/// each glyph's bounding rect transitions directly from the previous frame's
/// color to the new frame's color (never going through a "cleared" state),
/// the caller does NOT need to pre-clear the text area. Overdrawing produces
/// no visible flash.
///
/// Each glyph is written as one row-major pixel stream of (width + spacing)
/// × height pixels: `fg` where the font bitmap has a 1 bit, `bg` elsewhere.
pub fn draw_prop_text_opaque<D: DrawTarget<Color = Rgb565>>(
    display: &mut D,
    text: &str,
    x: i32,
    y: i32, // baseline y position
    fg: Rgb565,
    bg: Rgb565,
    widths: &[u8],
    offsets: &[u16],
    data: &[u8],
    height: u8,
    ascent: u8,
    first_char: u8,
    last_char: u8,
) -> i32 {
    use embedded_graphics::primitives::Rectangle;
    let mut cx = x;
    let top_y = y - ascent as i32;

    for &ch in text.as_bytes().iter().take(256) {
        if ch < first_char || ch > last_char {
            // Unknown char — fill the space with BG so nothing stale shows through
            let gap = (height / 3) as i32;
            if gap > 0 {
                let area = Rectangle::new(
                    Point::new(cx, top_y),
                    Size::new(gap as u32, height as u32),
                );
                let _ = display.fill_contiguous(
                    &area,
                    core::iter::repeat_n(bg, (gap as usize) * (height as usize)),
                );
            }
            cx = cx.saturating_add(gap);
            continue;
        }
        let idx = (ch - first_char) as usize;
        let Some(&width) = widths.get(idx) else {
            cx = cx.saturating_add((height / 3) as i32);
            continue;
        };
        let Some(&offset) = offsets.get(idx) else {
            cx = cx.saturating_add((height / 3) as i32);
            continue;
        };
        let cw = width as usize;
        let offset = offset as usize;
        let row_bytes = (cw + 7) / 8;

        // Include the one-pixel inter-glyph spacing in the same contiguous
        // cell transfer. That keeps opaque text to exactly one display submit
        // per character while also erasing stale pixels in the spacing column.
        let cell_width = cw.saturating_add(1);
        let area = Rectangle::new(
            Point::new(cx, top_y),
            Size::new(cell_width as u32, height as u32),
        );
        let data_ref = data;
        let pixel_iter = (0..(height as usize)).flat_map(move |row| {
            (0..cell_width).map(move |col| {
                if col == cw {
                    return bg;
                }
                let bi = col / 8;
                let bit = (col % 8) as u8;
                let byte_off = offset + row * row_bytes + bi;
                data_ref.get(byte_off).copied().map_or(bg, |byte_val| {
                    if byte_val & (0x80 >> bit) != 0 { fg } else { bg }
                })
            })
        });
        let _ = display.fill_contiguous(&area, pixel_iter);
        cx = cx.saturating_add(cell_width as i32);
    }
    cx.saturating_sub(x)
}

/// Measure text width without drawing
pub fn measure_prop_text(
    text: &str,
    widths: &[u8],
    first_char: u8,
    last_char: u8,
    height: u8,
) -> i32 {
    // UI measurement must never panic.  Font metadata is generated, but a
    // malformed table or unexpectedly large label should degrade to a bounded
    // width rather than taking down the signer while rendering navigation.
    let fallback = (height / 3) as i32;
    let mut w: i32 = 0;
    for &ch in text.as_bytes().iter().take(256) {
        let advance = if ch < first_char || ch > last_char {
            fallback
        } else {
            widths
                .get((ch - first_char) as usize)
                .copied()
                .map_or(fallback, |width| (width as i32).saturating_add(1))
        };
        w = w.saturating_add(advance);
    }
    if w > 0 { w.saturating_sub(1) } else { 0 } // remove trailing spacing
}


// ═══════════════════════════════════════════════════════════════
// LATO_22: DejaVu Sans Regular ~22px (clean input text)
// ═══════════════════════════════════════════════════════════════

/// DejaVu Sans Regular ~22px (keyboard input text — clean, non-bold)
pub const LATO_22_HEIGHT: u8 = 24;
pub const LATO_22_ASCENT: u8 = 19;
pub const LATO_22_FIRST: u8 = 32;
pub const LATO_22_LAST: u8 = 126;
pub const LATO_22_WIDTHS: [u8; 95] = [
    6,8,9,16,12,19,15,5,7,7,10,16,6,7,6,6,
    12,12,12,12,12,12,12,12,12,12,6,6,16,16,16,10,
    20,13,13,13,15,12,11,15,15,5,5,13,11,17,14,15,
    12,15,13,12,12,14,13,19,13,12,13,7,6,7,16,10,
    10,12,12,11,12,12,7,12,12,5,5,11,5,19,12,12,
    12,12,8,10,7,12,11,16,11,11,10,12,6,12,16,
];
pub const LATO_22_OFFSETS: [u16; 95] = [
    0,24,48,96,144,192,264,312,
    336,360,384,432,480,504,528,552,
    576,624,672,720,768,816,864,912,
    960,1008,1056,1080,1104,1152,1200,1248,
    1296,1368,1416,1464,1512,1560,1608,1656,
    1704,1752,1776,1800,1848,1896,1968,2016,
    2064,2112,2160,2208,2256,2304,2352,2400,
    2472,2520,2568,2616,2640,2664,2688,2736,
    2784,2832,2880,2928,2976,3024,3072,3096,
    3144,3192,3216,3240,3288,3312,3384,3432,
    3480,3528,3576,3600,3648,3672,3720,3768,
    3816,3864,3912,3960,4008,4032,4080,
];
pub const LATO_22_DATA: [u8; 4128] = [
    0x00,0x00,0x00,0x00,0x00,0x00,0x00,0x00,0x00,0x00,0x00,0x00,0x00,0x00,0x00,0x00,
    0x00,0x00,0x00,0x00,0x00,0x00,0x00,0x00,0x00,0x00,0x00,0x00,0x18,0x18,0x18,0x18,
    0x18,0x18,0x18,0x18,0x18,0x18,0x18,0x00,0x00,0x18,0x18,0x00,0x00,0x00,0x00,0x00,
    0x00,0x00,0x00,0x00,0x00,0x00,0x00,0x00,0x32,0x00,0x32,0x00,0x32,0x00,0x32,0x00,
    0x32,0x00,0x00,0x00,0x00,0x00,0x00,0x00,0x00,0x00,0x00,0x00,0x00,0x00,0x00,0x00,
    0x00,0x00,0x00,0x00,0x00,0x00,0x00,0x00,0x00,0x00,0x00,0x00,0x00,0x00,0x00,0x00,
    0x00,0x00,0x00,0x00,0x00,0x00,0x00,0x00,0x01,0x98,0x01,0x18,0x03,0x18,0x03,0x10,
    0x1f,0xfe,0x1f,0xfe,0x02,0x30,0x06,0x30,0x06,0x60,0x7f,0xfc,0x7f,0xfc,0x0c,0x60,
    0x0c,0x40,0x0c,0xc0,0x08,0xc0,0x00,0x00,0x00,0x00,0x00,0x00,0x00,0x00,0x00,0x00,
    0x00,0x00,0x00,0x00,0x00,0x00,0x00,0x00,0x02,0x00,0x02,0x00,0x0f,0x80,0x3f,0xc0,
    0x32,0x40,0x32,0x00,0x32,0x00,0x3e,0x00,0x1f,0x80,0x03,0xe0,0x02,0x60,0x02,0x60,
    0x22,0xe0,0x3f,0xc0,0x1f,0x80,0x02,0x00,0x02,0x00,0x02,0x00,0x00,0x00,0x00,0x00,
    0x00,0x00,0x00,0x00,0x00,0x00,0x00,0x00,0x00,0x00,0x00,0x00,0x1c,0x06,0x00,0x36,
    0x0c,0x00,0x63,0x08,0x00,0x63,0x18,0x00,0x63,0x30,0x00,0x63,0x30,0x00,0x36,0x60,
    0x00,0x1c,0x47,0x00,0x00,0xcd,0x80,0x01,0x98,0xc0,0x01,0x98,0xc0,0x03,0x18,0xc0,
    0x02,0x18,0xc0,0x06,0x0d,0x80,0x0c,0x07,0x00,0x00,0x00,0x00,0x00,0x00,0x00,0x00,
    0x00,0x00,0x00,0x00,0x00,0x00,0x00,0x00,0x00,0x00,0x00,0x00,0x00,0x00,0x00,0x00,
    0x07,0x80,0x1f,0xc0,0x1c,0x40,0x18,0x00,0x18,0x00,0x1c,0x00,0x1e,0x00,0x37,0x0c,
    0x33,0x8c,0x61,0xcc,0x60,0xf8,0x70,0x38,0x38,0x78,0x3f,0xfc,0x0f,0x8e,0x00,0x00,
    0x00,0x00,0x00,0x00,0x00,0x00,0x00,0x00,0x00,0x00,0x00,0x00,0x30,0x30,0x30,0x30,
    0x30,0x00,0x00,0x00,0x00,0x00,0x00,0x00,0x00,0x00,0x00,0x00,0x00,0x00,0x00,0x00,
    0x00,0x00,0x00,0x00,0x0c,0x0c,0x18,0x18,0x30,0x30,0x30,0x30,0x30,0x30,0x30,0x30,
    0x30,0x30,0x18,0x18,0x0c,0x0c,0x00,0x00,0x00,0x00,0x00,0x00,0x30,0x30,0x18,0x18,
    0x18,0x0c,0x0c,0x0c,0x0c,0x0c,0x0c,0x0c,0x0c,0x18,0x18,0x18,0x30,0x30,0x00,0x00,
    0x00,0x00,0x00,0x00,0x00,0x00,0x00,0x00,0x0c,0x00,0x0c,0x00,0x4c,0x80,0x7f,0x80,
    0x1e,0x00,0x1e,0x00,0x7f,0x80,0x4c,0x80,0x0c,0x00,0x0c,0x00,0x00,0x00,0x00,0x00,
    0x00,0x00,0x00,0x00,0x00,0x00,0x00,0x00,0x00,0x00,0x00,0x00,0x00,0x00,0x00,0x00,
    0x00,0x00,0x00,0x00,0x00,0x00,0x00,0x00,0x00,0x00,0x00,0x00,0x00,0x00,0x01,0x80,
    0x01,0x80,0x01,0x80,0x01,0x80,0x01,0x80,0x3f,0xfe,0x3f,0xfe,0x01,0x80,0x01,0x80,
    0x01,0x80,0x01,0x80,0x01,0x80,0x00,0x00,0x00,0x00,0x00,0x00,0x00,0x00,0x00,0x00,
    0x00,0x00,0x00,0x00,0x00,0x00,0x00,0x00,0x00,0x00,0x00,0x00,0x00,0x00,0x00,0x00,
    0x00,0x38,0x30,0x30,0x30,0x20,0x00,0x00,0x00,0x00,0x00,0x00,0x00,0x00,0x00,0x00,
    0x00,0x00,0x00,0x00,0x7c,0x7c,0x00,0x00,0x00,0x00,0x00,0x00,0x00,0x00,0x00,0x00,
    0x00,0x00,0x00,0x00,0x00,0x00,0x00,0x00,0x00,0x00,0x00,0x00,0x00,0x00,0x00,0x00,
    0x00,0x30,0x30,0x00,0x00,0x00,0x00,0x00,0x00,0x00,0x00,0x00,0x04,0x0c,0x0c,0x0c,
    0x08,0x18,0x18,0x10,0x30,0x30,0x30,0x60,0x60,0x60,0xc0,0xc0,0x00,0x00,0x00,0x00,
    0x00,0x00,0x00,0x00,0x00,0x00,0x00,0x00,0x0f,0x80,0x1f,0xc0,0x38,0xe0,0x30,0x60,
    0x70,0x60,0x70,0x60,0x60,0x60,0x60,0x60,0x60,0x60,0x70,0x60,0x70,0x60,0x30,0x60,
    0x38,0xe0,0x1f,0xc0,0x0f,0x80,0x00,0x00,0x00,0x00,0x00,0x00,0x00,0x00,0x00,0x00,
    0x00,0x00,0x00,0x00,0x00,0x00,0x00,0x00,0x0f,0x00,0x3f,0x00,0x33,0x00,0x03,0x00,
    0x03,0x00,0x03,0x00,0x03,0x00,0x03,0x00,0x03,0x00,0x03,0x00,0x03,0x00,0x03,0x00,
    0x03,0x00,0x3f,0xe0,0x3f,0xe0,0x00,0x00,0x00,0x00,0x00,0x00,0x00,0x00,0x00,0x00,
    0x00,0x00,0x00,0x00,0x00,0x00,0x00,0x00,0x1f,0x00,0x7f,0xc0,0x61,0xc0,0x00,0xe0,
    0x00,0x60,0x00,0xc0,0x00,0xc0,0x01,0x80,0x03,0x00,0x06,0x00,0x0c,0x00,0x18,0x00,
    0x30,0x00,0x7f,0xe0,0x7f,0xe0,0x00,0x00,0x00,0x00,0x00,0x00,0x00,0x00,0x00,0x00,
    0x00,0x00,0x00,0x00,0x00,0x00,0x00,0x00,0x1f,0x80,0x3f,0xc0,0x30,0xe0,0x00,0x60,
    0x00,0x60,0x00,0xc0,0x0f,0x80,0x0f,0xc0,0x00,0xe0,0x00,0x60,0x00,0x60,0x00,0x60,
    0x60,0xe0,0x7f,0xc0,0x1f,0x80,0x00,0x00,0x00,0x00,0x00,0x00,0x00,0x00,0x00,0x00,
    0x00,0x00,0x00,0x00,0x00,0x00,0x00,0x00,0x01,0xc0,0x03,0xc0,0x07,0xc0,0x07,0xc0,
    0x0d,0xc0,0x09,0xc0,0x19,0xc0,0x31,0xc0,0x31,0xc0,0x61,0xc0,0x7f,0xf0,0x7f,0xf0,
    0x01,0xc0,0x01,0xc0,0x01,0xc0,0x00,0x00,0x00,0x00,0x00,0x00,0x00,0x00,0x00,0x00,
    0x00,0x00,0x00,0x00,0x00,0x00,0x00,0x00,0x3f,0xc0,0x3f,0xc0,0x30,0x00,0x30,0x00,
    0x30,0x00,0x3f,0x00,0x3f,0xc0,0x21,0xc0,0x00,0xe0,0x00,0x60,0x00,0x60,0x00,0xe0,
    0x61,0xe0,0x7f,0xc0,0x1f,0x00,0x00,0x00,0x00,0x00,0x00,0x00,0x00,0x00,0x00,0x00,
    0x00,0x00,0x00,0x00,0x00,0x00,0x00,0x00,0x07,0xc0,0x1f,0xe0,0x1c,0x60,0x38,0x00,
    0x30,0x00,0x70,0x00,0x77,0x80,0x7f,0xe0,0x78,0xe0,0x70,0x60,0x30,0x70,0x30,0x60,
    0x38,0xe0,0x1f,0xc0,0x0f,0x80,0x00,0x00,0x00,0x00,0x00,0x00,0x00,0x00,0x00,0x00,
    0x00,0x00,0x00,0x00,0x00,0x00,0x00,0x00,0x3f,0xe0,0x3f,0xe0,0x00,0xe0,0x00,0xc0,
    0x00,0xc0,0x01,0x80,0x01,0x80,0x03,0x80,0x03,0x00,0x03,0x00,0x07,0x00,0x06,0x00,
    0x06,0x00,0x0c,0x00,0x0c,0x00,0x00,0x00,0x00,0x00,0x00,0x00,0x00,0x00,0x00,0x00,
    0x00,0x00,0x00,0x00,0x00,0x00,0x00,0x00,0x0f,0x80,0x3f,0xc0,0x38,0xe0,0x30,0x60,
    0x30,0x60,0x38,0xe0,0x1f,0xc0,0x1f,0xc0,0x38,0xe0,0x70,0x60,0x60,0x60,0x70,0x60,
    0x38,0xe0,0x3f,0xc0,0x0f,0x80,0x00,0x00,0x00,0x00,0x00,0x00,0x00,0x00,0x00,0x00,
    0x00,0x00,0x00,0x00,0x00,0x00,0x00,0x00,0x0f,0x80,0x3f,0xc0,0x38,0xc0,0x70,0x60,
    0x60,0x60,0x70,0x60,0x38,0xe0,0x3f,0xe0,0x1f,0x60,0x00,0x60,0x00,0x60,0x00,0xe0,
    0x21,0xc0,0x3f,0x80,0x1f,0x00,0x00,0x00,0x00,0x00,0x00,0x00,0x00,0x00,0x00,0x00,
    0x00,0x00,0x00,0x00,0x00,0x00,0x00,0x00,0x00,0x38,0x38,0x00,0x00,0x00,0x00,0x00,
    0x00,0x38,0x38,0x00,0x00,0x00,0x00,0x00,0x00,0x00,0x00,0x00,0x00,0x00,0x00,0x00,
    0x00,0x38,0x38,0x00,0x00,0x00,0x00,0x00,0x00,0x38,0x30,0x30,0x30,0x20,0x00,0x00,
    0x00,0x00,0x00,0x00,0x00,0x00,0x00,0x00,0x00,0x00,0x00,0x00,0x00,0x00,0x00,0x06,
    0x00,0x3e,0x00,0xf8,0x07,0xc0,0x3f,0x00,0x38,0x00,0x3f,0x00,0x07,0xc0,0x00,0xf8,
    0x00,0x3e,0x00,0x06,0x00,0x00,0x00,0x00,0x00,0x00,0x00,0x00,0x00,0x00,0x00,0x00,
    0x00,0x00,0x00,0x00,0x00,0x00,0x00,0x00,0x00,0x00,0x00,0x00,0x00,0x00,0x00,0x00,
    0x00,0x00,0x00,0x00,0x3f,0xfe,0x3f,0xfe,0x00,0x00,0x00,0x00,0x3f,0xfe,0x3f,0xfe,
    0x00,0x00,0x00,0x00,0x00,0x00,0x00,0x00,0x00,0x00,0x00,0x00,0x00,0x00,0x00,0x00,
    0x00,0x00,0x00,0x00,0x00,0x00,0x00,0x00,0x00,0x00,0x00,0x00,0x00,0x00,0x30,0x00,
    0x3c,0x00,0x0f,0x80,0x03,0xf0,0x00,0x7c,0x00,0x1e,0x00,0x7c,0x03,0xf0,0x0f,0x80,
    0x3c,0x00,0x30,0x00,0x00,0x00,0x00,0x00,0x00,0x00,0x00,0x00,0x00,0x00,0x00,0x00,
    0x00,0x00,0x00,0x00,0x00,0x00,0x00,0x00,0x3f,0x00,0x7f,0x80,0x63,0x80,0x01,0x80,
    0x01,0x80,0x03,0x80,0x07,0x00,0x06,0x00,0x0c,0x00,0x0c,0x00,0x0c,0x00,0x0c,0x00,
    0x00,0x00,0x0c,0x00,0x0c,0x00,0x00,0x00,0x00,0x00,0x00,0x00,0x00,0x00,0x00,0x00,
    0x00,0x00,0x00,0x00,0x00,0x00,0x00,0x00,0x00,0x00,0x00,0x00,0x00,0x00,0x00,0x01,
    0xf8,0x00,0x07,0xfe,0x00,0x0f,0x07,0x80,0x1c,0x01,0x80,0x38,0x00,0xc0,0x30,0xe4,
    0x40,0x21,0xfc,0x60,0x63,0x0c,0x60,0x63,0x0c,0x60,0x63,0x0c,0xc0,0x63,0x0d,0xc0,
    0x21,0xff,0x80,0x30,0xe7,0x00,0x38,0x00,0x00,0x1c,0x02,0x00,0x0f,0x0e,0x00,0x07,
    0xfc,0x00,0x01,0xf8,0x00,0x00,0x00,0x00,0x00,0x00,0x00,0x00,0x00,0x00,0x00,0x00,
    0x07,0x00,0x07,0x80,0x07,0x80,0x0d,0x80,0x0c,0xc0,0x0c,0xc0,0x18,0xc0,0x18,0x60,
    0x38,0x60,0x30,0x70,0x3f,0xf0,0x7f,0xf0,0x60,0x38,0x60,0x18,0xe0,0x18,0x00,0x00,
    0x00,0x00,0x00,0x00,0x00,0x00,0x00,0x00,0x00,0x00,0x00,0x00,0x00,0x00,0x00,0x00,
    0x3f,0xc0,0x3f,0xe0,0x30,0x70,0x30,0x30,0x30,0x30,0x30,0x60,0x3f,0xc0,0x3f,0xe0,
    0x30,0x70,0x30,0x30,0x30,0x30,0x30,0x30,0x30,0x70,0x3f,0xe0,0x3f,0xc0,0x00,0x00,
    0x00,0x00,0x00,0x00,0x00,0x00,0x00,0x00,0x00,0x00,0x00,0x00,0x00,0x00,0x00,0x00,
    0x07,0xf0,0x0f,0xf8,0x1c,0x18,0x38,0x00,0x70,0x00,0x70,0x00,0x60,0x00,0x60,0x00,
    0x60,0x00,0x70,0x00,0x70,0x00,0x38,0x00,0x1c,0x18,0x1f,0xf8,0x07,0xf0,0x00,0x00,
    0x00,0x00,0x00,0x00,0x00,0x00,0x00,0x00,0x00,0x00,0x00,0x00,0x00,0x00,0x00,0x00,
    0x3f,0xc0,0x3f,0xf0,0x30,0x78,0x30,0x1c,0x30,0x1c,0x30,0x0c,0x30,0x0c,0x30,0x0c,
    0x30,0x0c,0x30,0x0c,0x30,0x1c,0x30,0x1c,0x30,0x78,0x3f,0xf0,0x3f,0xc0,0x00,0x00,
    0x00,0x00,0x00,0x00,0x00,0x00,0x00,0x00,0x00,0x00,0x00,0x00,0x00,0x00,0x00,0x00,
    0x3f,0xe0,0x3f,0xe0,0x30,0x00,0x30,0x00,0x30,0x00,0x30,0x00,0x3f,0xe0,0x3f,0xe0,
    0x30,0x00,0x30,0x00,0x30,0x00,0x30,0x00,0x30,0x00,0x3f,0xe0,0x3f,0xe0,0x00,0x00,
    0x00,0x00,0x00,0x00,0x00,0x00,0x00,0x00,0x00,0x00,0x00,0x00,0x00,0x00,0x00,0x00,
    0x3f,0xc0,0x3f,0xc0,0x30,0x00,0x30,0x00,0x30,0x00,0x30,0x00,0x3f,0xc0,0x3f,0xc0,
    0x30,0x00,0x30,0x00,0x30,0x00,0x30,0x00,0x30,0x00,0x30,0x00,0x30,0x00,0x00,0x00,
    0x00,0x00,0x00,0x00,0x00,0x00,0x00,0x00,0x00,0x00,0x00,0x00,0x00,0x00,0x00,0x00,
    0x07,0xf0,0x0f,0xfc,0x1c,0x0c,0x38,0x00,0x70,0x00,0x70,0x00,0x60,0x00,0x60,0x7c,
    0x60,0x7c,0x70,0x0c,0x70,0x0c,0x38,0x0c,0x1c,0x1c,0x1f,0xf8,0x07,0xf0,0x00,0x00,
    0x00,0x00,0x00,0x00,0x00,0x00,0x00,0x00,0x00,0x00,0x00,0x00,0x00,0x00,0x00,0x00,
    0x30,0x18,0x30,0x18,0x30,0x18,0x30,0x18,0x30,0x18,0x30,0x18,0x3f,0xf8,0x3f,0xf8,
    0x30,0x18,0x30,0x18,0x30,0x18,0x30,0x18,0x30,0x18,0x30,0x18,0x30,0x18,0x00,0x00,
    0x00,0x00,0x00,0x00,0x00,0x00,0x00,0x00,0x00,0x00,0x00,0x00,0x30,0x30,0x30,0x30,
    0x30,0x30,0x30,0x30,0x30,0x30,0x30,0x30,0x30,0x30,0x30,0x00,0x00,0x00,0x00,0x00,
    0x00,0x00,0x00,0x00,0x30,0x30,0x30,0x30,0x30,0x30,0x30,0x30,0x30,0x30,0x30,0x30,
    0x30,0x30,0x30,0x30,0x70,0xe0,0xc0,0x00,0x00,0x00,0x00,0x00,0x00,0x00,0x00,0x00,
    0x30,0x38,0x30,0x70,0x30,0xe0,0x31,0xc0,0x33,0x00,0x36,0x00,0x3c,0x00,0x3c,0x00,
    0x36,0x00,0x37,0x00,0x33,0x80,0x31,0xc0,0x30,0xe0,0x30,0x70,0x30,0x38,0x00,0x00,
    0x00,0x00,0x00,0x00,0x00,0x00,0x00,0x00,0x00,0x00,0x00,0x00,0x00,0x00,0x00,0x00,
    0x30,0x00,0x30,0x00,0x30,0x00,0x30,0x00,0x30,0x00,0x30,0x00,0x30,0x00,0x30,0x00,
    0x30,0x00,0x30,0x00,0x30,0x00,0x30,0x00,0x30,0x00,0x3f,0xe0,0x3f,0xe0,0x00,0x00,
    0x00,0x00,0x00,0x00,0x00,0x00,0x00,0x00,0x00,0x00,0x00,0x00,0x00,0x00,0x00,0x00,
    0x00,0x00,0x00,0x00,0x38,0x0e,0x00,0x3c,0x0e,0x00,0x3c,0x1e,0x00,0x3c,0x1e,0x00,
    0x36,0x16,0x00,0x36,0x36,0x00,0x36,0x36,0x00,0x33,0x66,0x00,0x33,0x66,0x00,0x31,
    0xe6,0x00,0x31,0xc6,0x00,0x31,0xc6,0x00,0x30,0x06,0x00,0x30,0x06,0x00,0x30,0x06,
    0x00,0x00,0x00,0x00,0x00,0x00,0x00,0x00,0x00,0x00,0x00,0x00,0x00,0x00,0x00,0x00,
    0x00,0x00,0x00,0x00,0x00,0x00,0x00,0x00,0x38,0x18,0x3c,0x18,0x3c,0x18,0x3e,0x18,
    0x36,0x18,0x37,0x18,0x33,0x18,0x33,0x98,0x31,0x98,0x31,0xd8,0x30,0xd8,0x30,0xf8,
    0x30,0x78,0x30,0x78,0x30,0x38,0x00,0x00,0x00,0x00,0x00,0x00,0x00,0x00,0x00,0x00,
    0x00,0x00,0x00,0x00,0x00,0x00,0x00,0x00,0x07,0xe0,0x1f,0xf0,0x1c,0x38,0x38,0x1c,
    0x70,0x0c,0x70,0x0e,0x60,0x0e,0x60,0x0e,0x60,0x0e,0x70,0x0e,0x70,0x0c,0x38,0x1c,
    0x1c,0x38,0x1f,0xf0,0x07,0xe0,0x00,0x00,0x00,0x00,0x00,0x00,0x00,0x00,0x00,0x00,
    0x00,0x00,0x00,0x00,0x00,0x00,0x00,0x00,0x3f,0x80,0x3f,0xe0,0x30,0xe0,0x30,0x60,
    0x30,0x60,0x30,0x60,0x30,0xe0,0x3f,0xe0,0x3f,0x80,0x30,0x00,0x30,0x00,0x30,0x00,
    0x30,0x00,0x30,0x00,0x30,0x00,0x00,0x00,0x00,0x00,0x00,0x00,0x00,0x00,0x00,0x00,
    0x00,0x00,0x00,0x00,0x00,0x00,0x00,0x00,0x07,0xe0,0x1f,0xf0,0x1c,0x38,0x38,0x1c,
    0x70,0x0c,0x70,0x0e,0x60,0x0e,0x60,0x0e,0x60,0x0e,0x70,0x0e,0x70,0x0c,0x38,0x1c,
    0x1c,0x38,0x1f,0xf0,0x07,0xe0,0x00,0x70,0x00,0x30,0x00,0x38,0x00,0x00,0x00,0x00,
    0x00,0x00,0x00,0x00,0x00,0x00,0x00,0x00,0x3f,0xc0,0x3f,0xe0,0x30,0xe0,0x30,0x60,
    0x30,0x60,0x30,0xe0,0x3f,0xc0,0x3f,0xc0,0x30,0xc0,0x30,0x60,0x30,0x60,0x30,0x30,
    0x30,0x30,0x30,0x38,0x30,0x18,0x00,0x00,0x00,0x00,0x00,0x00,0x00,0x00,0x00,0x00,
    0x00,0x00,0x00,0x00,0x00,0x00,0x00,0x00,0x0f,0xc0,0x3f,0xe0,0x38,0x60,0x70,0x00,
    0x60,0x00,0x70,0x00,0x3e,0x00,0x1f,0xc0,0x01,0xe0,0x00,0x60,0x00,0x70,0x00,0x70,
    0x60,0xe0,0x7f,0xe0,0x1f,0x80,0x00,0x00,0x00,0x00,0x00,0x00,0x00,0x00,0x00,0x00,
    0x00,0x00,0x00,0x00,0x00,0x00,0x00,0x00,0xff,0xf0,0xff,0xf0,0x06,0x00,0x06,0x00,
    0x06,0x00,0x06,0x00,0x06,0x00,0x06,0x00,0x06,0x00,0x06,0x00,0x06,0x00,0x06,0x00,
    0x06,0x00,0x06,0x00,0x06,0x00,0x00,0x00,0x00,0x00,0x00,0x00,0x00,0x00,0x00,0x00,
    0x00,0x00,0x00,0x00,0x00,0x00,0x00,0x00,0x30,0x18,0x30,0x18,0x30,0x18,0x30,0x18,
    0x30,0x18,0x30,0x18,0x30,0x18,0x30,0x18,0x30,0x18,0x30,0x18,0x30,0x18,0x30,0x38,
    0x38,0x70,0x1f,0xf0,0x0f,0xc0,0x00,0x00,0x00,0x00,0x00,0x00,0x00,0x00,0x00,0x00,
    0x00,0x00,0x00,0x00,0x00,0x00,0x00,0x00,0xe0,0x18,0x60,0x18,0x60,0x38,0x70,0x30,
    0x30,0x30,0x30,0x70,0x38,0x60,0x18,0x60,0x18,0xc0,0x0c,0xc0,0x0c,0xc0,0x0f,0x80,
    0x07,0x80,0x07,0x80,0x07,0x00,0x00,0x00,0x00,0x00,0x00,0x00,0x00,0x00,0x00,0x00,
    0x00,0x00,0x00,0x00,0x00,0x00,0x00,0x00,0x00,0x00,0x00,0x00,0x60,0x60,0x60,0x60,
    0xe0,0x60,0x60,0xf0,0xe0,0x70,0xf0,0xc0,0x30,0xb0,0xc0,0x31,0x90,0xc0,0x31,0x99,
    0xc0,0x39,0x99,0x80,0x19,0x19,0x80,0x1b,0x09,0x80,0x1b,0x0f,0x80,0x1f,0x0f,0x00,
    0x0e,0x0f,0x00,0x0e,0x07,0x00,0x0e,0x07,0x00,0x00,0x00,0x00,0x00,0x00,0x00,0x00,
    0x00,0x00,0x00,0x00,0x00,0x00,0x00,0x00,0x00,0x00,0x00,0x00,0x00,0x00,0x00,0x00,
    0x70,0x38,0x30,0x30,0x18,0x60,0x1c,0xe0,0x0c,0xc0,0x07,0x80,0x07,0x80,0x03,0x00,
    0x07,0x80,0x0d,0xc0,0x0c,0xc0,0x18,0x60,0x30,0x70,0x70,0x30,0x60,0x18,0x00,0x00,
    0x00,0x00,0x00,0x00,0x00,0x00,0x00,0x00,0x00,0x00,0x00,0x00,0x00,0x00,0x00,0x00,
    0xe0,0x30,0x60,0x60,0x70,0xe0,0x30,0xc0,0x19,0x80,0x1f,0x80,0x0f,0x00,0x06,0x00,
    0x06,0x00,0x06,0x00,0x06,0x00,0x06,0x00,0x06,0x00,0x06,0x00,0x06,0x00,0x00,0x00,
    0x00,0x00,0x00,0x00,0x00,0x00,0x00,0x00,0x00,0x00,0x00,0x00,0x00,0x00,0x00,0x00,
    0x7f,0xf8,0x7f,0xf8,0x00,0x30,0x00,0x60,0x00,0xc0,0x01,0x80,0x03,0x80,0x03,0x00,
    0x06,0x00,0x0c,0x00,0x18,0x00,0x38,0x00,0x30,0x00,0x7f,0xf8,0x7f,0xf8,0x00,0x00,
    0x00,0x00,0x00,0x00,0x00,0x00,0x00,0x00,0x00,0x00,0x00,0x00,0x3c,0x3c,0x30,0x30,
    0x30,0x30,0x30,0x30,0x30,0x30,0x30,0x30,0x30,0x30,0x30,0x30,0x3c,0x3c,0x00,0x00,
    0x00,0x00,0x00,0x00,0xc0,0xc0,0x60,0x60,0x60,0x30,0x30,0x30,0x10,0x18,0x18,0x08,
    0x0c,0x0c,0x0c,0x04,0x00,0x00,0x00,0x00,0x00,0x00,0x00,0x00,0x3c,0x3c,0x0c,0x0c,
    0x0c,0x0c,0x0c,0x0c,0x0c,0x0c,0x0c,0x0c,0x0c,0x0c,0x0c,0x0c,0x3c,0x3c,0x00,0x00,
    0x00,0x00,0x00,0x00,0x00,0x00,0x00,0x00,0x01,0xc0,0x03,0xe0,0x06,0x30,0x0c,0x18,
    0x18,0x0c,0x00,0x00,0x00,0x00,0x00,0x00,0x00,0x00,0x00,0x00,0x00,0x00,0x00,0x00,
    0x00,0x00,0x00,0x00,0x00,0x00,0x00,0x00,0x00,0x00,0x00,0x00,0x00,0x00,0x00,0x00,
    0x00,0x00,0x00,0x00,0x00,0x00,0x00,0x00,0x00,0x00,0x00,0x00,0x00,0x00,0x00,0x00,
    0x00,0x00,0x00,0x00,0x00,0x00,0x00,0x00,0x00,0x00,0x00,0x00,0x00,0x00,0x00,0x00,
    0x00,0x00,0x00,0x00,0x00,0x00,0x00,0x00,0x00,0x00,0x00,0x00,0xff,0xc0,0xff,0xc0,
    0x00,0x00,0x00,0x00,0x00,0x00,0x30,0x00,0x18,0x00,0x08,0x00,0x0c,0x00,0x00,0x00,
    0x00,0x00,0x00,0x00,0x00,0x00,0x00,0x00,0x00,0x00,0x00,0x00,0x00,0x00,0x00,0x00,
    0x00,0x00,0x00,0x00,0x00,0x00,0x00,0x00,0x00,0x00,0x00,0x00,0x00,0x00,0x00,0x00,
    0x00,0x00,0x00,0x00,0x00,0x00,0x00,0x00,0x00,0x00,0x00,0x00,0x00,0x00,0x00,0x00,
    0x1f,0x00,0x3f,0xc0,0x20,0xc0,0x00,0xc0,0x1f,0xe0,0x3f,0xe0,0x70,0xe0,0x60,0xe0,
    0x71,0xe0,0x3f,0xe0,0x1e,0x60,0x00,0x00,0x00,0x00,0x00,0x00,0x00,0x00,0x00,0x00,
    0x00,0x00,0x00,0x00,0x00,0x00,0x00,0x00,0x30,0x00,0x30,0x00,0x30,0x00,0x30,0x00,
    0x37,0x80,0x3f,0xc0,0x38,0xe0,0x30,0x60,0x30,0x70,0x30,0x30,0x30,0x70,0x30,0x60,
    0x38,0xe0,0x3f,0xc0,0x37,0x80,0x00,0x00,0x00,0x00,0x00,0x00,0x00,0x00,0x00,0x00,
    0x00,0x00,0x00,0x00,0x00,0x00,0x00,0x00,0x00,0x00,0x00,0x00,0x00,0x00,0x00,0x00,
    0x0f,0x80,0x3f,0xc0,0x38,0xc0,0x70,0x00,0x60,0x00,0x60,0x00,0x60,0x00,0x70,0x00,
    0x38,0x40,0x3f,0xc0,0x0f,0x80,0x00,0x00,0x00,0x00,0x00,0x00,0x00,0x00,0x00,0x00,
    0x00,0x00,0x00,0x00,0x00,0x00,0x00,0x00,0x00,0x60,0x00,0x60,0x00,0x60,0x00,0x60,
    0x1f,0x60,0x3f,0xe0,0x39,0xe0,0x70,0xe0,0x60,0x60,0x60,0x60,0x60,0x60,0x70,0xe0,
    0x39,0xe0,0x3f,0xe0,0x1f,0x60,0x00,0x00,0x00,0x00,0x00,0x00,0x00,0x00,0x00,0x00,
    0x00,0x00,0x00,0x00,0x00,0x00,0x00,0x00,0x00,0x00,0x00,0x00,0x00,0x00,0x00,0x00,
    0x0f,0x80,0x3f,0xc0,0x30,0xe0,0x60,0x60,0x7f,0xe0,0x7f,0xe0,0x60,0x00,0x70,0x00,
    0x38,0x60,0x1f,0xe0,0x0f,0xc0,0x00,0x00,0x00,0x00,0x00,0x00,0x00,0x00,0x00,0x00,
    0x00,0x00,0x00,0x00,0x1e,0x1e,0x30,0x30,0xfe,0xfe,0x30,0x30,0x30,0x30,0x30,0x30,
    0x30,0x30,0x30,0x00,0x00,0x00,0x00,0x00,0x00,0x00,0x00,0x00,0x00,0x00,0x00,0x00,
    0x00,0x00,0x00,0x00,0x00,0x00,0x00,0x00,0x1f,0x60,0x3f,0xe0,0x39,0xe0,0x70,0xe0,
    0x60,0x60,0x60,0x60,0x60,0x60,0x70,0xe0,0x38,0xe0,0x3f,0xe0,0x1f,0x60,0x00,0x60,
    0x31,0xc0,0x3f,0xc0,0x1f,0x80,0x00,0x00,0x00,0x00,0x00,0x00,0x00,0x00,0x00,0x00,
    0x30,0x00,0x30,0x00,0x30,0x00,0x30,0x00,0x37,0x80,0x3f,0xc0,0x38,0xe0,0x30,0x60,
    0x30,0x60,0x30,0x60,0x30,0x60,0x30,0x60,0x30,0x60,0x30,0x60,0x30,0x60,0x00,0x00,
    0x00,0x00,0x00,0x00,0x00,0x00,0x00,0x00,0x00,0x00,0x00,0x00,0x30,0x30,0x00,0x00,
    0x30,0x30,0x30,0x30,0x30,0x30,0x30,0x30,0x30,0x30,0x30,0x00,0x00,0x00,0x00,0x00,
    0x00,0x00,0x00,0x00,0x30,0x30,0x00,0x00,0x30,0x30,0x30,0x30,0x30,0x30,0x30,0x30,
    0x30,0x30,0x30,0x30,0x70,0xe0,0xc0,0x00,0x00,0x00,0x00,0x00,0x00,0x00,0x00,0x00,
    0x30,0x00,0x30,0x00,0x30,0x00,0x30,0x00,0x30,0xe0,0x31,0xc0,0x33,0x80,0x36,0x00,
    0x3c,0x00,0x3c,0x00,0x3e,0x00,0x37,0x00,0x33,0x80,0x30,0xc0,0x30,0x60,0x00,0x00,
    0x00,0x00,0x00,0x00,0x00,0x00,0x00,0x00,0x00,0x00,0x00,0x00,0x30,0x30,0x30,0x30,
    0x30,0x30,0x30,0x30,0x30,0x30,0x30,0x30,0x30,0x30,0x30,0x00,0x00,0x00,0x00,0x00,
    0x00,0x00,0x00,0x00,0x00,0x00,0x00,0x00,0x00,0x00,0x00,0x00,0x00,0x00,0x00,0x00,
    0x00,0x00,0x00,0x00,0x00,0x00,0x00,0x00,0x37,0x8f,0x00,0x3f,0xdf,0x80,0x38,0xf1,
    0xc0,0x30,0x60,0xc0,0x30,0x60,0xc0,0x30,0x60,0xc0,0x30,0x60,0xc0,0x30,0x60,0xc0,
    0x30,0x60,0xc0,0x30,0x60,0xc0,0x30,0x60,0xc0,0x00,0x00,0x00,0x00,0x00,0x00,0x00,
    0x00,0x00,0x00,0x00,0x00,0x00,0x00,0x00,0x00,0x00,0x00,0x00,0x00,0x00,0x00,0x00,
    0x00,0x00,0x00,0x00,0x00,0x00,0x00,0x00,0x37,0x80,0x3f,0xc0,0x38,0xe0,0x30,0x60,
    0x30,0x60,0x30,0x60,0x30,0x60,0x30,0x60,0x30,0x60,0x30,0x60,0x30,0x60,0x00,0x00,
    0x00,0x00,0x00,0x00,0x00,0x00,0x00,0x00,0x00,0x00,0x00,0x00,0x00,0x00,0x00,0x00,
    0x00,0x00,0x00,0x00,0x00,0x00,0x00,0x00,0x0f,0x80,0x3f,0xc0,0x38,0xe0,0x70,0x60,
    0x60,0x60,0x60,0x60,0x60,0x60,0x70,0x60,0x38,0xe0,0x3f,0xc0,0x0f,0x80,0x00,0x00,
    0x00,0x00,0x00,0x00,0x00,0x00,0x00,0x00,0x00,0x00,0x00,0x00,0x00,0x00,0x00,0x00,
    0x00,0x00,0x00,0x00,0x00,0x00,0x00,0x00,0x37,0x80,0x3f,0xc0,0x38,0xe0,0x30,0x60,
    0x30,0x70,0x30,0x30,0x30,0x70,0x30,0x60,0x38,0xe0,0x3f,0xc0,0x37,0x80,0x30,0x00,
    0x30,0x00,0x30,0x00,0x30,0x00,0x00,0x00,0x00,0x00,0x00,0x00,0x00,0x00,0x00,0x00,
    0x00,0x00,0x00,0x00,0x00,0x00,0x00,0x00,0x1f,0x60,0x3f,0xe0,0x39,0xe0,0x70,0xe0,
    0x60,0x60,0x60,0x60,0x60,0x60,0x70,0xe0,0x39,0xe0,0x3f,0xe0,0x1f,0x60,0x00,0x60,
    0x00,0x60,0x00,0x60,0x00,0x60,0x00,0x00,0x00,0x00,0x00,0x00,0x00,0x00,0x00,0x00,
    0x37,0x3f,0x38,0x30,0x30,0x30,0x30,0x30,0x30,0x30,0x30,0x00,0x00,0x00,0x00,0x00,
    0x00,0x00,0x00,0x00,0x00,0x00,0x00,0x00,0x00,0x00,0x00,0x00,0x00,0x00,0x00,0x00,
    0x1f,0x00,0x3f,0x80,0x70,0x80,0x60,0x00,0x70,0x00,0x1f,0x00,0x03,0x80,0x01,0x80,
    0x61,0x80,0x7f,0x80,0x3f,0x00,0x00,0x00,0x00,0x00,0x00,0x00,0x00,0x00,0x00,0x00,
    0x00,0x00,0x00,0x00,0x00,0x30,0x30,0x30,0xfe,0xfe,0x30,0x30,0x30,0x30,0x30,0x30,
    0x30,0x3e,0x1e,0x00,0x00,0x00,0x00,0x00,0x00,0x00,0x00,0x00,0x00,0x00,0x00,0x00,
    0x00,0x00,0x00,0x00,0x00,0x00,0x00,0x00,0x30,0x60,0x30,0x60,0x30,0x60,0x30,0x60,
    0x30,0x60,0x30,0x60,0x30,0x60,0x30,0x60,0x38,0xe0,0x3f,0xe0,0x1f,0x60,0x00,0x00,
    0x00,0x00,0x00,0x00,0x00,0x00,0x00,0x00,0x00,0x00,0x00,0x00,0x00,0x00,0x00,0x00,
    0x00,0x00,0x00,0x00,0x00,0x00,0x00,0x00,0x60,0x60,0x60,0x60,0x70,0xc0,0x30,0xc0,
    0x30,0xc0,0x19,0x80,0x19,0x80,0x1b,0x80,0x0f,0x00,0x0f,0x00,0x0e,0x00,0x00,0x00,
    0x00,0x00,0x00,0x00,0x00,0x00,0x00,0x00,0x00,0x00,0x00,0x00,0x00,0x00,0x00,0x00,
    0x00,0x00,0x00,0x00,0x00,0x00,0x00,0x00,0x61,0x86,0x61,0xc6,0x63,0xc6,0x33,0xc6,
    0x33,0x6c,0x32,0x6c,0x36,0x6c,0x1e,0x3c,0x1e,0x38,0x1c,0x38,0x1c,0x38,0x00,0x00,
    0x00,0x00,0x00,0x00,0x00,0x00,0x00,0x00,0x00,0x00,0x00,0x00,0x00,0x00,0x00,0x00,
    0x00,0x00,0x00,0x00,0x00,0x00,0x00,0x00,0x70,0xe0,0x30,0xc0,0x19,0x80,0x1f,0x00,
    0x0f,0x00,0x0e,0x00,0x0f,0x00,0x1b,0x80,0x39,0x80,0x30,0xc0,0x60,0x60,0x00,0x00,
    0x00,0x00,0x00,0x00,0x00,0x00,0x00,0x00,0x00,0x00,0x00,0x00,0x00,0x00,0x00,0x00,
    0x00,0x00,0x00,0x00,0x00,0x00,0x00,0x00,0x60,0x60,0x60,0x60,0x30,0xc0,0x30,0xc0,
    0x31,0x80,0x19,0x80,0x19,0x80,0x0f,0x00,0x0f,0x00,0x0e,0x00,0x06,0x00,0x06,0x00,
    0x0c,0x00,0x7c,0x00,0x78,0x00,0x00,0x00,0x00,0x00,0x00,0x00,0x00,0x00,0x00,0x00,
    0x00,0x00,0x00,0x00,0x00,0x00,0x00,0x00,0x7f,0xc0,0x7f,0xc0,0x01,0x80,0x03,0x00,
    0x06,0x00,0x0c,0x00,0x18,0x00,0x10,0x00,0x20,0x00,0x7f,0xc0,0x7f,0xc0,0x00,0x00,
    0x00,0x00,0x00,0x00,0x00,0x00,0x00,0x00,0x00,0x00,0x00,0x00,0x00,0x00,0x00,0x00,
    0x01,0xc0,0x03,0xc0,0x03,0x00,0x06,0x00,0x06,0x00,0x06,0x00,0x06,0x00,0x06,0x00,
    0x3e,0x00,0x3e,0x00,0x06,0x00,0x06,0x00,0x06,0x00,0x06,0x00,0x06,0x00,0x03,0x00,
    0x03,0xc0,0x01,0xc0,0x00,0x00,0x00,0x00,0x00,0x00,0x00,0x00,0x30,0x30,0x30,0x30,
    0x30,0x30,0x30,0x30,0x30,0x30,0x30,0x30,0x30,0x30,0x30,0x30,0x30,0x30,0x30,0x30,
    0x00,0x00,0x00,0x00,0x00,0x00,0x00,0x00,0x3c,0x00,0x3e,0x00,0x06,0x00,0x06,0x00,
    0x06,0x00,0x06,0x00,0x06,0x00,0x07,0x00,0x03,0xc0,0x03,0xc0,0x07,0x00,0x06,0x00,
    0x06,0x00,0x06,0x00,0x06,0x00,0x06,0x00,0x3e,0x00,0x3c,0x00,0x00,0x00,0x00,0x00,
    0x00,0x00,0x00,0x00,0x00,0x00,0x00,0x00,0x00,0x00,0x00,0x00,0x00,0x00,0x00,0x00,
    0x00,0x00,0x00,0x00,0x00,0x00,0x1f,0x86,0x3f,0xfe,0x30,0xf8,0x00,0x00,0x00,0x00,
    0x00,0x00,0x00,0x00,0x00,0x00,0x00,0x00,0x00,0x00,0x00,0x00,0x00,0x00,0x00,0x00,
];
